0	18850	1.0
4	196463	1.0
5	69306	1.0
6	560251	1.0
6	188530	1.0
6	564488	1.0
7	411063	1.0
9	509122	1.0
9	184698	1.0
11	596427	1.0
12	192516	1.0
12	338700	1.0
12	158738	1.0
13	503678	1.0
14	398960	1.0
16	60590	1.0
19	315086	1.0
19	142623	1.0
20	447231	1.0
21	497642	1.0
23	550624	1.0
23	32102	1.0
25	107584	1.0
25	562777	1.0
27	537326	1.0
28	250640	1.0
30	551175	1.0
30	434082	1.0
30	336922	1.0
30	19233	1.0
31	156554	1.0
32	279480	1.0
32	69623	1.0
32	84645	1.0
33	519798	1.0
33	425387	1.0
35	498681	1.0
35	80913	1.0
36	275249	1.0
36	368649	1.0
37	523564	1.0
41	176229	1.0
43	76662	1.0
45	284610	1.0
45	261220	1.0
46	91325	1.0
47	133299	1.0
48	108062	1.0
48	401260	1.0
48	329810	1.0
48	512151	1.0
49	352927	1.0
51	107817	1.0
51	257168	1.0
51	75195	1.0
52	566417	1.0
52	125111	1.0
53	84077	1.0
53	562798	1.0
53	102362	1.0
53	323269	1.0
53	119308	1.0
53	184852	1.0
53	119210	1.0
53	176196	1.0
54	590775	1.0
54	109546	1.0
54	511651	1.0
57	203633	1.0
57	391403	1.0
57	77818	1.0
57	226530	1.0
59	71601	1.0
61	524134	1.0
62	34810	1.0
63	509617	1.0
64	391619	1.0
65	580624	1.0
65	109203	1.0
66	397608	1.0
66	540395	1.0
66	405412	1.0
67	370815	1.0
67	294864	1.0
67	18792	1.0
67	511571	1.0
69	378484	1.0
70	327002	1.0
71	372052	1.0
72	549870	1.0
72	302049	1.0
74	46680	1.0
75	297965	1.0
76	375357	1.0
78	152407	1.0
80	252473	1.0
81	451207	1.0
82	500708	1.0
83	534277	1.0
85	431230	1.0
86	71569	1.0
87	357938	1.0
87	537593	1.0
88	415946	1.0
91	523431	1.0
92	465787	1.0
93	292748	1.0
95	586355	1.0
96	328863	1.0
97	578529	1.0
97	77352	1.0
99	474248	1.0
99	193081	1.0
99	341413	1.0
99	136662	1.0
99	153679	1.0
102	494264	1.0
102	187073	1.0
105	41356	1.0
105	107564	1.0
107	276408	1.0
107	269646	1.0
108	396982	1.0
110	520386	1.0
110	220063	1.0
110	410128	1.0
110	459119	1.0
110	482165	1.0
110	397152	1.0
111	46092	1.0
112	153541	1.0
439	202630	1.0
442	92144	1.0
442	355592	1.0
443	194955	1.0
444	573518	1.0
444	175824	1.0
444	483282	1.0
444	479203	1.0
445	178942	1.0
446	450371	1.0
446	89506	1.0
447	297588	1.0
447	357079	1.0
448	378437	1.0
448	269987	1.0
449	130118	1.0
449	366146	1.0
449	526383	1.0
450	159709	1.0
450	347590	1.0
452	467704	1.0
453	592926	1.0
454	144927	1.0
454	295980	1.0
454	110387	1.0
454	201183	1.0
456	146995	1.0
456	168382	1.0
457	59686	1.0
457	276411	1.0
458	263485	1.0
458	218858	1.0
460	591357	1.0
460	556021	1.0
460	555097	1.0
461	237392	1.0
461	159156	1.0
461	101329	1.0
461	239459	1.0
461	502203	1.0
462	447167	1.0
462	393152	1.0
464	167494	1.0
465	446553	1.0
466	217218	1.0
467	344340	1.0
468	498927	1.0
468	536760	1.0
470	45078	1.0
471	158122	1.0
471	494625	1.0
472	337071	1.0
473	466037	1.0
474	430901	1.0
478	306280	1.0
478	525967	1.0
478	574948	1.0
479	541705	1.0
479	59819	1.0
480	331248	1.0
481	229990	1.0
481	523415	1.0
481	23221	1.0
481	219977	1.0
481	13013	1.0
481	248361	1.0
481	305097	1.0
482	349502	1.0
485	584521	1.0
485	445731	1.0
485	216540	1.0
486	244641	1.0
486	393204	1.0
486	286017	1.0
486	343196	1.0
487	399115	1.0
488	56803	1.0
488	420672	1.0
489	287019	1.0
490	281500	1.0
491	459740	1.0
491	184445	1.0
491	218967	1.0
491	152298	1.0
491	135219	1.0
493	269447	1.0
493	155634	1.0
494	324911	1.0
497	66356	1.0
497	70452	1.0
498	333954	1.0
498	227757	1.0
498	113776	1.0
499	346444	1.0
499	482332	1.0
499	316490	1.0
499	347637	1.0
500	165645	1.0
501	482464	1.0
502	498631	1.0
502	549435	1.0
502	181678	1.0
506	368008	1.0
506	285997	1.0
506	30959	1.0
506	431754	1.0
507	70156	1.0
507	119104	1.0
507	182758	1.0
508	362778	1.0
508	157233	1.0
508	580817	1.0
508	138065	1.0
509	377152	1.0
510	117145	1.0
510	591809	1.0
511	556661	1.0
512	362069	1.0
513	591694	1.0
513	405206	1.0
513	434788	1.0
517	587220	1.0
518	48840	1.0
518	596549	1.0
518	261856	1.0
518	86852	1.0
520	322171	1.0
521	129503	1.0
522	237785	1.0
523	338348	1.0
524	279149	1.0
524	439003	1.0
524	21325	1.0
524	395499	1.0
524	406340	1.0
525	399409	1.0
526	491553	1.0
527	437877	1.0
528	562957	1.0
531	460721	1.0
532	409230	1.0
533	123756	1.0
535	87113	1.0
536	493160	1.0
537	304034	1.0
538	503362	1.0
538	556233	1.0
538	371304	1.0
538	20943	1.0
539	25019	1.0
540	324921	1.0
540	274188	1.0
541	533825	1.0
542	390435	1.0
544	177908	1.0
544	177137	1.0
544	380071	1.0
545	512914	1.0
545	566553	1.0
545	454089	1.0
545	12560	1.0
545	534870	1.0
545	565453	1.0
545	57286	1.0
545	467594	1.0
545	555608	1.0
545	499269	1.0
545	91012	1.0
545	374372	1.0
545	101046	1.0
546	457701	1.0
550	417133	1.0
550	73032	1.0
550	463449	1.0
552	35093	1.0
552	305117	1.0
553	444273	1.0
554	6343	1.0
554	142876	1.0
555	101748	1.0
556	327078	1.0
557	454931	1.0
558	341220	1.0
558	295624	1.0
562	193367	1.0
563	104572	1.0
564	360629	1.0
565	485898	1.0
567	395907	1.0
567	187790	1.0
567	424468	1.0
567	494666	1.0
568	171988	1.0
569	339553	1.0
571	66034	1.0
571	259227	1.0
572	434351	1.0
573	243855	1.0
573	425817	1.0
574	78328	1.0
574	60082	1.0
575	540671	1.0
575	319836	1.0
576	97708	1.0
576	489827	1.0
577	303685	1.0
578	105103	1.0
578	74589	1.0
578	180065	1.0
579	143677	1.0
579	190606	1.0
581	595981	1.0
581	161162	1.0
581	587154	1.0
582	290687	1.0
583	116213	1.0
587	153443	1.0
587	131926	1.0
587	393361	1.0
587	112711	1.0
589	333616	1.0
590	163865	1.0
591	375423	1.0
591	385221	1.0
591	319965	1.0
592	108052	1.0
592	89503	1.0
593	419479	1.0
595	368165	1.0
596	460175	1.0
597	449387	1.0
598	97348	1.0
601	490176	1.0
602	355369	1.0
605	244856	1.0
606	201546	1.0
606	300749	1.0
606	153520	1.0
606	106265	1.0
606	399199	1.0
607	205556	1.0
608	7066	1.0
608	169008	1.0
608	236972	1.0
609	539511	1.0
609	119857	1.0
610	478781	1.0
613	379866	1.0
613	550420	1.0
614	172306	1.0
615	204288	1.0
617	409822	1.0
619	61798	1.0
621	37183	1.0
623	5224	1.0
624	131703	1.0
625	427808	1.0
625	388613	1.0
625	360946	1.0
625	275768	1.0
625	158006	1.0
626	339463	1.0
627	340661	1.0
628	3463	1.0
628	75965	1.0
628	577768	1.0
629	271772	1.0
630	444172	1.0
630	39724	1.0
630	226201	1.0
631	77618	1.0
632	568501	1.0
633	385929	1.0
634	374258	1.0
635	344928	1.0
637	181697	1.0
637	162684	1.0
637	156326	1.0
638	192366	1.0
639	78117	1.0
639	391841	1.0
640	100655	1.0
642	180696	1.0
642	493963	1.0
642	383889	1.0
642	539320	1.0
643	407540	1.0
643	73891	1.0
644	140977	1.0
644	201954	1.0
644	47957	1.0
645	137171	1.0
646	587689	1.0
646	307505	1.0
646	115553	1.0
646	196939	1.0
646	13217	1.0
648	513367	1.0
649	350365	1.0
651	275199	1.0
651	258077	1.0
651	533354	1.0
651	565909	1.0
652	55901	1.0
653	220682	1.0
653	429555	1.0
654	327903	1.0
655	575918	1.0
655	535234	1.0
658	589123	1.0
658	192332	1.0
661	422770	1.0
663	411542	1.0
663	346793	1.0
664	435405	1.0
666	483704	1.0
669	183500	1.0
670	55200	1.0
671	148208	1.0
671	277482	1.0
671	213373	1.0
673	487778	1.0
675	539317	1.0
676	353159	1.0
677	79552	1.0
679	324331	1.0
680	152027	1.0
682	582191	1.0
683	546329	1.0
685	453839	1.0
686	325865	1.0
690	57486	1.0
692	224688	1.0
693	518406	1.0
693	319729	1.0
693	136073	1.0
693	210789	1.0
693	535947	1.0
693	148194	1.0
694	248269	1.0
695	399848	1.0
696	112987	1.0
696	90572	1.0
697	166467	1.0
698	17661	1.0
698	30220	1.0
700	278718	1.0
700	354234	1.0
702	414454	1.0
702	31863	1.0
703	114418	1.0
704	208216	1.0
705	319234	1.0
706	583269	1.0
707	102266	1.0
708	128861	1.0
708	513362	1.0
708	338439	1.0
709	173986	1.0
712	212810	1.0
712	580479	1.0
712	527433	1.0
712	28356	1.0
712	97582	1.0
712	129965	1.0
712	273307	1.0
712	101358	1.0
714	597679	1.0
714	463328	1.0
716	477434	1.0
718	285185	1.0
718	280204	1.0
719	349445	1.0
720	140567	1.0
722	170933	1.0
722	370542	1.0
722	349348	1.0
722	515233	1.0
723	261016	1.0
723	561123	1.0
723	114643	1.0
724	178874	1.0
724	532839	1.0
724	289064	1.0
725	89941	1.0
725	55598	1.0
725	430005	1.0
726	228083	1.0
728	224259	1.0
728	97295	1.0
729	16670	1.0
729	121462	1.0
730	11311	1.0
730	575527	1.0
730	129473	1.0
730	587187	1.0
731	521411	1.0
731	569455	1.0
732	341508	1.0
732	447967	1.0
733	202776	1.0
734	77990	1.0
735	284121	1.0
736	396056	1.0
738	341119	1.0
738	424439	1.0
739	589957	1.0
739	20019	1.0
740	185999	1.0
741	190537	1.0
742	398044	1.0
742	124341	1.0
743	80742	1.0
743	82119	1.0
746	240066	1.0
747	319058	1.0
747	172997	1.0
747	571902	1.0
749	220853	1.0
751	298685	1.0
754	43967	1.0
754	580213	1.0
755	56642	1.0
757	298179	1.0
758	360440	1.0
758	63569	1.0
759	107136	1.0
760	203155	1.0
761	134941	1.0
762	131483	1.0
762	71338	1.0
763	32385	1.0
763	260045	1.0
764	200210	1.0
765	385301	1.0
767	590080	1.0
768	102698	1.0
769	413722	1.0
769	149258	1.0
770	266672	1.0
770	522040	1.0
770	444747	1.0
771	431438	1.0
771	558579	1.0
772	426713	1.0
773	157712	1.0
777	15070	1.0
778	234510	1.0
781	163348	1.0
781	40967	1.0
782	400497	1.0
782	353909	1.0
783	204554	1.0
784	229436	1.0
784	237760	1.0
784	203446	1.0
784	297841	1.0
784	334603	1.0
784	389516	1.0
785	474974	1.0
787	347151	1.0
787	559553	1.0
788	125827	1.0
788	469383	1.0
788	519353	1.0
788	52445	1.0
789	147358	1.0
790	199808	1.0
791	521070	1.0
792	482932	1.0
792	206267	1.0
792	502748	1.0
792	283490	1.0
792	201447	1.0
792	143844	1.0
792	453074	1.0
793	460608	1.0
793	580561	1.0
793	83238	1.0
793	19224	1.0
794	427338	1.0
794	242439	1.0
795	121832	1.0
797	89281	1.0
798	487196	1.0
799	594280	1.0
802	323898	1.0
803	287858	1.0
803	31242	1.0
804	48401	1.0
805	454184	1.0
807	277815	1.0
808	54147	1.0
808	93185	1.0
809	35530	1.0
809	22412	1.0
811	244853	1.0
811	377409	1.0
812	326129	1.0
812	229913	1.0
815	23047	1.0
816	596289	1.0
818	358175	1.0
819	589484	1.0
820	589692	1.0
821	44398	1.0
822	298424	1.0
823	497567	1.0
825	162501	1.0
825	470062	1.0
825	586944	1.0
825	368242	1.0
825	500903	1.0
826	546190	1.0
827	570131	1.0
828	210678	1.0
829	491295	1.0
829	308049	1.0
830	141111	1.0
831	27283	1.0
831	209789	1.0
832	255519	1.0
833	42157	1.0
834	390733	1.0
834	122112	1.0
835	469497	1.0
836	106145	1.0
836	88770	1.0
839	10591	1.0
839	335626	1.0
839	573767	1.0
839	567500	1.0
840	195447	1.0
842	454584	1.0
844	498198	1.0
844	64666	1.0
845	239617	1.0
845	372223	1.0
845	190929	1.0
845	556545	1.0
845	506306	1.0
845	251667	1.0
847	348787	1.0
850	218823	1.0
851	297241	1.0
854	125981	1.0
854	582185	1.0
854	170147	1.0
854	448431	1.0
857	196321	1.0
857	393314	1.0
860	77670	1.0
861	573935	1.0
861	280356	1.0
861	348927	1.0
861	429106	1.0
865	444749	1.0
866	195637	1.0
867	8570	1.0
867	305954	1.0
869	124856	1.0
870	385932	1.0
871	477716	1.0
871	135932	1.0
871	166863	1.0
871	371579	1.0
872	524879	1.0
873	311028	1.0
874	128752	1.0
874	581345	1.0
875	505473	1.0
876	176104	1.0
876	53352	1.0
877	336468	1.0
878	554141	1.0
881	87987	1.0
882	236122	1.0
883	65040	1.0
884	59023	1.0
884	103970	1.0
886	220887	1.0
887	68190	1.0
888	93205	1.0
892	177528	1.0
892	102375	1.0
893	492401	1.0
893	144563	1.0
894	263591	1.0
896	422436	1.0
896	164392	1.0
898	382838	1.0
899	148288	1.0
899	73505	1.0
899	397679	1.0
899	408043	1.0
900	432116	1.0
900	169978	1.0
900	190941	1.0
901	141235	1.0
902	458431	1.0
903	208124	1.0
905	464385	1.0
905	233702	1.0
905	442425	1.0
906	513248	1.0
907	556219	1.0
907	403663	1.0
908	599336	1.0
909	417981	1.0
910	327232	1.0
911	539958	1.0
912	363655	1.0
913	571062	1.0
914	132780	1.0
914	166977	1.0
915	550808	1.0
916	165025	1.0
917	379233	1.0
918	493312	1.0
919	72984	1.0
920	166245	1.0
922	353120	1.0
923	105707	1.0
923	80269	1.0
923	247709	1.0
923	267667	1.0
923	361126	1.0
923	317902	1.0
923	350332	1.0
923	503942	1.0
924	492456	1.0
925	470513	1.0
926	347109	1.0
927	444145	1.0
930	401111	1.0
930	502223	1.0
931	52250	1.0
931	26397	1.0
933	517345	1.0
934	249106	1.0
934	125288	1.0
934	251258	1.0
934	442293	1.0
935	140990	1.0
935	422938	1.0
937	295509	1.0
937	380165	1.0
938	599496	1.0
941	295203	1.0
941	456636	1.0
942	102002	1.0
943	351159	1.0
943	194159	1.0
943	365187	1.0
944	418630	1.0
947	194682	1.0
948	280788	1.0
948	297938	1.0
948	470066	1.0
949	226090	1.0
950	588345	1.0
950	264425	1.0
950	495417	1.0
951	428127	1.0
952	86262	1.0
953	383172	1.0
954	291847	1.0
954	282770	1.0
955	556558	1.0
956	453263	1.0
958	190135	1.0
958	389032	1.0
958	368587	1.0
958	279588	1.0
961	248629	1.0
962	502567	1.0
966	77488	1.0
966	15676	1.0
967	272940	1.0
968	490630	1.0
969	413534	1.0
969	297427	1.0
969	573821	1.0
970	26492	1.0
970	571097	1.0
971	527489	1.0
972	464280	1.0
972	58741	1.0
972	197846	1.0
973	68486	1.0
974	426076	1.0
974	466317	1.0
975	533613	1.0
975	292490	1.0
976	40312	1.0
977	37662	1.0
977	372051	1.0
977	361689	1.0
978	503034	1.0
978	122908	1.0
980	560776	1.0
981	323389	1.0
983	72375	1.0
984	67904	1.0
984	138985	1.0
984	377335	1.0
985	511240	1.0
985	505673	1.0
986	122030	1.0
987	296750	1.0
989	1642	1.0
991	485949	1.0
995	231719	1.0
995	63047	1.0
996	204541	1.0
1001	468733	1.0
1012	14609	1.0
1019	193396	1.0
1021	149669	1.0
1021	494815	1.0
1021	487861	1.0
1021	223103	1.0
1022	218498	1.0
1028	61768	1.0
1029	406561	1.0
1030	158058	1.0
1032	75762	1.0
1032	570046	1.0
1032	248235	1.0
1041	289833	1.0
1041	480992	1.0
1044	42558	1.0
1044	96008	1.0
1044	599003	1.0
1046	518526	1.0
1046	35557	1.0
1053	243949	1.0
1054	115197	1.0
1064	226102	1.0
1064	144181	1.0
1064	114886	1.0
1072	572396	1.0
1073	106684	1.0
1075	438392	1.0
1076	586455	1.0
1077	428730	1.0
1077	289464	1.0
1077	473878	1.0
1077	422225	1.0
1077	294899	1.0
1077	516050	1.0
1077	148423	1.0
1078	594653	1.0
1079	384892	1.0
1080	158091	1.0
1081	11569	1.0
1082	174714	1.0
1083	226976	1.0
1083	593554	1.0
1083	313310	1.0
1086	97636	1.0
1086	62869	1.0
1087	578196	1.0
1092	386994	1.0
1092	466778	1.0
1092	439959	1.0
1092	484658	1.0
1092	279229	1.0
1092	107152	1.0
1093	121621	1.0
1093	359465	1.0
1093	65407	1.0
1093	285502	1.0
1093	59687	1.0
1093	261024	1.0
1093	415745	1.0
1093	484382	1.0
1093	99679	1.0
1094	62047	1.0
1098	84996	1.0
1099	433646	1.0
1101	411375	1.0
1101	502514	1.0
1101	388696	1.0
1101	9243	1.0
1101	216108	1.0
1102	37725	1.0
1102	584218	1.0
1102	524788	1.0
1102	392124	1.0
1103	495827	1.0
1104	141331	1.0
1104	553328	1.0
1105	245654	1.0
1105	42625	1.0
1106	415179	1.0
1108	430728	1.0
1109	115584	1.0
1110	100936	1.0
1110	5298	1.0
1110	322428	1.0
1111	262589	1.0
1113	454265	1.0
1113	51725	1.0
1114	474057	1.0
1114	185681	1.0
1115	256448	1.0
1116	242501	1.0
1117	327997	1.0
1117	177050	1.0
1118	335667	1.0
1119	136850	1.0
1120	51203	1.0
1120	23121	1.0
1120	391715	1.0
1120	271129	1.0
1121	420810	1.0
1121	562220	1.0
1121	424053	1.0
1121	294191	1.0
1121	483220	1.0
1121	217473	1.0
1121	453948	1.0
1121	553652	1.0
1121	403480	1.0
1122	21699	1.0
1122	30912	1.0
1123	2528	1.0
1125	147624	1.0
1125	63919	1.0
1125	543114	1.0
1126	143862	1.0
1127	225030	1.0
1127	491600	1.0
1128	442146	1.0
1129	222726	1.0
1130	336917	1.0
1130	247473	1.0
1132	580240	1.0
1133	310207	1.0
1134	365721	1.0
1134	153452	1.0
1135	479548	1.0
1136	263259	1.0
1137	88508	1.0
1137	252942	1.0
1137	234506	1.0
1137	232388	1.0
1137	126065	1.0
1139	469270	1.0
1140	119051	1.0
1142	500744	1.0
1146	445306	1.0
1147	437706	1.0
1147	135005	1.0
1147	531051	1.0
1147	317419	1.0
1147	88597	1.0
1147	564796	1.0
1148	246547	1.0
1148	390015	1.0
1148	110465	1.0
1148	170867	1.0
1148	513606	1.0
1148	32057	1.0
1149	278077	1.0
1153	163199	1.0
1154	88973	1.0
1154	165364	1.0
1154	516103	1.0
1155	509318	1.0
1156	496959	1.0
1158	480005	1.0
1160	554293	1.0
1160	306180	1.0
1161	168139	1.0
1161	109424	1.0
1162	92819	1.0
1163	285449	1.0
1164	567383	1.0
1165	442142	1.0
1165	91882	1.0
1166	53200	1.0
1167	345942	1.0
1169	293628	1.0
1169	589429	1.0
1170	65875	1.0
1170	239512	1.0
1170	481555	1.0
1171	461290	1.0
1171	250564	1.0
1177	386305	1.0
1177	225282	1.0
1177	584304	1.0
1177	482310	1.0
1178	542649	1.0
1178	8063	1.0
1178	467511	1.0
1178	444540	1.0
1178	426343	1.0
1181	541809	1.0
1185	503651	1.0
1188	526664	1.0
1188	538238	1.0
1189	476980	1.0
1189	420846	1.0
1190	354716	1.0
1191	519473	1.0
1194	300418	1.0
1196	400947	1.0
1196	263659	1.0
1196	335435	1.0
1196	374049	1.0
1196	445314	1.0
1196	408027	1.0
1196	420436	1.0
1197	365689	1.0
1197	242923	1.0
1199	88967	1.0
1204	144079	1.0
1204	481978	1.0
1204	540911	1.0
1210	297467	1.0
1210	256006	1.0
1215	338096	1.0
1224	94630	1.0
1224	76049	1.0
1232	482594	1.0
1232	380773	1.0
1232	575007	1.0
1232	529265	1.0
1232	106167	1.0
1232	590632	1.0
1232	450779	1.0
1232	99465	1.0
1232	325633	1.0
1232	440019	1.0
1232	95952	1.0
1232	424274	1.0
1232	127339	1.0
1232	281823	1.0
1244	205229	1.0
1246	193850	1.0
1246	329450	1.0
1246	160922	1.0
1246	402230	1.0
1248	182989	1.0
1249	386818	1.0
1249	471327	1.0
1249	203820	1.0
1253	454465	1.0
1258	397367	1.0
1264	479426	1.0
1264	226831	1.0
1264	63276	1.0
1264	94710	1.0
1264	25205	1.0
1264	418771	1.0
1265	585722	1.0
1265	343379	1.0
1266	439460	1.0
1266	451020	1.0
1266	196374	1.0
1267	153377	1.0
1271	307688	1.0
1272	567161	1.0
1273	383238	1.0
1273	304179	1.0
1273	325371	1.0
1274	591909	1.0
1275	537930	1.0
1275	30250	1.0
1275	140533	1.0
1277	547941	1.0
1278	385474	1.0
1278	229964	1.0
1278	160198	1.0
1278	514939	1.0
1278	171565	1.0
1278	498666	1.0
1278	146298	1.0
1278	539287	1.0
1278	332916	1.0
1279	595121	1.0
1280	156662	1.0
1282	74560	1.0
1283	189391	1.0
1285	117685	1.0
1285	92504	1.0
1285	415973	1.0
1285	522723	1.0
1289	384192	1.0
1291	260848	1.0
1291	260385	1.0
1291	458079	1.0
1293	32280	1.0
1295	559671	1.0
1295	254783	1.0
1295	313248	1.0
1296	79220	1.0
1296	475270	1.0
1296	481810	1.0
1298	323145	1.0
1298	507739	1.0
1299	458750	1.0
1299	514969	1.0
1299	443896	1.0
1299	360011	1.0
1299	573677	1.0
1299	485984	1.0
1299	453915	1.0
1300	598834	1.0
1300	171489	1.0
1301	522619	1.0
1302	347198	1.0
1302	539208	1.0
1302	327177	1.0
1302	481194	1.0
1303	566041	1.0
1304	60446	1.0
1305	584419	1.0
1307	70724	1.0
1307	162589	1.0
1308	257703	1.0
1308	239769	1.0
1311	71987	1.0
1311	256972	1.0
1312	560195	1.0
1312	503742	1.0
1312	167896	1.0
1312	383921	1.0
1312	528206	1.0
1312	422331	1.0
1313	536497	1.0
1315	252273	1.0
1315	193251	1.0
1318	588211	1.0
1318	423639	1.0
1323	475497	1.0
1323	124860	1.0
1323	41094	1.0
1323	237607	1.0
1323	149482	1.0
1323	5836	1.0
1323	442625	1.0
1323	60688	1.0
1324	256010	1.0
1324	398206	1.0
1324	108433	1.0
1324	477851	1.0
1324	416787	1.0
1327	528661	1.0
1327	501230	1.0
1328	115561	1.0
1329	62966	1.0
1330	241136	1.0
1330	87324	1.0
1332	85368	1.0
1332	147163	1.0
1332	344236	1.0
1332	361741	1.0
1337	245011	1.0
1337	132371	1.0
1339	546779	1.0
1339	226751	1.0
1339	371192	1.0
1339	20432	1.0
1339	496272	1.0
1342	176424	1.0
1342	297391	1.0
1342	47923	1.0
1342	336387	1.0
1342	241708	1.0
1342	140067	1.0
1347	439109	1.0
1352	57557	1.0
1353	576185	1.0
1358	386481	1.0
1359	98079	1.0
1360	439540	1.0
1361	432545	1.0
1361	120438	1.0
1362	236612	1.0
1363	216892	1.0
1365	373501	1.0
1365	138505	1.0
1366	82140	1.0
1366	95559	1.0
1367	284173	1.0
1367	18373	1.0
1367	184924	1.0
1367	119513	1.0
1367	463829	1.0
1368	153383	1.0
1369	334391	1.0
1369	501973	1.0
1369	307117	1.0
1369	585797	1.0
1369	244405	1.0
1369	448759	1.0
1369	520763	1.0
1369	562336	1.0
1371	141458	1.0
1372	439248	1.0
1372	420295	1.0
1372	318111	1.0
1373	257417	1.0
1373	350497	1.0
1373	568667	1.0
1373	162523	1.0
1376	267727	1.0
1376	519425	1.0
1376	14951	1.0
1376	210878	1.0
1385	78486	1.0
1387	588253	1.0
1387	241030	1.0
1388	42924	1.0
1388	472824	1.0
1392	488916	1.0
1392	400983	1.0
1392	212988	1.0
1392	407551	1.0
1392	572351	1.0
1392	493438	1.0
1392	420379	1.0
1392	266944	1.0
1392	435125	1.0
1394	62653	1.0
1394	167322	1.0
1394	180362	1.0
1394	408546	1.0
1394	131788	1.0
1394	381665	1.0
1394	186184	1.0
1394	444829	1.0
1394	94729	1.0
1394	460196	1.0
1395	503047	1.0
1395	72372	1.0
1397	473641	1.0
1397	415408	1.0
1397	230467	1.0
1397	58035	1.0
1399	483942	1.0
1399	140428	1.0
1400	331384	1.0
1400	185384	1.0
1402	216077	1.0
1404	576873	1.0
1404	334902	1.0
1407	425487	1.0
1407	400532	1.0
1412	592192	1.0
1412	285024	1.0
1412	175768	1.0
1418	401254	1.0
1421	296475	1.0
1421	367873	1.0
1422	475955	1.0
1422	144739	1.0
1422	551029	1.0
1422	407372	1.0
1423	68275	1.0
1423	105527	1.0
1423	529459	1.0
1425	194319	1.0
1425	131335	1.0
1425	472500	1.0
1426	310612	1.0
1426	532743	1.0
1428	36193	1.0
1431	129272	1.0
1433	58426	1.0
1437	471686	1.0
1437	50310	1.0
1438	203905	1.0
1438	185282	1.0
1438	583956	1.0
1439	407313	1.0
1439	304009	1.0
1439	28974	1.0
1439	80655	1.0
1440	376467	1.0
1440	355558	1.0
1440	365372	1.0
1443	436505	1.0
1443	245122	1.0
1443	124507	1.0
1443	582955	1.0
1446	218460	1.0
1446	133701	1.0
1446	552747	1.0
1447	18570	1.0
1447	452896	1.0
1447	102995	1.0
1449	336017	1.0
1449	287348	1.0
1449	464263	1.0
1449	54424	1.0
1449	211908	1.0
1449	545964	1.0
1449	173883	1.0
1449	508489	1.0
1452	171054	1.0
1452	515690	1.0
1456	26508	1.0
1456	483664	1.0
1456	12906	1.0
1460	158008	1.0
1460	159460	1.0
1460	453299	1.0
1460	251561	1.0
1460	26996	1.0
1460	277964	1.0
1461	468717	1.0
1461	31244	1.0
1461	350110	1.0
1461	516561	1.0
1461	118960	1.0
1461	226197	1.0
1461	564396	1.0
1461	48227	1.0
1461	482739	1.0
1461	592891	1.0
1463	243886	1.0
1463	24385	1.0
1464	119316	1.0
1464	160275	1.0
1465	280435	1.0
1466	9390	1.0
1466	15731	1.0
1466	466888	1.0
1470	237323	1.0
1470	460058	1.0
1471	86134	1.0
1472	452338	1.0
1472	517279	1.0
1472	8321	1.0
1472	18750	1.0
1472	365763	1.0
1472	343837	1.0
1474	153505	1.0
1474	471872	1.0
1474	323015	1.0
1474	264857	1.0
1474	179631	1.0
1475	280021	1.0
1476	100867	1.0
1476	54341	1.0
1476	348735	1.0
1476	310488	1.0
1476	33157	1.0
1476	293651	1.0
1477	193529	1.0
1477	271436	1.0
1477	510181	1.0
1481	341652	1.0
1481	233988	1.0
1481	563405	1.0
1481	172691	1.0
1483	173212	1.0
1483	11539	1.0
1483	206466	1.0
1485	54333	1.0
1485	422697	1.0
1485	110102	1.0
1485	595765	1.0
1485	131761	1.0
1485	214358	1.0
1489	81843	1.0
1489	40854	1.0
1489	256505	1.0
1489	524242	1.0
1489	532804	1.0
1489	447922	1.0
1490	592796	1.0
1492	231677	1.0
1492	546239	1.0
1493	189678	1.0
1493	189824	1.0
1493	10849	1.0
1493	575649	1.0
1493	156756	1.0
1493	453624	1.0
1493	141425	1.0
1493	528363	1.0
1493	440696	1.0
1494	468741	1.0
1495	533537	1.0
1495	514876	1.0
1495	238360	1.0
1505	172778	1.0
1505	585494	1.0
1505	222153	1.0
1505	201415	1.0
1505	393104	1.0
1505	284805	1.0
1505	269918	1.0
1505	121160	1.0
1505	426591	1.0
1505	444234	1.0
1505	487348	1.0
1505	405344	1.0
1505	592654	1.0
1505	200477	1.0
1505	326019	1.0
1505	9597	1.0
1505	44574	1.0
1505	328770	1.0
1505	34537	1.0
1505	302315	1.0
1505	207914	1.0
1505	264053	1.0
1505	192669	1.0
1508	41214	1.0
1519	310190	1.0
1523	299002	1.0
1523	146388	1.0
1531	350839	1.0
1531	571711	1.0
1532	14461	1.0
1542	362468	1.0
1542	101103	1.0
1542	139978	1.0
1542	143728	1.0
1545	175692	1.0
1545	431110	1.0
1545	79646	1.0
1545	376839	1.0
1545	337793	1.0
1546	199785	1.0
1547	576513	1.0
1549	566091	1.0
1549	23483	1.0
1549	531171	1.0
1550	5715	1.0
1550	34108	1.0
1550	564718	1.0
1550	346114	1.0
1550	9814	1.0
1552	6103	1.0
1552	200131	1.0
1552	18790	1.0
1552	296345	1.0
1552	544439	1.0
1553	107794	1.0
1555	263202	1.0
1555	345366	1.0
1555	24667	1.0
1556	106831	1.0
1557	314110	1.0
1558	64598	1.0
1558	253210	1.0
1559	102507	1.0
1559	300486	1.0
1560	201294	1.0
1563	80563	1.0
1563	510579	1.0
1564	5762	1.0
1566	387578	1.0
1567	120986	1.0
1569	117661	1.0
1570	332626	1.0
1570	417208	1.0
1574	534031	1.0
1575	528838	1.0
1575	75005	1.0
1576	70806	1.0
1576	514350	1.0
1576	365675	1.0
1579	304662	1.0
1579	181538	1.0
1579	152689	1.0
1580	86273	1.0
1580	167869	1.0
1580	389356	1.0
1580	126299	1.0
1583	504989	1.0
1583	354618	1.0
1583	444748	1.0
1583	409910	1.0
1583	325866	1.0
1583	58753	1.0
1583	6341	1.0
1583	215635	1.0
1584	447917	1.0
1586	201122	1.0
1587	355959	1.0
1587	26790	1.0
1587	529565	1.0
1589	233226	1.0
1589	365479	1.0
1589	377742	1.0
1589	565827	1.0
1589	199467	1.0
1591	460008	1.0
1591	350357	1.0
1591	394276	1.0
1591	404954	1.0
1591	304411	1.0
1591	599563	1.0
1591	410450	1.0
1593	449116	1.0
1593	308113	1.0
1594	179144	1.0
1595	217499	1.0
1596	166442	1.0
1596	149780	1.0
1597	448582	1.0
1597	186019	1.0
1598	45727	1.0
1599	535307	1.0
1600	361978	1.0
1600	564475	1.0
1601	568629	1.0
1601	510676	1.0
1604	246706	1.0
1604	279317	1.0
1604	260292	1.0
1604	168827	1.0
1608	358837	1.0
1609	412235	1.0
1609	208276	1.0
1609	440457	1.0
1610	41417	1.0
1610	315780	1.0
1610	31462	1.0
1612	345795	1.0
1612	152502	1.0
1612	562368	1.0
1613	346495	1.0
1613	72445	1.0
1613	346843	1.0
1613	496385	1.0
1614	171473	1.0
1614	344386	1.0
1614	98381	1.0
1614	477853	1.0
1614	217030	1.0
1614	379932	1.0
1614	321199	1.0
1614	414387	1.0
1614	55522	1.0
1614	388685	1.0
1614	389221	1.0
1615	172594	1.0
1615	331898	1.0
1615	555621	1.0
1615	84858	1.0
1615	135509	1.0
1618	468718	1.0
1618	165397	1.0
1618	316359	1.0
1618	407893	1.0
1618	91388	1.0
1618	465260	1.0
1618	39720	1.0
1619	210300	1.0
1619	205669	1.0
1619	489368	1.0
1620	492210	1.0
1620	451328	1.0
1620	438976	1.0
1620	555999	1.0
1620	518805	1.0
1620	324548	1.0
1622	323662	1.0
1622	369577	1.0
1624	458884	1.0
1624	407385	1.0
1624	387858	1.0
1625	234040	1.0
1625	546969	1.0
1625	527519	1.0
1625	421282	1.0
1625	367294	1.0
1625	60495	1.0
1625	466995	1.0
1627	174292	1.0
1627	123570	1.0
1627	254199	1.0
1628	89973	1.0
1628	470983	1.0
1628	515788	1.0
1628	78183	1.0
1628	259904	1.0
1631	89786	1.0
1632	427024	1.0
1633	81281	1.0
1633	78367	1.0
1633	110360	1.0
1634	308255	1.0
1635	552305	1.0
1635	79411	1.0
1635	352136	1.0
1635	134047	1.0
1635	413694	1.0
1635	291931	1.0
1636	452939	1.0
1636	517391	1.0
1636	501536	1.0
1636	406768	1.0
1636	380612	1.0
1636	385955	1.0
1636	315126	1.0
1636	140875	1.0
1636	291312	1.0
1637	521910	1.0
1637	254206	1.0
1638	188893	1.0
1642	62360	1.0
1642	576673	1.0
1642	366484	1.0
1644	280538	1.0
1645	345475	1.0
1647	407316	1.0
1647	327202	1.0
1648	94273	1.0
1648	321743	1.0
1648	266099	1.0
1648	562526	1.0
1649	209197	1.0
1652	425559	1.0
1652	487438	1.0
1652	300297	1.0
1652	162817	1.0
1652	95320	1.0
1652	574432	1.0
1652	101816	1.0
1652	80840	1.0
1652	73918	1.0
1652	307276	1.0
1652	93189	1.0
1652	423398	1.0
1652	566184	1.0
1652	318929	1.0
1652	536475	1.0
1652	115581	1.0
1652	254303	1.0
1652	165100	1.0
1652	574415	1.0
1654	378390	1.0
1655	135896	1.0
1655	29813	1.0
1657	352851	1.0
1659	192856	1.0
1661	1066	1.0
1661	170665	1.0
1668	254635	1.0
1668	507701	1.0
1669	278702	1.0
1669	239484	1.0
1669	222380	1.0
1669	419245	1.0
1669	537313	1.0
1669	90432	1.0
1669	2436	1.0
1669	557861	1.0
1669	118620	1.0
1669	212384	1.0
1673	374264	1.0
1673	418999	1.0
1673	445548	1.0
1673	542022	1.0
1673	124505	1.0
1677	562463	1.0
1677	329310	1.0
1677	149820	1.0
1678	578619	1.0
1678	576136	1.0
1678	172636	1.0
1678	234623	1.0
1678	247942	1.0
1678	188232	1.0
1678	12740	1.0
1678	295082	1.0
1678	542667	1.0
1678	117082	1.0
1678	531395	1.0
1678	532139	1.0
1678	595625	1.0
1678	72189	1.0
1680	453961	1.0
1680	494880	1.0
1681	177074	1.0
1681	598997	1.0
1682	510716	1.0
1682	302022	1.0
1684	192726	1.0
1685	422062	1.0
1686	223624	1.0
1687	73457	1.0
1689	407040	1.0
1689	47044	1.0
1689	583817	1.0
1690	91707	1.0
1695	20888	1.0
1696	40012	1.0
1696	293842	1.0
1698	313913	1.0
1698	406434	1.0
1702	119161	1.0
1702	344065	1.0
1703	52343	1.0
1703	392980	1.0
1703	121590	1.0
1703	149723	1.0
1704	82628	1.0
1706	443315	1.0
1706	531370	1.0
1707	31779	1.0
1707	557573	1.0
1707	193050	1.0
1707	264740	1.0
1707	397899	1.0
1707	391215	1.0
1707	520781	1.0
1708	45600	1.0
1710	55250	1.0
1711	1531	1.0
1711	587514	1.0
1711	23074	1.0
1713	594414	1.0
1713	372107	1.0
1713	75252	1.0
1714	395721	1.0
1714	272279	1.0
1714	434437	1.0
1717	177575	1.0
1717	122998	1.0
1717	308330	1.0
1717	561750	1.0
1721	569645	1.0
1721	499502	1.0
1721	18647	1.0
1724	588327	1.0
1725	238682	1.0
1728	78677	1.0
1728	155648	1.0
1729	224665	1.0
1729	546277	1.0
1730	545341	1.0
1730	292447	1.0
1730	375792	1.0
1730	306855	1.0
1731	381100	1.0
1731	321475	1.0
1731	319678	1.0
1731	51875	1.0
1734	382284	1.0
1734	453549	1.0
1735	479542	1.0
1740	67536	1.0
1740	298365	1.0
1740	269917	1.0
1740	405591	1.0
1742	24421	1.0
1742	347696	1.0
1749	534291	1.0
1749	278197	1.0
1749	493660	1.0
1754	562458	1.0
1754	327080	1.0
1756	290236	1.0
1756	53649	1.0
1756	29849	1.0
1756	376797	1.0
1758	552356	1.0
1758	531442	1.0
1758	231990	1.0
1760	130208	1.0
1761	134761	1.0
1761	242478	1.0
1761	521868	1.0
1761	284680	1.0
1762	3336	1.0
1762	333292	1.0
1763	267740	1.0
1763	68249	1.0
1763	351025	1.0
1769	329620	1.0
1769	254499	1.0
1770	351672	1.0
1770	440893	1.0
1771	358631	1.0
1773	333844	1.0
1773	347760	1.0
1773	365333	1.0
1773	364316	1.0
1773	523792	1.0
1773	252758	1.0
1774	567193	1.0
1774	499028	1.0
1774	43370	1.0
1775	496947	1.0
1777	383088	1.0
1777	549915	1.0
1777	59729	1.0
1777	45607	1.0
1778	390614	1.0
1778	156391	1.0
1778	434619	1.0
1782	158816	1.0
1784	200136	1.0
1784	119853	1.0
1784	494618	1.0
1785	273790	1.0
1786	224345	1.0
1787	565356	1.0
1787	99797	1.0
1787	194335	1.0
1787	445089	1.0
1787	373346	1.0
1787	345823	1.0
1792	252471	1.0
1792	180345	1.0
1792	380945	1.0
1792	552562	1.0
1792	574319	1.0
1792	285524	1.0
1795	278082	1.0
1795	176090	1.0
1797	404587	1.0
1798	278460	1.0
1803	20210	1.0
1803	501976	1.0
1803	304006	1.0
1803	395068	1.0
1804	549645	1.0
1806	272248	1.0
1806	536849	1.0
1807	312515	1.0
1807	182684	1.0
1807	237397	1.0
1810	316074	1.0
1811	397510	1.0
1811	468049	1.0
1817	482483	1.0
1817	144129	1.0
1817	577284	1.0
1818	329781	1.0
1818	1937	1.0
1821	577381	1.0
1822	192843	1.0
1822	214143	1.0
1823	180686	1.0
1823	271102	1.0
1823	321314	1.0
1831	91466	1.0
1831	409611	1.0
1833	105620	1.0
1833	462193	1.0
1834	255101	1.0
1834	454082	1.0
1834	196807	1.0
1837	385074	1.0
1841	267609	1.0
1841	593356	1.0
1842	430377	1.0
1842	448639	1.0
1842	278667	1.0
1842	360125	1.0
1842	350237	1.0
1842	325042	1.0
1842	196233	1.0
1843	408124	1.0
1843	292989	1.0
1843	12655	1.0
1843	199069	1.0
1843	388201	1.0
1843	223645	1.0
1843	494783	1.0
1843	531918	1.0
1843	103680	1.0
1843	247085	1.0
1843	120827	1.0
1843	381813	1.0
1843	350508	1.0
1843	219033	1.0
1845	280452	1.0
1848	117395	1.0
1848	266493	1.0
1848	46658	1.0
1850	282208	1.0
1850	431676	1.0
1852	65797	1.0
1852	78623	1.0
1852	93451	1.0
1852	297013	1.0
1855	114302	1.0
1856	228792	1.0
1856	45544	1.0
1856	266330	1.0
1856	127369	1.0
1857	324513	1.0
1857	351169	1.0
1857	104464	1.0
1858	209997	1.0
1858	348315	1.0
1859	521684	1.0
1859	176034	1.0
1859	329059	1.0
1859	508953	1.0
1859	401146	1.0
1859	425597	1.0
1859	387573	1.0
1859	592510	1.0
1860	404026	1.0
1861	116934	1.0
1862	343681	1.0
1862	469964	1.0
1862	3773	1.0
1863	288074	1.0
1865	377621	1.0
1866	65227	1.0
1866	542932	1.0
1868	535673	1.0
1872	288949	1.0
1872	473322	1.0
1875	385320	1.0
1876	582736	1.0
1878	375253	1.0
1882	584238	1.0
1882	254509	1.0
1882	576621	1.0
1883	551864	1.0
1883	506395	1.0
1890	322168	1.0
1890	99781	1.0
1890	445039	1.0
1891	502432	1.0
1891	336601	1.0
1891	37032	1.0
1894	588509	1.0
1894	153664	1.0
1895	445298	1.0
1896	531934	1.0
1900	44593	1.0
1900	560084	1.0
1901	257722	1.0
1901	513658	1.0
1901	435722	1.0
1910	553415	1.0
1910	560885	1.0
1910	140568	1.0
1910	435555	1.0
1910	126814	1.0
1910	273576	1.0
1910	305200	1.0
1910	56526	1.0
1913	237514	1.0
1913	206114	1.0
1914	449279	1.0
1914	444104	1.0
1917	290265	1.0
1917	103720	1.0
1918	349424	1.0
1918	576384	1.0
1918	398806	1.0
1919	118083	1.0
1921	243732	1.0
1921	84732	1.0
1921	580932	1.0
1921	581026	1.0
1921	306926	1.0
1921	537280	1.0
1921	498818	1.0
1921	401092	1.0
1923	425249	1.0
1923	428290	1.0
1926	510888	1.0
1926	322911	1.0
1926	318886	1.0
1927	63	1.0
1929	155490	1.0
1939	5219	1.0
1940	183247	1.0
1941	558301	1.0
1941	377521	1.0
1941	354103	1.0
1941	489093	1.0
1941	549437	1.0
1941	548465	1.0
1941	218153	1.0
1941	323573	1.0
1941	64440	1.0
1941	590990	1.0
1941	434320	1.0
1941	381068	1.0
1941	200248	1.0
1941	440824	1.0
1941	314049	1.0
1941	489059	1.0
1941	308462	1.0
1944	376859	1.0
1945	582571	1.0
1950	291996	1.0
1950	148435	1.0
1951	246688	1.0
1958	217425	1.0
1959	63250	1.0
1959	255538	1.0
1959	278089	1.0
1959	522218	1.0
1960	390484	1.0
1960	450347	1.0
1960	247842	1.0
1960	562820	1.0
1960	30155	1.0
1960	374833	1.0
1961	266209	1.0
1961	282286	1.0
1961	466640	1.0
1962	233805	1.0
1962	212308	1.0
1962	179103	1.0
1962	121161	1.0
1962	290325	1.0
1964	251273	1.0
1964	364471	1.0
1965	240350	1.0
1965	514720	1.0
1965	14286	1.0
1965	195225	1.0
1965	156496	1.0
1965	410987	1.0
1965	386567	1.0
1965	449774	1.0
1965	170143	1.0
1965	158227	1.0
1965	161703	1.0
1965	92851	1.0
1965	541094	1.0
1965	105446	1.0
1965	501636	1.0
1965	561317	1.0
1965	574583	1.0
1965	338345	1.0
1965	273884	1.0
1965	391098	1.0
1965	20420	1.0
1965	340551	1.0
1966	160340	1.0
1967	522671	1.0
1967	318201	1.0
1967	484596	1.0
1971	558832	1.0
1971	211485	1.0
1972	261684	1.0
1972	214139	1.0
1972	370146	1.0
1972	308383	1.0
1973	373481	1.0
1974	276295	1.0
1975	467868	1.0
1975	494832	1.0
1975	270844	1.0
1975	131041	1.0
1975	485147	1.0
1975	306677	1.0
1976	160886	1.0
1976	102746	1.0
1976	428258	1.0
1976	391415	1.0
1976	375170	1.0
1976	541469	1.0
1978	93463	1.0
1978	305085	1.0
1978	507368	1.0
1979	433907	1.0
1982	235074	1.0
1982	76618	1.0
1984	126771	1.0
1984	177328	1.0
1984	436128	1.0
1984	170632	1.0
1986	533621	1.0
1986	256981	1.0
1986	222141	1.0
1987	174025	1.0
1990	578732	1.0
1990	120500	1.0
1993	541391	1.0
1993	250503	1.0
1993	560444	1.0
1993	264809	1.0
1993	129988	1.0
1993	160535	1.0
1993	7766	1.0
1995	39006	1.0
1995	274369	1.0
1995	558611	1.0
1995	228308	1.0
1996	313896	1.0
1996	126385	1.0
1996	565762	1.0
1997	445846	1.0
1997	585121	1.0
1998	115918	1.0
1998	521897	1.0
1998	300139	1.0
1998	202985	1.0
1999	169627	1.0
2001	107218	1.0
2001	483890	1.0
2001	55499	1.0
2002	446137	1.0
2002	251466	1.0
2002	581033	1.0
2003	309976	1.0
2003	379314	1.0
2003	277074	1.0
2003	553304	1.0
2003	172025	1.0
2004	283079	1.0
2005	34722	1.0
2008	341192	1.0
2008	4735	1.0
2008	346345	1.0
2009	165691	1.0
2009	476233	1.0
2009	108734	1.0
2009	439840	1.0
2009	379732	1.0
2009	78575	1.0
2009	233040	1.0
2012	77248	1.0
2014	212464	1.0
2014	276186	1.0
2014	576025	1.0
2014	531292	1.0
2015	345725	1.0
2015	70451	1.0
2015	300213	1.0
2015	281862	1.0
2016	266767	1.0
2017	530119	1.0
2018	10098	1.0
2022	227162	1.0
2022	318966	1.0
2025	160454	1.0
2025	355360	1.0
2027	277464	1.0
2027	325906	1.0
2028	243822	1.0
2035	253246	1.0
2035	241590	1.0
2035	46833	1.0
2035	32043	1.0
2035	229926	1.0
2038	348510	1.0
2039	560087	1.0
2049	233561	1.0
2050	346486	1.0
2050	319435	1.0
2050	14765	1.0
2050	384171	1.0
2050	366954	1.0
2053	267347	1.0
2054	594483	1.0
2054	522669	1.0
2054	451969	1.0
2054	471439	1.0
2054	11716	1.0
2057	562007	1.0
2059	147551	1.0
2059	495022	1.0
2061	257311	1.0
2061	401677	1.0
2063	227197	1.0
2063	3173	1.0
2063	510409	1.0
2064	115890	1.0
2064	481817	1.0
2064	531192	1.0
2065	241349	1.0
2066	153375	1.0
2066	382133	1.0
2066	108709	1.0
2066	103175	1.0
2066	181266	1.0
2069	74797	1.0
2069	520087	1.0
2071	127584	1.0
2073	349674	1.0
2073	286245	1.0
2074	400647	1.0
2079	480512	1.0
2082	386523	1.0
2083	107520	1.0
2083	101902	1.0
2083	411783	1.0
2085	507107	1.0
2085	136932	1.0
2087	119819	1.0
2087	582636	1.0
2090	564870	1.0
2090	197352	1.0
2091	282158	1.0
2091	534997	1.0
2092	590517	1.0
2094	69012	1.0
2094	138746	1.0
2097	231369	1.0
2097	555342	1.0
2097	196308	1.0
2098	473274	1.0
2098	224983	1.0
2098	15473	1.0
2100	139175	1.0
2100	118880	1.0
2100	109061	1.0
2100	407637	1.0
2100	47614	1.0
2100	220072	1.0
2100	335319	1.0
2100	519174	1.0
2100	544420	1.0
2103	465843	1.0
2103	879	1.0
2104	531356	1.0
2104	95435	1.0
2104	259924	1.0
2104	87102	1.0
2106	137206	1.0
2106	545996	1.0
2106	350180	1.0
2107	264800	1.0
2109	448525	1.0
2109	427202	1.0
2111	513938	1.0
2111	180581	1.0
2111	36272	1.0
2111	598855	1.0
2112	332243	1.0
2112	460937	1.0
2113	147792	1.0
2113	163987	1.0
2115	493638	1.0
2115	482813	1.0
2115	319450	1.0
2115	177403	1.0
2116	19794	1.0
2116	463893	1.0
2119	155701	1.0
2119	583897	1.0
2119	19691	1.0
2120	506755	1.0
2120	382295	1.0
2121	504032	1.0
2121	242310	1.0
2122	340271	1.0
2124	576184	1.0
2126	557350	1.0
2128	83758	1.0
2133	351114	1.0
2135	117158	1.0
2135	267318	1.0
2136	472316	1.0
2136	489586	1.0
2136	301439	1.0
2138	252373	1.0
2138	352760	1.0
2138	290228	1.0
2139	246690	1.0
2139	137478	1.0
2139	109246	1.0
2139	224811	1.0
2143	125696	1.0
2143	454537	1.0
2144	404814	1.0
2144	223128	1.0
2145	598899	1.0
2145	332124	1.0
2146	47744	1.0
2146	267068	1.0
2147	47230	1.0
2147	342382	1.0
2147	159403	1.0
2148	459536	1.0
2148	69873	1.0
2148	561920	1.0
2149	370066	1.0
2150	590310	1.0
2151	517323	1.0
2151	523310	1.0
2151	273644	1.0
2152	520998	1.0
2152	225760	1.0
2152	289966	1.0
2152	157715	1.0
2153	265507	1.0
2153	573143	1.0
2153	139644	1.0
2157	110283	1.0
2157	457543	1.0
2157	61782	1.0
2160	244412	1.0
2160	17166	1.0
2160	290105	1.0
2162	484352	1.0
2162	381830	1.0
2164	179640	1.0
2164	29176	1.0
2165	250766	1.0
2165	338324	1.0
2165	413879	1.0
2165	176777	1.0
2165	129089	1.0
2165	495076	1.0
2165	70384	1.0
2169	360059	1.0
2169	326464	1.0
2169	502358	1.0
2169	473978	1.0
2169	18532	1.0
2169	210581	1.0
2169	245617	1.0
2169	56742	1.0
2169	117491	1.0
2169	22026	1.0
2169	40652	1.0
2169	215338	1.0
2169	382101	1.0
2169	516880	1.0
2169	52121	1.0
2170	321877	1.0
2170	513991	1.0
2170	245810	1.0
2172	32023	1.0
2172	421752	1.0
2172	489635	1.0
2172	11341	1.0
2172	580591	1.0
2172	501743	1.0
2172	405509	1.0
2172	58590	1.0
2172	537898	1.0
2172	511977	1.0
2172	428895	1.0
2173	258611	1.0
2173	311947	1.0
2174	341424	1.0
2174	325669	1.0
2174	288551	1.0
2174	253339	1.0
2174	400620	1.0
2174	317363	1.0
2174	598184	1.0
2175	82797	1.0
2175	267455	1.0
2176	191550	1.0
2176	174774	1.0
2176	495751	1.0
2176	41859	1.0
2176	448225	1.0
2176	177573	1.0
2177	6363	1.0
2178	198945	1.0
2179	539859	1.0
2179	408308	1.0
2184	150475	1.0
2184	96110	1.0
2184	314300	1.0
2184	560395	1.0
2184	17823	1.0
2184	102501	1.0
2184	303561	1.0
2184	285918	1.0
2184	313127	1.0
2184	369342	1.0
2185	473510	1.0
2185	50253	1.0
2185	448872	1.0
2185	427793	1.0
2186	212568	1.0
2186	523949	1.0
2186	530498	1.0
2186	394768	1.0
2187	156444	1.0
2188	283733	1.0
2188	454193	1.0
2189	81599	1.0
2189	345219	1.0
2191	134752	1.0
2191	221881	1.0
2191	432111	1.0
2191	575015	1.0
2192	133935	1.0
2192	46986	1.0
2193	425804	1.0
2193	223170	1.0
2196	541682	1.0
2196	347723	1.0
2197	34432	1.0
2197	130723	1.0
2197	313134	1.0
2197	348313	1.0
2197	407547	1.0
2197	426954	1.0
2198	388295	1.0
2198	159995	1.0
2198	84866	1.0
2198	345912	1.0
2199	82104	1.0
2199	269786	1.0
2199	15213	1.0
2199	245884	1.0
2199	495433	1.0
2199	50675	1.0
2199	484439	1.0
2200	85522	1.0
2201	413681	1.0
2202	402179	1.0
2202	514736	1.0
2202	407898	1.0
2202	348621	1.0
2203	87580	1.0
2203	269727	1.0
2205	57406	1.0
2205	422603	1.0
2205	264068	1.0
2206	596001	1.0
2206	371337	1.0
2207	91032	1.0
2207	484730	1.0
2207	455467	1.0
2207	215542	1.0
2207	179042	1.0
2207	57033	1.0
2207	263988	1.0
2207	237215	1.0
2207	34752	1.0
2207	56379	1.0
2209	236961	1.0
2209	141005	1.0
2210	199755	1.0
2210	207992	1.0
2210	175448	1.0
2211	362231	1.0
2211	304159	1.0
2211	542004	1.0
2211	517006	1.0
2211	195852	1.0
2211	144580	1.0
2211	244133	1.0
2211	445456	1.0
2212	367068	1.0
2212	229397	1.0
2212	248651	1.0
2213	304323	1.0
2213	442435	1.0
2216	312191	1.0
2216	9353	1.0
2216	334154	1.0
2218	255393	1.0
2218	20987	1.0
2218	295250	1.0
2220	314050	1.0
2220	146351	1.0
2220	395769	1.0
2220	22394	1.0
2221	132111	1.0
2221	400730	1.0
2221	434694	1.0
2221	443354	1.0
2222	237234	1.0
2222	151645	1.0
2225	375748	1.0
2225	550804	1.0
2228	176717	1.0
2228	533408	1.0
2228	530155	1.0
2231	519124	1.0
2232	151023	1.0
2233	392357	1.0
2233	587536	1.0
2233	453455	1.0
2235	67061	1.0
2235	361890	1.0
2236	386312	1.0
2237	103980	1.0
2237	410243	1.0
2237	576243	1.0
2238	585356	1.0
2238	268314	1.0
2239	309077	1.0
2239	58046	1.0
2241	204825	1.0
2241	307610	1.0
2241	575713	1.0
2241	480664	1.0
2243	63042	1.0
2243	233894	1.0
2243	265904	1.0
2244	102113	1.0
2244	118521	1.0
2245	300703	1.0
2245	484266	1.0
2246	45674	1.0
2246	112393	1.0
2246	569257	1.0
2246	486058	1.0
2247	442109	1.0
2247	430821	1.0
2247	287899	1.0
2247	190266	1.0
2247	28991	1.0
2248	28850	1.0
2248	276264	1.0
2248	534220	1.0
2248	231639	1.0
2248	116082	1.0
2248	214283	1.0
2248	103804	1.0
2250	46345	1.0
2251	491052	1.0
2252	19113	1.0
2252	200485	1.0
2252	378508	1.0
2252	44387	1.0
2254	329957	1.0
2254	365561	1.0
2254	179615	1.0
2259	229354	1.0
2261	526158	1.0
2261	509218	1.0
2263	223841	1.0
2263	16563	1.0
2263	361547	1.0
2263	104526	1.0
2263	544663	1.0
2265	415717	1.0
2265	430102	1.0
2265	42960	1.0
2267	390102	1.0
2267	349087	1.0
2269	182856	1.0
2273	66302	1.0
2273	95200	1.0
2273	11423	1.0
2273	173678	1.0
2275	553031	1.0
2275	347651	1.0
2275	164672	1.0
2276	329028	1.0
2277	93836	1.0
2277	89205	1.0
2278	456814	1.0
2279	420483	1.0
2279	107763	1.0
2279	284528	1.0
2280	234983	1.0
2281	134118	1.0
2282	596645	1.0
2283	364672	1.0
2284	113451	1.0
2284	585562	1.0
2284	232282	1.0
2286	485390	1.0
2286	157101	1.0
2286	32714	1.0
2287	376392	1.0
2287	409566	1.0
2288	555915	1.0
2288	157597	1.0
2288	492371	1.0
2290	46145	1.0
2291	469198	1.0
2291	304559	1.0
2292	20054	1.0
2292	26051	1.0
2292	58368	1.0
2293	217727	1.0
2293	401807	1.0
2293	590840	1.0
2294	410675	1.0
2294	262808	1.0
2295	256996	1.0
2297	430890	1.0
2297	134722	1.0
2300	304215	1.0
2301	537394	1.0
2301	117960	1.0
2304	227079	1.0
2305	315516	1.0
2308	489633	1.0
2308	554114	1.0
2308	332855	1.0
2310	393553	1.0
2310	375542	1.0
2310	400641	1.0
2311	533808	1.0
2311	74958	1.0
2311	463881	1.0
2311	349926	1.0
2312	583519	1.0
2312	596973	1.0
2312	407844	1.0
2312	440506	1.0
2312	585899	1.0
2312	397291	1.0
2314	308967	1.0
2314	207316	1.0
2314	199634	1.0
2315	218730	1.0
2317	321120	1.0
2319	115055	1.0
2319	1519	1.0
2319	8129	1.0
2320	200054	1.0
2320	112003	1.0
2322	138645	1.0
2322	149032	1.0
2322	203475	1.0
2322	6113	1.0
2322	18832	1.0
2322	167202	1.0
2323	41322	1.0
2323	275543	1.0
2323	130759	1.0
2326	209107	1.0
2327	425185	1.0
2327	71011	1.0
2327	112793	1.0
2328	450099	1.0
2331	152643	1.0
2331	28348	1.0
2332	551492	1.0
2332	181107	1.0
2333	330792	1.0
2335	162212	1.0
2335	214685	1.0
2335	361821	1.0
2336	169026	1.0
2338	379914	1.0
2338	61384	1.0
2339	336998	1.0
2339	589256	1.0
2339	487849	1.0
2339	498881	1.0
2339	122111	1.0
2339	402950	1.0
2339	288504	1.0
2339	559539	1.0
2339	445639	1.0
2339	47565	1.0
2341	318735	1.0
2341	560391	1.0
2341	66201	1.0
2341	409120	1.0
2341	254572	1.0
2341	464080	1.0
2341	525693	1.0
2341	451858	1.0
2341	525929	1.0
2343	65982	1.0
2343	34833	1.0
2343	502366	1.0
2343	570883	1.0
2343	351664	1.0
2343	344052	1.0
2343	12035	1.0
2343	525129	1.0
2343	581976	1.0
2343	366989	1.0
2343	434143	1.0
2343	421743	1.0
2343	275356	1.0
2343	516955	1.0
2343	454337	1.0
2343	97044	1.0
2345	145148	1.0
2345	89519	1.0
2345	274122	1.0
2345	504114	1.0
2345	260007	1.0
2345	334559	1.0
2345	73652	1.0
2345	420197	1.0
2345	162631	1.0
2345	462436	1.0
2345	470299	1.0
2345	7835	1.0
2346	251564	1.0
2346	104934	1.0
2347	441010	1.0
2347	499889	1.0
2350	246633	1.0
2350	59116	1.0
2350	116182	1.0
2350	491241	1.0
2350	410874	1.0
2350	427505	1.0
2350	323238	1.0
2350	127957	1.0
2350	147422	1.0
2350	24883	1.0
2350	150598	1.0
2350	27932	1.0
2353	416511	1.0
2353	91994	1.0
2353	228445	1.0
2353	36063	1.0
2353	541315	1.0
2353	25762	1.0
2354	98457	1.0
2354	40227	1.0
2357	89084	1.0
2357	216391	1.0
2357	378137	1.0
2358	131005	1.0
2358	571920	1.0
2359	396416	1.0
2359	323808	1.0
2360	477637	1.0
2360	394151	1.0
2360	305983	1.0
2360	432642	1.0
2361	144177	1.0
2361	447237	1.0
2362	446697	1.0
2362	315959	1.0
2362	569834	1.0
2362	269579	1.0
2362	587667	1.0
2364	411825	1.0
2365	434869	1.0
2365	62794	1.0
2365	227568	1.0
2365	467898	1.0
2366	239446	1.0
2366	271153	1.0
2366	404336	1.0
2366	561140	1.0
2366	506575	1.0
2366	584531	1.0
2368	110117	1.0
2369	394154	1.0
2369	369445	1.0
2371	321794	1.0
2371	590267	1.0
2371	140118	1.0
2371	207418	1.0
2372	223712	1.0
2372	281377	1.0
2373	488876	1.0
2373	589872	1.0
2373	344888	1.0
2373	90554	1.0
2373	215587	1.0
2375	456783	1.0
2377	86406	1.0
2377	470315	1.0
2377	524257	1.0
2377	258326	1.0
2377	183733	1.0
2377	234848	1.0
2377	585806	1.0
2377	556391	1.0
2377	197138	1.0
2377	14135	1.0
2377	74255	1.0
2377	316555	1.0
2379	164559	1.0
2379	87160	1.0
2379	269671	1.0
2379	488015	1.0
2379	339332	1.0
2379	325566	1.0
2379	23116	1.0
2379	236218	1.0
2379	182444	1.0
2379	571044	1.0
2380	36880	1.0
2382	222049	1.0
2382	172752	1.0
2382	139501	1.0
2382	28894	1.0
2382	260603	1.0
2382	55440	1.0
2382	506108	1.0
2387	298998	1.0
2387	433806	1.0
2393	564299	1.0
2393	410431	1.0
2393	565691	1.0
2396	513775	1.0
2396	397749	1.0
2396	29761	1.0
2396	237784	1.0
2396	584890	1.0
2396	478221	1.0
2396	121382	1.0
2396	183781	1.0
2397	107536	1.0
2403	324994	1.0
2404	502560	1.0
2405	208989	1.0
2405	246453	1.0
2408	127697	1.0
2410	505692	1.0
2413	277174	1.0
2413	188540	1.0
2413	363719	1.0
2413	230666	1.0
2413	292338	1.0
2413	349319	1.0
2413	485760	1.0
2413	126836	1.0
2413	94302	1.0
2413	579039	1.0
2414	293404	1.0
2414	299211	1.0
2418	218468	1.0
2420	106215	1.0
2420	30311	1.0
2420	34746	1.0
2420	221364	1.0
2420	471549	1.0
2420	245786	1.0
2425	321941	1.0
2428	387344	1.0
2428	127686	1.0
2428	83733	1.0
2429	573216	1.0
2430	482797	1.0
2431	75021	1.0
2431	12961	1.0
2431	159235	1.0
2432	137694	1.0
2434	115968	1.0
2434	123902	1.0
2434	552710	1.0
2435	282115	1.0
2435	37582	1.0
2436	533789	1.0
2436	475566	1.0
2436	24917	1.0
2436	207564	1.0
2436	564638	1.0
2436	145186	1.0
2436	127601	1.0
2436	121589	1.0
2438	292224	1.0
2438	271661	1.0
2438	435810	1.0
2438	62309	1.0
2438	357108	1.0
2438	129462	1.0
2438	555183	1.0
2438	152151	1.0
2438	201498	1.0
2438	241444	1.0
2439	294424	1.0
2440	278586	1.0
2440	456407	1.0
2440	503649	1.0
2440	264396	1.0
2440	95397	1.0
2440	529844	1.0
2440	370760	1.0
2441	487870	1.0
2441	346374	1.0
2444	122185	1.0
2446	552607	1.0
2447	168679	1.0
2447	596623	1.0
2447	437392	1.0
2447	209370	1.0
2447	155564	1.0
2447	64794	1.0
2447	253304	1.0
2447	107857	1.0
2447	236153	1.0
2447	57217	1.0
2447	504854	1.0
2447	34366	1.0
2447	248826	1.0
2447	108459	1.0
2447	280478	1.0
2447	331686	1.0
2447	411897	1.0
2447	302835	1.0
2447	498886	1.0
2447	180287	1.0
2448	199310	1.0
2448	349672	1.0
2448	460401	1.0
2448	347935	1.0
2450	49285	1.0
2450	399903	1.0
2450	558948	1.0
2451	565355	1.0
2451	265640	1.0
2452	554739	1.0
2452	387876	1.0
2452	19190	1.0
2452	260272	1.0
2453	104128	1.0
2453	510599	1.0
2453	299752	1.0
2454	341473	1.0
2455	478124	1.0
2455	596284	1.0
2455	129034	1.0
2456	262152	1.0
2456	247578	1.0
2456	309354	1.0
2456	593760	1.0
2457	37382	1.0
2459	424818	1.0
2459	418647	1.0
2459	594531	1.0
2459	490865	1.0
2459	406656	1.0
2461	540917	1.0
2463	57800	1.0
2463	70490	1.0
2466	11021	1.0
2467	353926	1.0
2468	101796	1.0
2468	104220	1.0
2468	274421	1.0
2468	295707	1.0
2468	360609	1.0
2468	420792	1.0
2468	438302	1.0
2468	156553	1.0
2468	219191	1.0
2469	70542	1.0
2469	596431	1.0
2469	86305	1.0
2470	469149	1.0
2470	481747	1.0
2470	40049	1.0
2470	362210	1.0
2474	460193	1.0
2474	400540	1.0
2475	121071	1.0
2475	176172	1.0
2475	564301	1.0
2475	50737	1.0
2475	116060	1.0
2478	132738	1.0
2478	215920	1.0
2479	282826	1.0
2479	92284	1.0
2479	346373	1.0
2480	414502	1.0
2480	456155	1.0
2480	255795	1.0
2480	310284	1.0
2480	450984	1.0
2481	78632	1.0
2481	308048	1.0
2481	427916	1.0
2482	422335	1.0
2482	120466	1.0
2483	274435	1.0
2483	44632	1.0
2484	279534	1.0
2484	32985	1.0
2484	379892	1.0
2484	242198	1.0
2485	349607	1.0
2485	447358	1.0
2485	417228	1.0
2487	346474	1.0
2487	61745	1.0
2487	220459	1.0
2488	205515	1.0
2488	464355	1.0
2488	392970	1.0
2488	169496	1.0
2488	50214	1.0
2488	407353	1.0
2489	484884	1.0
2490	241202	1.0
2490	9465	1.0
2490	402306	1.0
2490	551590	1.0
2490	18303	1.0
2490	526859	1.0
2490	445322	1.0
2490	69184	1.0
2491	259138	1.0
2491	241807	1.0
2491	352120	1.0
2492	51323	1.0
2492	338406	1.0
2492	112516	1.0
2493	98358	1.0
2493	580818	1.0
2493	204982	1.0
2494	342903	1.0
2494	30403	1.0
2497	240996	1.0
2497	64718	1.0
2497	169847	1.0
2501	27862	1.0
2501	401832	1.0
2501	542400	1.0
2502	590837	1.0
2502	561764	1.0
2504	584074	1.0
2505	510144	1.0
2506	581098	1.0
2506	544254	1.0
2508	585454	1.0
2508	213630	1.0
2508	530066	1.0
2509	259530	1.0
2509	215265	1.0
2509	145650	1.0
2509	529790	1.0
2510	79129	1.0
2510	423074	1.0
2511	61706	1.0
2511	246402	1.0
2511	311472	1.0
2511	382591	1.0
2512	56558	1.0
2512	120394	1.0
2514	132777	1.0
2514	91215	1.0
2520	549787	1.0
2520	97988	1.0
2521	140500	1.0
2521	260087	1.0
2521	592719	1.0
2521	4340	1.0
2522	418108	1.0
2522	299446	1.0
2522	289450	1.0
2522	507806	1.0
2522	574438	1.0
2522	66665	1.0
2522	53966	1.0
2522	9543	1.0
2522	64189	1.0
2522	331653	1.0
2522	385829	1.0
2523	195838	1.0
2523	598802	1.0
2523	249826	1.0
2523	586875	1.0
2524	272807	1.0
2524	498888	1.0
2526	436347	1.0
2526	198562	1.0
2527	367565	1.0
2527	178290	1.0
2527	569026	1.0
2527	13376	1.0
2529	85914	1.0
2529	298745	1.0
2529	272872	1.0
2529	11722	1.0
2529	593134	1.0
2529	403563	1.0
2529	342113	1.0
2531	277353	1.0
2531	414219	1.0
2532	334162	1.0
2532	584836	1.0
2532	400119	1.0
2533	237262	1.0
2536	123263	1.0
2536	525318	1.0
2536	254541	1.0
2536	148684	1.0
2536	254319	1.0
2537	409797	1.0
2538	483480	1.0
2538	236540	1.0
2538	510232	1.0
2538	537831	1.0
2538	591163	1.0
2538	305920	1.0
2539	104857	1.0
2539	411572	1.0
2539	474059	1.0
2541	434633	1.0
2541	21338	1.0
2541	195920	1.0
2543	98230	1.0
2543	233223	1.0
2543	254556	1.0
2544	34689	1.0
2545	110242	1.0
2546	421379	1.0
2546	423809	1.0
2546	229534	1.0
2546	42491	1.0
2546	249462	1.0
2546	165904	1.0
2546	514581	1.0
2547	177250	1.0
2547	61985	1.0
2552	451897	1.0
2553	484535	1.0
2553	574711	1.0
2554	406481	1.0
2554	306961	1.0
2559	40897	1.0
2559	132274	1.0
2559	114875	1.0
2559	419356	1.0
2559	183891	1.0
2559	75636	1.0
2560	356535	1.0
2560	241200	1.0
2560	535817	1.0
2560	349669	1.0
2560	424304	1.0
2560	596714	1.0
2560	227760	1.0
2560	40982	1.0
2560	283736	1.0
2560	308131	1.0
2560	36735	1.0
2560	193449	1.0
2560	164795	1.0
2560	411479	1.0
2561	375706	1.0
2563	433035	1.0
2565	219004	1.0
2565	74648	1.0
2565	334343	1.0
2565	561988	1.0
2565	485478	1.0
2565	368840	1.0
2565	517804	1.0
2570	206285	1.0
2570	315666	1.0
2570	400714	1.0
2570	516782	1.0
2570	245168	1.0
2570	334491	1.0
2570	576890	1.0
2570	274400	1.0
2570	519750	1.0
2570	117801	1.0
2570	250027	1.0
2570	209843	1.0
2570	55513	1.0
2570	472328	1.0
2571	195640	1.0
2572	141738	1.0
2573	404852	1.0
2573	402332	1.0
2575	576985	1.0
2575	163168	1.0
2577	85658	1.0
2577	535972	1.0
2577	301616	1.0
2577	205224	1.0
2578	123971	1.0
2578	247449	1.0
2578	212320	1.0
2578	174987	1.0
2578	491923	1.0
2583	504317	1.0
2585	353653	1.0
2585	538262	1.0
2592	309250	1.0
2594	391251	1.0
2596	247074	1.0
2596	465283	1.0
2596	145614	1.0
2596	306600	1.0
2597	310844	1.0
2597	255731	1.0
2599	204807	1.0
2601	458907	1.0
2601	103130	1.0
2601	386537	1.0
2602	325348	1.0
2602	450933	1.0
2602	266567	1.0
2603	361908	1.0
2603	288438	1.0
2603	570636	1.0
2603	592309	1.0
2604	250603	1.0
2604	192612	1.0
2605	455242	1.0
2605	552586	1.0
2606	594655	1.0
2608	466745	1.0
2608	511515	1.0
2608	390474	1.0
2608	443413	1.0
2608	209865	1.0
2608	257552	1.0
2608	52735	1.0
2609	477657	1.0
2609	194444	1.0
2609	75235	1.0
2609	62576	1.0
2609	214071	1.0
2609	219272	1.0
2609	465950	1.0
2609	432573	1.0
2613	168886	1.0
2615	593197	1.0
2615	322906	1.0
2616	430240	1.0
2616	588591	1.0
2618	32177	1.0
2618	196237	1.0
2618	232262	1.0
2618	171825	1.0
2618	569240	1.0
2618	338784	1.0
2618	14011	1.0
2618	56332	1.0
2618	62162	1.0
2618	241379	1.0
2618	437538	1.0
2618	446196	1.0
2618	537171	1.0
2618	37852	1.0
2618	284386	1.0
2618	486161	1.0
2618	366571	1.0
2618	88190	1.0
2618	301489	1.0
2619	62465	1.0
2619	537068	1.0
2619	517428	1.0
2619	233781	1.0
2619	319786	1.0
2619	402581	1.0
2619	584258	1.0
2620	514129	1.0
2620	386720	1.0
2620	366444	1.0
2620	273390	1.0
2620	91147	1.0
2620	581675	1.0
2620	289002	1.0
2620	352613	1.0
2620	269401	1.0
2620	170871	1.0
2620	392660	1.0
2620	470232	1.0
2620	549868	1.0
2620	506991	1.0
2620	348353	1.0
2620	177362	1.0
2620	368315	1.0
2622	61792	1.0
2623	334542	1.0
2623	284469	1.0
2623	429579	1.0
2623	273575	1.0
2623	354383	1.0
2623	367478	1.0
2623	589515	1.0
2623	532515	1.0
2623	596598	1.0
2624	98018	1.0
2624	301194	1.0
2625	313897	1.0
2626	454208	1.0
2627	320774	1.0
2627	337876	1.0
2627	266629	1.0
2627	417460	1.0
2627	443380	1.0
2630	149198	1.0
2630	238622	1.0
2630	7632	1.0
2631	521933	1.0
2631	11401	1.0
2631	193485	1.0
2632	209754	1.0
2632	411617	1.0
2632	50141	1.0
2632	445943	1.0
2632	95806	1.0
2637	530441	1.0
2637	296571	1.0
2637	268597	1.0
2641	129481	1.0
2641	122542	1.0
2645	10558	1.0
2650	81530	1.0
2650	175367	1.0
2655	17827	1.0
2656	333755	1.0
2657	20076	1.0
2657	147025	1.0
2657	407505	1.0
2657	55920	1.0
2658	30299	1.0
2658	287481	1.0
2658	364269	1.0
2658	508211	1.0
2660	97083	1.0
2663	67045	1.0
2665	288993	1.0
2665	360973	1.0
2665	528558	1.0
2667	582908	1.0
2668	237301	1.0
2668	494211	1.0
2668	251502	1.0
2668	298509	1.0
2668	225106	1.0
2670	160313	1.0
2671	237895	1.0
2671	98372	1.0
2672	149303	1.0
2672	68928	1.0
2672	53031	1.0
2672	134632	1.0
2672	427884	1.0
2672	34626	1.0
2672	536940	1.0
2674	219351	1.0
2674	387304	1.0
2677	32072	1.0
2677	68524	1.0
2678	457022	1.0
2679	394059	1.0
2679	29817	1.0
2679	230566	1.0
2680	178501	1.0
2680	248448	1.0
2680	320442	1.0
2683	361580	1.0
2684	212004	1.0
2684	519692	1.0
2684	311252	1.0
2684	272520	1.0
2684	309395	1.0
2684	55791	1.0
2684	414583	1.0
2684	397262	1.0
2684	370108	1.0
2684	4604	1.0
2686	72672	1.0
2687	86040	1.0
2687	293048	1.0
2687	16562	1.0
2687	568944	1.0
2687	521604	1.0
2688	504243	1.0
2689	382908	1.0
2690	591323	1.0
2691	342694	1.0
2692	513051	1.0
2693	546149	1.0
2693	136040	1.0
2693	423871	1.0
2699	41914	1.0
2702	320587	1.0
2702	189371	1.0
2702	26939	1.0
2702	469519	1.0
2702	317533	1.0
2702	526577	1.0
2702	54960	1.0
2702	329466	1.0
2702	133487	1.0
2702	254493	1.0
2702	148348	1.0
2702	404732	1.0
2703	342485	1.0
2704	54251	1.0
2704	124180	1.0
2704	33441	1.0
2704	23016	1.0
2705	514260	1.0
2705	519418	1.0
2705	590668	1.0
2706	509978	1.0
2706	68462	1.0
2706	6004	1.0
2707	308964	1.0
2707	120271	1.0
2708	426771	1.0
2708	174002	1.0
2708	565782	1.0
2708	556936	1.0
2708	399751	1.0
2708	156672	1.0
2708	96351	1.0
2711	31221	1.0
2714	269169	1.0
2714	458244	1.0
2714	117696	1.0
2714	469835	1.0
2714	549402	1.0
2714	310752	1.0
2715	72168	1.0
2716	364975	1.0
2716	315571	1.0
2716	157548	1.0
2716	481063	1.0
2716	44033	1.0
2717	506065	1.0
2717	271116	1.0
2717	362721	1.0
2717	437871	1.0
2717	301161	1.0
2717	163904	1.0
2717	9737	1.0
2717	18844	1.0
2717	261345	1.0
2717	37960	1.0
2719	486367	1.0
2719	18239	1.0
2720	475457	1.0
2720	526429	1.0
2721	523018	1.0
2721	292351	1.0
2721	278711	1.0
2722	414444	1.0
2725	162875	1.0
2725	403726	1.0
2726	9479	1.0
2726	465819	1.0
2726	589088	1.0
2726	117875	1.0
2726	470692	1.0
2728	172457	1.0
2728	123693	1.0
2730	338582	1.0
2730	583345	1.0
2731	90230	1.0
2733	347010	1.0
2733	482682	1.0
2733	211045	1.0
2733	358196	1.0
2733	128980	1.0
2733	519257	1.0
2733	202179	1.0
2733	175272	1.0
2733	145353	1.0
2733	160474	1.0
2733	3778	1.0
2734	11148	1.0
2734	295738	1.0
2734	123356	1.0
2734	373312	1.0
2734	248349	1.0
2734	258306	1.0
2736	372787	1.0
2736	115702	1.0
2739	411773	1.0
2739	139595	1.0
2739	499606	1.0
2739	441400	1.0
2739	66376	1.0
2739	564860	1.0
2740	206683	1.0
2740	514406	1.0
2740	35875	1.0
2742	87771	1.0
2742	550319	1.0
2743	451360	1.0
2743	40870	1.0
2743	353289	1.0
2743	504178	1.0
2743	277457	1.0
2743	270642	1.0
2745	364802	1.0
2745	553277	1.0
2748	141245	1.0
2748	433166	1.0
2748	180773	1.0
2751	469941	1.0
2751	5840	1.0
2752	303411	1.0
2753	430570	1.0
2753	538843	1.0
2753	406511	1.0
2754	195950	1.0
2756	186185	1.0
2756	337014	1.0
2756	467529	1.0
2756	307411	1.0
2756	27429	1.0
2757	8585	1.0
2758	432550	1.0
2758	444899	1.0
2763	581866	1.0
2763	511678	1.0
2763	387035	1.0
2764	195571	1.0
2764	207531	1.0
2765	251411	1.0
2768	2338	1.0
2768	585511	1.0
2772	72053	1.0
2772	156595	1.0
2772	485318	1.0
2773	364148	1.0
2773	224689	1.0
2773	84200	1.0
2774	400369	1.0
2774	218955	1.0
2774	14219	1.0
2775	227897	1.0
2776	346166	1.0
2776	184365	1.0
2776	267422	1.0
2776	50080	1.0
2779	30770	1.0
2779	192176	1.0
2781	108461	1.0
2786	113284	1.0
2787	585960	1.0
2787	78162	1.0
2787	272695	1.0
2787	379642	1.0
2787	403776	1.0
2787	488326	1.0
2787	6496	1.0
2787	31477	1.0
2787	557532	1.0
2793	320616	1.0
2793	436119	1.0
2794	299971	1.0
2795	428671	1.0
2797	110862	1.0
2798	161062	1.0
2798	115868	1.0
2799	464477	1.0
2799	295793	1.0
2803	544992	1.0
2803	556474	1.0
2803	113543	1.0
2803	285177	1.0
2803	506844	1.0
2803	174099	1.0
2803	303246	1.0
2803	327651	1.0
2804	16745	1.0
2804	310769	1.0
2804	316388	1.0
2804	379368	1.0
2806	266706	1.0
2806	12290	1.0
2806	112411	1.0
2806	441603	1.0
2806	576894	1.0
2806	190264	1.0
2807	419171	1.0
2807	507835	1.0
2813	569917	1.0
2815	189978	1.0
2815	29548	1.0
2816	153231	1.0
2816	114054	1.0
2816	214901	1.0
2816	159245	1.0
2817	22353	1.0
2817	14639	1.0
2818	195526	1.0
2818	107833	1.0
2818	23276	1.0
2818	208219	1.0
2818	77178	1.0
2818	165103	1.0
2819	390981	1.0
2819	363911	1.0
2819	94434	1.0
2819	21626	1.0
2821	547835	1.0
2821	526477	1.0
2821	15163	1.0
2821	513256	1.0
2821	408763	1.0
2821	409927	1.0
2821	253705	1.0
2821	15202	1.0
2821	403934	1.0
2821	68431	1.0
2823	570995	1.0
2824	124191	1.0
2824	104859	1.0
2824	469194	1.0
2824	527698	1.0
2826	118065	1.0
2826	235917	1.0
2826	566493	1.0
2826	332719	1.0
2827	78000	1.0
2827	506766	1.0
2828	364938	1.0
2829	48269	1.0
2830	113189	1.0
2830	206368	1.0
2832	463611	1.0
2832	421503	1.0
2832	267901	1.0
2833	163836	1.0
2833	564548	1.0
2833	492053	1.0
2834	529638	1.0
2835	80894	1.0
2835	389501	1.0
2835	500534	1.0
2837	232717	1.0
2837	324002	1.0
2838	106027	1.0
2838	233794	1.0
2838	240373	1.0
2839	115814	1.0
2839	7399	1.0
2839	368079	1.0
2839	72979	1.0
2839	374737	1.0
2839	571203	1.0
2839	270117	1.0
2839	375242	1.0
2839	343803	1.0
2840	296365	1.0
2840	523864	1.0
2840	87082	1.0
2841	440164	1.0
2841	106070	1.0
2841	187586	1.0
2844	535566	1.0
2845	202645	1.0
2846	450878	1.0
2848	103668	1.0
2848	428513	1.0
2848	113871	1.0
2849	268489	1.0
2851	176836	1.0
2851	84263	1.0
2851	311116	1.0
2851	393467	1.0
2851	252978	1.0
2851	580935	1.0
2853	15169	1.0
2853	391752	1.0
2853	363741	1.0
2853	160140	1.0
2854	134581	1.0
2854	571800	1.0
2854	222392	1.0
2854	496395	1.0
2854	386264	1.0
2854	192428	1.0
2855	181652	1.0
2855	191993	1.0
2855	101490	1.0
2859	77016	1.0
2860	262521	1.0
2860	426639	1.0
2860	416378	1.0
2860	158968	1.0
2861	360264	1.0
2861	316149	1.0
2863	236749	1.0
2863	151033	1.0
2863	449863	1.0
2864	459695	1.0
2864	54275	1.0
2864	259531	1.0
2864	484991	1.0
2864	115484	1.0
2864	319421	1.0
2864	221978	1.0
2864	105787	1.0
2864	349906	1.0
2864	14731	1.0
2864	546261	1.0
2865	70185	1.0
2867	294718	1.0
2867	595261	1.0
2868	381341	1.0
2868	451884	1.0
2868	375657	1.0
2872	72321	1.0
2873	597053	1.0
2873	443014	1.0
2875	232983	1.0
2877	116804	1.0
2877	391146	1.0
2878	140189	1.0
2878	122581	1.0
2878	112369	1.0
2878	104254	1.0
2879	594667	1.0
2879	483218	1.0
2879	581257	1.0
2879	570466	1.0
2879	96396	1.0
2881	201968	1.0
2882	118557	1.0
2882	99279	1.0
2882	116243	1.0
2883	20791	1.0
2883	88952	1.0
2883	597571	1.0
2887	96949	1.0
2887	158426	1.0
2887	548467	1.0
2888	181855	1.0
2888	504384	1.0
2888	271040	1.0
2889	271080	1.0
2890	372014	1.0
2894	461527	1.0
2896	121414	1.0
2897	57517	1.0
2897	294199	1.0
2901	295155	1.0
2902	260817	1.0
2902	585282	1.0
2902	245729	1.0
2904	198730	1.0
2905	146969	1.0
2905	479276	1.0
2905	157157	1.0
2906	291134	1.0
2906	501952	1.0
2906	213609	1.0
2907	140966	1.0
2913	162870	1.0
2913	376987	1.0
2914	375606	1.0
2914	517305	1.0
2915	221058	1.0
2915	373136	1.0
2915	268485	1.0
2915	374474	1.0
2915	26538	1.0
2915	486675	1.0
2918	503381	1.0
2918	530318	1.0
2919	62908	1.0
2919	333583	1.0
2919	598414	1.0
2920	333425	1.0
2920	537371	1.0
2921	392094	1.0
2921	8186	1.0
2921	570248	1.0
2924	247790	1.0
2924	19456	1.0
2924	572069	1.0
2925	389217	1.0
2925	504703	1.0
2926	102379	1.0
2927	111492	1.0
2927	140989	1.0
2927	369730	1.0
2927	438456	1.0
2927	139366	1.0
2929	575876	1.0
2929	332064	1.0
2930	494689	1.0
2930	298729	1.0
2930	60817	1.0
2930	41465	1.0
2930	443087	1.0
2930	528528	1.0
2933	28942	1.0
2933	380474	1.0
2933	180311	1.0
2933	324273	1.0
2933	171253	1.0
2933	340599	1.0
2933	522587	1.0
2933	130439	1.0
2933	281322	1.0
2933	322716	1.0
2933	301609	1.0
2933	414046	1.0
2933	488037	1.0
2933	273617	1.0
2933	318674	1.0
2934	367185	1.0
2934	151002	1.0
2936	390366	1.0
2936	101993	1.0
2936	302823	1.0
2937	284591	1.0
2937	385702	1.0
2937	192652	1.0
2937	272070	1.0
2937	325612	1.0
2937	539680	1.0
2937	179657	1.0
2938	434545	1.0
2938	356835	1.0
2938	599058	1.0
2939	120609	1.0
2939	533122	1.0
2941	242733	1.0
2941	349693	1.0
2943	125098	1.0
2943	22038	1.0
2943	590744	1.0
2943	556465	1.0
2944	34302	1.0
2945	349705	1.0
2945	436875	1.0
2947	482503	1.0
2949	406789	1.0
2949	360925	1.0
2949	431504	1.0
2952	65208	1.0
2952	522486	1.0
2953	253945	1.0
2953	450363	1.0
2953	187405	1.0
2953	184644	1.0
2953	175513	1.0
2953	156337	1.0
2953	579844	1.0
2953	167297	1.0
2953	479206	1.0
2953	276560	1.0
2953	501465	1.0
2953	436051	1.0
2953	357961	1.0
2953	53177	1.0
2953	168905	1.0
2953	359736	1.0
2954	392169	1.0
2955	140562	1.0
2955	223309	1.0
2955	379275	1.0
2955	209218	1.0
2956	87706	1.0
2956	435848	1.0
2956	178668	1.0
2956	541729	1.0
2956	294451	1.0
2956	279912	1.0
2956	485488	1.0
2956	139026	1.0
2956	468777	1.0
2956	446356	1.0
2959	178386	1.0
2960	599015	1.0
2960	409980	1.0
2960	87386	1.0
2960	589416	1.0
2962	397340	1.0
2965	204176	1.0
2965	200468	1.0
2966	285395	1.0
2969	45457	1.0
2969	422750	1.0
2969	249971	1.0
2972	309497	1.0
2972	548067	1.0
2976	260162	1.0
2976	116614	1.0
2976	228111	1.0
2976	553748	1.0
2976	381104	1.0
2976	275334	1.0
2977	550496	1.0
2977	375962	1.0
2977	184081	1.0
2977	251980	1.0
2977	85252	1.0
2978	180834	1.0
2983	150903	1.0
2984	434263	1.0
2984	188129	1.0
2987	185460	1.0
2987	74964	1.0
2987	194217	1.0
2990	307518	1.0
2990	377719	1.0
2990	588569	1.0
2990	280483	1.0
2990	493043	1.0
2990	16747	1.0
2990	13046	1.0
2990	118038	1.0
2991	457013	1.0
2992	199578	1.0
2992	416125	1.0
2992	497060	1.0
2992	84213	1.0
2995	133586	1.0
2995	288391	1.0
2995	222665	1.0
2996	498649	1.0
2997	417446	1.0
2997	595427	1.0
2997	108788	1.0
2997	180185	1.0
2997	535427	1.0
2997	208202	1.0
2999	74709	1.0
2999	104131	1.0
2999	31565	1.0
2999	334750	1.0
3002	506743	1.0
3002	115648	1.0
3004	405115	1.0
3004	68632	1.0
3004	418328	1.0
3004	336277	1.0
3009	436777	1.0
3009	411143	1.0
3009	373375	1.0
3010	149384	1.0
3010	318986	1.0
3010	572363	1.0
3010	576624	1.0
3012	257715	1.0
3012	39585	1.0
3012	502126	1.0
3012	545305	1.0
3012	94886	1.0
3012	221848	1.0
3012	430612	1.0
3012	360811	1.0
3012	473835	1.0
3012	77127	1.0
3012	369496	1.0
3012	57325	1.0
3012	230534	1.0
3012	297102	1.0
3012	240997	1.0
3012	102954	1.0
3012	520149	1.0
3012	239296	1.0
3012	475452	1.0
3012	552678	1.0
3012	466388	1.0
3012	389898	1.0
3012	590994	1.0
3015	41793	1.0
3016	397059	1.0
3016	109459	1.0
3019	401819	1.0
3019	295184	1.0
3019	343872	1.0
3019	4457	1.0
3021	578527	1.0
3021	338663	1.0
3023	484778	1.0
3023	333339	1.0
3023	49966	1.0
3023	24688	1.0
3023	308693	1.0
3024	520584	1.0
3024	355897	1.0
3025	405105	1.0
3025	362933	1.0
3025	211196	1.0
3025	138437	1.0
3026	130503	1.0
3026	502283	1.0
3028	55305	1.0
3028	569940	1.0
3029	208977	1.0
3029	314085	1.0
3030	109540	1.0
3030	235700	1.0
3030	391323	1.0
3030	248108	1.0
3032	265397	1.0
3032	312131	1.0
3032	197782	1.0
3032	517201	1.0
3032	36608	1.0
3034	488870	1.0
3034	435737	1.0
3034	255414	1.0
3034	560710	1.0
3034	482815	1.0
3034	339115	1.0
3035	218622	1.0
3035	372834	1.0
3035	122074	1.0
3035	129439	1.0
3035	577605	1.0
3037	390397	1.0
3037	572654	1.0
3037	285033	1.0
3037	331614	1.0
3037	236778	1.0
3037	89807	1.0
3041	322784	1.0
3041	101764	1.0
3041	25513	1.0
3042	84963	1.0
3044	487728	1.0
3045	340857	1.0
3045	386160	1.0
3045	80007	1.0
3046	126479	1.0
3046	311214	1.0
3047	225522	1.0
3047	379387	1.0
3047	51715	1.0
3047	572563	1.0
3047	272150	1.0
3048	306149	1.0
3048	180733	1.0
3048	140481	1.0
3050	517826	1.0
3052	203544	1.0
3052	1394	1.0
3052	209224	1.0
3053	195113	1.0
3053	141534	1.0
3053	70738	1.0
3055	263361	1.0
3056	168051	1.0
3056	228010	1.0
3056	351926	1.0
3056	459799	1.0
3056	106944	1.0
3056	509761	1.0
3056	469892	1.0
3056	39260	1.0
3056	366286	1.0
3056	534906	1.0
3056	460498	1.0
3056	320583	1.0
3056	35270	1.0
3056	91517	1.0
3056	596791	1.0
3056	70668	1.0
3056	440806	1.0
3056	546831	1.0
3056	506774	1.0
3056	477705	1.0
3056	233349	1.0
3057	247760	1.0
3057	441568	1.0
3057	529032	1.0
3058	376016	1.0
3059	473963	1.0
3059	405166	1.0
3059	220898	1.0
3063	200928	1.0
3063	83331	1.0
3063	91779	1.0
3063	393759	1.0
3063	192529	1.0
3064	292788	1.0
3064	294150	1.0
3066	152563	1.0
3066	27433	1.0
3066	148233	1.0
3066	130350	1.0
3066	421833	1.0
3068	377477	1.0
3068	109675	1.0
3068	305742	1.0
3068	117921	1.0
3068	206830	1.0
3076	166627	1.0
3076	304578	1.0
3083	421803	1.0
3083	446932	1.0
3083	176742	1.0
3083	509650	1.0
3083	567201	1.0
3083	250166	1.0
3084	217749	1.0
3084	597295	1.0
3086	153281	1.0
3088	99751	1.0
3088	345681	1.0
3088	357717	1.0
3089	576931	1.0
3089	264195	1.0
3089	583262	1.0
3089	398131	1.0
3089	581555	1.0
3089	556618	1.0
3089	437902	1.0
3090	565041	1.0
3090	97962	1.0
3090	545719	1.0
3090	200211	1.0
3093	181371	1.0
3093	222703	1.0
3093	567517	1.0
3093	491932	1.0
3093	303367	1.0
3093	356862	1.0
3093	488334	1.0
3093	106161	1.0
3093	412084	1.0
3093	402814	1.0
3093	126743	1.0
3093	67672	1.0
3094	28504	1.0
3094	272137	1.0
3094	510314	1.0
3094	426694	1.0
3094	265013	1.0
3095	115922	1.0
3095	292769	1.0
3097	423438	1.0
3097	266848	1.0
3097	387717	1.0
3097	334077	1.0
3098	285085	1.0
3099	487094	1.0
3099	387700	1.0
3099	552043	1.0
3099	370644	1.0
3099	215214	1.0
3099	33006	1.0
3099	44855	1.0
3099	468894	1.0
3099	588612	1.0
3099	219061	1.0
3100	161020	1.0
3104	285745	1.0
3105	193404	1.0
3105	509430	1.0
3105	466883	1.0
3106	586026	1.0
3107	490888	1.0
3108	252843	1.0
3109	577498	1.0
3109	120288	1.0
3109	370290	1.0
3110	475748	1.0
3110	105011	1.0
3110	379639	1.0
3110	114296	1.0
3111	395011	1.0
3112	328995	1.0
3112	413522	1.0
3112	248962	1.0
3112	340530	1.0
3116	476582	1.0
3118	336441	1.0
3118	52351	1.0
3121	411606	1.0
3122	544857	1.0
3122	546932	1.0
3123	467894	1.0
3123	257163	1.0
3126	334646	1.0
3127	206350	1.0
3127	483232	1.0
3128	508764	1.0
3129	224542	1.0
3129	335237	1.0
3130	336144	1.0
3130	210917	1.0
3130	501395	1.0
3131	405848	1.0
3134	184757	1.0
3134	377444	1.0
3134	126245	1.0
3135	165759	1.0
3136	22562	1.0
3136	472682	1.0
3136	184070	1.0
3137	430071	1.0
3137	538895	1.0
3137	577051	1.0
3138	378384	1.0
3138	338539	1.0
3139	497300	1.0
3140	174310	1.0
3141	488920	1.0
3141	43653	1.0
3142	23675	1.0
3142	115111	1.0
3142	324874	1.0
3143	464537	1.0
3143	313899	1.0
3143	46842	1.0
3144	425308	1.0
3144	526520	1.0
3144	292281	1.0
3145	554654	1.0
3145	557820	1.0
3145	2376	1.0
3146	567608	1.0
3146	92201	1.0
3146	281168	1.0
3146	571433	1.0
3147	42665	1.0
3147	282681	1.0
3150	180592	1.0
3150	295906	1.0
3150	147816	1.0
3151	120981	1.0
3151	576072	1.0
3151	268083	1.0
3151	249179	1.0
3152	536196	1.0
3152	15785	1.0
3152	62346	1.0
3152	275297	1.0
3154	484946	1.0
3154	255777	1.0
3154	366526	1.0
3156	478461	1.0
3156	590384	1.0
3156	326905	1.0
3157	15844	1.0
3157	182217	1.0
3158	334379	1.0
3158	187049	1.0
3159	114435	1.0
3159	477468	1.0
3159	466976	1.0
3164	521249	1.0
3165	212157	1.0
3165	327271	1.0
3165	575933	1.0
3166	30090	1.0
3166	481648	1.0
3166	467581	1.0
3166	257916	1.0
3166	85466	1.0
3166	486245	1.0
3166	263965	1.0
3166	5191	1.0
3167	595309	1.0
3167	422373	1.0
3167	213833	1.0
3167	187155	1.0
3168	51615	1.0
3169	248393	1.0
3169	558233	1.0
3169	325407	1.0
3169	178497	1.0
3169	362874	1.0
3170	488258	1.0
3173	191766	1.0
3174	175522	1.0
3174	348550	1.0
3175	125309	1.0
3178	447222	1.0
3178	504432	1.0
3181	245827	1.0
3181	571690	1.0
3181	101519	1.0
3182	521769	1.0
3183	519173	1.0
3183	205766	1.0
3183	468984	1.0
3183	389718	1.0
3185	305226	1.0
3185	444390	1.0
3188	574696	1.0
3188	106665	1.0
3190	593761	1.0
3190	590233	1.0
3191	311153	1.0
3191	236611	1.0
3191	514375	1.0
3192	310748	1.0
3192	333023	1.0
3192	204677	1.0
3192	486681	1.0
3192	355344	1.0
3192	140016	1.0
3192	408723	1.0
3192	554700	1.0
3192	194730	1.0
3192	579007	1.0
3193	488609	1.0
3193	334810	1.0
3193	85214	1.0
3194	102682	1.0
3194	162940	1.0
3195	122986	1.0
3197	204202	1.0
3198	564436	1.0
3198	187633	1.0
3198	597135	1.0
3198	301480	1.0
3198	245250	1.0
3199	270866	1.0
3199	479918	1.0
3199	349660	1.0
3199	528840	1.0
3202	447576	1.0
3203	154774	1.0
3203	262960	1.0
3204	77304	1.0
3204	539570	1.0
3204	205217	1.0
3204	465732	1.0
3205	144190	1.0
3205	38424	1.0
3206	420622	1.0
3206	535015	1.0
3207	300107	1.0
3207	256476	1.0
3207	95869	1.0
3207	26837	1.0
3207	218139	1.0
3207	279693	1.0
3207	5744	1.0
3209	405283	1.0
3210	99233	1.0
3210	15841	1.0
3211	48404	1.0
3214	425726	1.0
3214	368336	1.0
3215	306201	1.0
3215	420118	1.0
3215	212110	1.0
3215	184800	1.0
3215	433730	1.0
3215	289801	1.0
3215	440882	1.0
3216	385344	1.0
3216	374642	1.0
3216	284539	1.0
3218	187734	1.0
3218	563812	1.0
3222	350315	1.0
3224	187085	1.0
3224	579063	1.0
3224	474816	1.0
3224	253492	1.0
3224	507408	1.0
3225	358768	1.0
3225	138419	1.0
3225	288701	1.0
3225	18257	1.0
3225	518681	1.0
3227	457667	1.0
3227	402174	1.0
3227	7774	1.0
3227	284526	1.0
3227	400859	1.0
3227	268035	1.0
3227	591130	1.0
3227	473644	1.0
3227	76782	1.0
3227	71986	1.0
3227	447597	1.0
3227	492735	1.0
3227	144894	1.0
3227	261378	1.0
3227	309853	1.0
3227	259463	1.0
3227	590375	1.0
3228	503062	1.0
3228	275171	1.0
3228	485972	1.0
3231	581755	1.0
3231	356129	1.0
3232	140653	1.0
3233	151971	1.0
3233	222693	1.0
3233	321807	1.0
3233	392806	1.0
3233	474318	1.0
3233	513642	1.0
3233	329270	1.0
3233	384662	1.0
3233	526114	1.0
3233	458427	1.0
3234	503723	1.0
3234	497599	1.0
3234	321490	1.0
3234	385736	1.0
3234	116694	1.0
3234	191508	1.0
3234	526169	1.0
3234	91926	1.0
3234	366869	1.0
3234	158845	1.0
3234	545902	1.0
3234	26165	1.0
3234	549028	1.0
3235	518710	1.0
3235	375153	1.0
3235	308889	1.0
3235	218360	1.0
3237	282103	1.0
3237	312819	1.0
3238	449777	1.0
3238	73668	1.0
3240	46266	1.0
3240	248578	1.0
3240	81388	1.0
3240	139113	1.0
3241	432393	1.0
3241	238947	1.0
3241	457189	1.0
3241	149252	1.0
3241	523040	1.0
3242	235628	1.0
3242	35002	1.0
3242	105144	1.0
3242	439349	1.0
3243	575554	1.0
3243	357706	1.0
3244	147379	1.0
3246	213370	1.0
3246	97035	1.0
3246	78086	1.0
3246	345662	1.0
3247	301998	1.0
3249	547033	1.0
3249	510575	1.0
3249	310992	1.0
3250	259602	1.0
3250	427442	1.0
3250	557647	1.0
3251	427859	1.0
3251	400738	1.0
3252	475111	1.0
3252	353546	1.0
3253	530703	1.0
3253	332152	1.0
3253	194776	1.0
3255	303225	1.0
3255	433933	1.0
3255	99450	1.0
3256	385949	1.0
3256	226839	1.0
3256	434337	1.0
3257	574654	1.0
3257	478213	1.0
3257	356552	1.0
3257	74822	1.0
3258	96791	1.0
3258	469776	1.0
3261	4168	1.0
3261	368850	1.0
3261	473180	1.0
3261	31978	1.0
3261	69419	1.0
3261	114908	1.0
3262	385506	1.0
3265	115636	1.0
3270	365342	1.0
3272	406723	1.0
3272	525053	1.0
3272	60803	1.0
3272	580747	1.0
3272	395726	1.0
3274	141511	1.0
3274	432619	1.0
3274	450147	1.0
3275	251700	1.0
3278	233423	1.0
3278	599684	1.0
3278	21910	1.0
3278	42999	1.0
3279	2018	1.0
3279	121063	1.0
3280	231133	1.0
3280	290352	1.0
3280	173132	1.0
3280	23279	1.0
3280	293282	1.0
3281	471490	1.0
3282	524801	1.0
3282	67728	1.0
3282	254236	1.0
3282	10755	1.0
3282	9970	1.0
3286	153212	1.0
3286	510753	1.0
3287	78332	1.0
3287	291165	1.0
3287	14926	1.0
3289	407378	1.0
3289	93638	1.0
3290	324037	1.0
3290	117378	1.0
3290	223033	1.0
3292	395409	1.0
3292	206556	1.0
3292	326288	1.0
3295	394658	1.0
3295	37398	1.0
3295	209115	1.0
3295	40003	1.0
3295	485304	1.0
3295	269758	1.0
3297	127559	1.0
3297	271507	1.0
3298	207483	1.0
3299	114981	1.0
3299	199020	1.0
3299	393842	1.0
3299	420046	1.0
3299	150544	1.0
3299	138096	1.0
3299	272091	1.0
3299	491567	1.0
3299	52226	1.0
3299	599217	1.0
3299	71292	1.0
3299	502164	1.0
3299	62706	1.0
3299	353224	1.0
3299	355390	1.0
3299	41852	1.0
3299	390817	1.0
3299	302808	1.0
3301	311445	1.0
3302	235029	1.0
3302	392403	1.0
3302	525337	1.0
3302	182930	1.0
3303	457081	1.0
3303	453596	1.0
3303	188845	1.0
3307	446807	1.0
3307	484129	1.0
3309	239734	1.0
3309	290056	1.0
3309	54400	1.0
3313	78518	1.0
3313	412624	1.0
3313	284081	1.0
3314	279795	1.0
3314	349156	1.0
3314	144433	1.0
3314	190699	1.0
3314	157219	1.0
3314	54240	1.0
3314	126502	1.0
3314	586488	1.0
3314	507875	1.0
3314	244986	1.0
3314	269301	1.0
3314	393337	1.0
3314	256857	1.0
3314	406377	1.0
3315	114814	1.0
3315	462956	1.0
3315	248536	1.0
3316	176017	1.0
3317	448086	1.0
3317	208169	1.0
3317	597933	1.0
3318	593445	1.0
3318	340947	1.0
3318	210219	1.0
3319	543463	1.0
3319	82482	1.0
3322	128884	1.0
3322	427145	1.0
3324	247759	1.0
3326	404487	1.0
3326	208793	1.0
3327	176830	1.0
3327	371095	1.0
3328	580379	1.0
3328	331925	1.0
3328	293920	1.0
3328	240643	1.0
3329	473154	1.0
3329	252853	1.0
3329	90519	1.0
3330	328073	1.0
3332	249851	1.0
3332	462668	1.0
3332	152446	1.0
3333	430764	1.0
3333	451985	1.0
3333	366591	1.0
3336	266812	1.0
3336	374819	1.0
3337	504497	1.0
3337	206431	1.0
3337	439899	1.0
3338	516789	1.0
3338	66963	1.0
3338	520674	1.0
3338	358651	1.0
3338	42611	1.0
3339	548649	1.0
3340	122909	1.0
3340	468016	1.0
3340	255331	1.0
3340	123366	1.0
3340	210345	1.0
3341	464449	1.0
3341	313775	1.0
3341	434853	1.0
3341	463222	1.0
3341	128257	1.0
3342	308768	1.0
3343	451688	1.0
3343	232712	1.0
3343	384770	1.0
3345	339473	1.0
3345	506824	1.0
3345	432051	1.0
3345	444351	1.0
3345	87010	1.0
3345	516555	1.0
3345	591995	1.0
3345	284948	1.0
3345	435347	1.0
3345	488755	1.0
3345	278961	1.0
3345	560016	1.0
3345	45067	1.0
3345	461385	1.0
3345	315716	1.0
3345	281612	1.0
3346	515942	1.0
3348	335858	1.0
3348	195977	1.0
3349	575241	1.0
3349	499436	1.0
3349	276321	1.0
3351	494616	1.0
3351	213393	1.0
3351	50047	1.0
3351	317619	1.0
3351	481165	1.0
3351	516631	1.0
3352	555521	1.0
3352	403092	1.0
3354	523699	1.0
3354	504816	1.0
3354	474376	1.0
3355	108672	1.0
3356	447292	1.0
3358	353615	1.0
3359	501826	1.0
3359	420600	1.0
3359	215138	1.0
3359	337817	1.0
3359	368484	1.0
3359	282067	1.0
3359	499180	1.0
3360	262270	1.0
3360	70357	1.0
3360	212589	1.0
3361	125422	1.0
3361	222954	1.0
3361	258504	1.0
3364	486419	1.0
3364	562847	1.0
3364	400043	1.0
3364	26695	1.0
3366	172305	1.0
3366	129107	1.0
3367	356928	1.0
3367	483265	1.0
3367	589539	1.0
3368	509565	1.0
3368	307426	1.0
3368	365285	1.0
3370	118615	1.0
3370	545780	1.0
3373	33628	1.0
3376	421780	1.0
3376	217628	1.0
3376	50071	1.0
3376	382576	1.0
3376	47043	1.0
3376	345778	1.0
3376	534623	1.0
3377	282379	1.0
3377	460357	1.0
3377	433727	1.0
3377	419499	1.0
3377	480419	1.0
3377	219613	1.0
3377	405837	1.0
3377	259919	1.0
3377	17110	1.0
3377	301698	1.0
3377	316631	1.0
3378	448790	1.0
3378	506194	1.0
3378	265177	1.0
3378	501432	1.0
3378	184210	1.0
3378	561461	1.0
3378	417091	1.0
3378	210676	1.0
3378	176397	1.0
3378	9152	1.0
3378	383870	1.0
3378	154180	1.0
3380	55701	1.0
3381	36375	1.0
3383	528430	1.0
3383	53755	1.0
3383	351446	1.0
3383	111764	1.0
3383	458930	1.0
3383	107841	1.0
3383	199598	1.0
3383	362518	1.0
3383	168278	1.0
3383	563482	1.0
3383	344378	1.0
3383	163043	1.0
3384	339545	1.0
3385	435940	1.0
3385	104492	1.0
3386	185104	1.0
3386	521233	1.0
3386	375877	1.0
3386	546378	1.0
3386	347874	1.0
3386	257495	1.0
3386	561968	1.0
3387	442968	1.0
3387	65034	1.0
3389	487154	1.0
3389	14463	1.0
3391	281491	1.0
3392	52684	1.0
3392	206544	1.0
3392	400910	1.0
3392	346064	1.0
3392	497596	1.0
3392	467780	1.0
3392	547050	1.0
3392	402984	1.0
3393	175889	1.0
3393	490386	1.0
3395	559522	1.0
3395	344380	1.0
3398	259890	1.0
3399	450740	1.0
3399	311607	1.0
3400	251649	1.0
3401	53225	1.0
3402	113651	1.0
3402	363691	1.0
3402	152279	1.0
3408	61962	1.0
3409	92072	1.0
3411	445869	1.0
3411	551984	1.0
3411	357455	1.0
3411	497801	1.0
3412	425888	1.0
3412	543254	1.0
3412	352589	1.0
3415	149341	1.0
3415	587711	1.0
3416	417286	1.0
3416	197108	1.0
3417	396679	1.0
3417	399366	1.0
3418	148141	1.0
3418	229118	1.0
3418	429704	1.0
3420	76285	1.0
3420	513827	1.0
3420	269061	1.0
3422	456126	1.0
3422	572507	1.0
3423	209838	1.0
3424	594529	1.0
3425	150171	1.0
3425	31603	1.0
3426	58855	1.0
3426	452562	1.0
3427	403077	1.0
3428	184524	1.0
3429	29360	1.0
3429	565676	1.0
3431	81416	1.0
3431	587580	1.0
3432	310361	1.0
3432	574585	1.0
3432	428150	1.0
3432	457945	1.0
3433	298009	1.0
3433	476173	1.0
3433	304452	1.0
3434	244318	1.0
3436	517510	1.0
3436	175537	1.0
3437	397175	1.0
3438	306166	1.0
3438	360434	1.0
3438	352013	1.0
3438	135536	1.0
3439	540292	1.0
3439	501214	1.0
3440	580980	1.0
3440	185434	1.0
3440	31509	1.0
3440	203271	1.0
3442	286654	1.0
3443	486440	1.0
3443	504999	1.0
3444	172872	1.0
3452	169076	1.0
3452	471704	1.0
3454	194899	1.0
3454	408434	1.0
3455	66119	1.0
3455	382505	1.0
3457	152753	1.0
3457	550339	1.0
3457	460850	1.0
3457	499548	1.0
3458	449001	1.0
3458	406623	1.0
3458	527231	1.0
3458	597929	1.0
3459	391360	1.0
3459	84267	1.0
3459	88013	1.0
3460	471957	1.0
3460	70305	1.0
3463	444796	1.0
3463	108876	1.0
3463	260916	1.0
3463	140116	1.0
3463	517874	1.0
3466	546288	1.0
3466	201705	1.0
3466	125482	1.0
3466	288061	1.0
3466	563959	1.0
3466	137459	1.0
3467	271658	1.0
3467	151098	1.0
3467	574398	1.0
3471	447354	1.0
3474	121187	1.0
3474	18889	1.0
3475	452075	1.0
3475	226337	1.0
3475	354815	1.0
3476	95889	1.0
3476	65235	1.0
3476	435023	1.0
3476	354638	1.0
3476	63296	1.0
3476	189406	1.0
3476	249320	1.0
3476	339854	1.0
3476	192421	1.0
3476	91870	1.0
3476	335606	1.0
3476	83536	1.0
3476	326413	1.0
3476	110635	1.0
3476	150514	1.0
3476	272116	1.0
3476	503740	1.0
3476	210743	1.0
3476	458130	1.0
3476	569912	1.0
3476	330303	1.0
3478	113786	1.0
3478	577832	1.0
3481	8018	1.0
3482	59965	1.0
3482	431203	1.0
3482	56924	1.0
3483	290647	1.0
3483	90238	1.0
3483	510872	1.0
3483	157480	1.0
3484	516548	1.0
3485	186575	1.0
3485	580820	1.0
3485	420316	1.0
3485	459725	1.0
3485	546075	1.0
3485	38070	1.0
3487	183323	1.0
3487	461879	1.0
3487	554217	1.0
3487	163126	1.0
3487	314410	1.0
3487	41779	1.0
3487	1472	1.0
3487	413976	1.0
3487	66267	1.0
3489	548102	1.0
3489	551893	1.0
3489	235391	1.0
3491	347946	1.0
3492	154841	1.0
3492	285041	1.0
3492	267266	1.0
3493	291749	1.0
3493	537036	1.0
3494	249055	1.0
3494	82627	1.0
3494	340482	1.0
3494	339053	1.0
3494	110681	1.0
3496	502196	1.0
3496	448615	1.0
3497	248697	1.0
3497	140038	1.0
3497	159273	1.0
3498	171135	1.0
3501	406225	1.0
3501	131255	1.0
3501	247371	1.0
3501	233479	1.0
3501	490352	1.0
3501	44085	1.0
3501	87351	1.0
3501	357280	1.0
3501	253596	1.0
3501	150278	1.0
3501	120080	1.0
3501	164702	1.0
3501	484734	1.0
3502	231283	1.0
3502	119117	1.0
3502	583040	1.0
3502	202632	1.0
3504	117877	1.0
3504	38249	1.0
3505	232903	1.0
3505	396066	1.0
3508	279782	1.0
3508	6751	1.0
3508	583403	1.0
3509	309388	1.0
3510	67006	1.0
3510	146204	1.0
3510	62552	1.0
3510	175564	1.0
3511	361314	1.0
3514	122182	1.0
3514	67146	1.0
3516	12590	1.0
3516	564454	1.0
3516	273618	1.0
3516	30825	1.0
3516	481401	1.0
3516	361329	1.0
3516	151375	1.0
3517	134037	1.0
3517	528296	1.0
3517	304919	1.0
3517	120700	1.0
3517	74402	1.0
3517	83177	1.0
3517	296690	1.0
3517	314242	1.0
3517	238786	1.0
3518	576170	1.0
3518	133020	1.0
3519	531137	1.0
3520	174122	1.0
3520	359303	1.0
3520	381386	1.0
3521	105345	1.0
3521	468904	1.0
3521	502773	1.0
3521	394179	1.0
3522	440856	1.0
3522	303037	1.0
3522	420978	1.0
3522	313669	1.0
3522	269064	1.0
3522	441133	1.0
3522	108859	1.0
3524	248758	1.0
3526	467936	1.0
3527	358795	1.0
3527	584278	1.0
3527	496819	1.0
3527	93017	1.0
3527	75961	1.0
3529	358736	1.0
3529	180148	1.0
3529	554082	1.0
3532	583062	1.0
3532	95683	1.0
3532	310112	1.0
3536	287092	1.0
3536	459431	1.0
3537	378060	1.0
3538	351584	1.0
3538	64005	1.0
3538	387908	1.0
3538	87157	1.0
3540	278656	1.0
3541	171629	1.0
3544	223820	1.0
3544	75486	1.0
3545	237043	1.0
3545	123535	1.0
3545	87032	1.0
3546	226568	1.0
3547	521274	1.0
3547	245117	1.0
3547	189142	1.0
3547	102138	1.0
3547	144775	1.0
3548	205817	1.0
3549	148454	1.0
3551	36935	1.0
3552	126171	1.0
3552	477811	1.0
3552	42668	1.0
3552	86716	1.0
3552	300461	1.0
3552	364445	1.0
3552	16548	1.0
3552	454412	1.0
3552	456095	1.0
3553	467463	1.0
3553	51218	1.0
3555	223338	1.0
3555	287458	1.0
3556	319894	1.0
3556	288403	1.0
3558	163733	1.0
3558	47572	1.0
3558	232322	1.0
3558	348107	1.0
3558	495082	1.0
3558	479444	1.0
3558	275444	1.0
3558	538681	1.0
3558	466943	1.0
3558	278991	1.0
3560	179359	1.0
3560	496309	1.0
3561	289270	1.0
3562	401628	1.0
3562	49354	1.0
3562	94435	1.0
3564	28477	1.0
3564	32522	1.0
3564	217629	1.0
3564	26357	1.0
3564	264565	1.0
3565	301361	1.0
3565	506233	1.0
3565	452540	1.0
3565	284694	1.0
3565	458374	1.0
3565	560622	1.0
3567	579472	1.0
3567	479827	1.0
3568	599485	1.0
3570	544381	1.0
3571	127821	1.0
3572	583321	1.0
3572	46433	1.0
3572	266952	1.0
3572	219846	1.0
3573	22719	1.0
3573	356125	1.0
3573	467059	1.0
3573	255842	1.0
3573	451692	1.0
3573	489959	1.0
3573	173807	1.0
3573	164801	1.0
3573	114768	1.0
3573	422908	1.0
3573	178181	1.0
3573	88867	1.0
3574	260623	1.0
3574	105199	1.0
3574	36833	1.0
3575	570449	1.0
3575	403556	1.0
3575	311192	1.0
3575	523127	1.0
3575	287225	1.0
3577	57229	1.0
3579	199493	1.0
3579	578728	1.0
3580	433018	1.0
3580	462673	1.0
3580	58774	1.0
3580	156019	1.0
3580	568929	1.0
3580	107595	1.0
3580	461056	1.0
3580	332066	1.0
3581	245728	1.0
3582	361341	1.0
3582	171398	1.0
3583	541145	1.0
3583	277666	1.0
3583	86155	1.0
3584	229546	1.0
3584	518079	1.0
3584	483098	1.0
3584	558237	1.0
3585	335903	1.0
3585	306782	1.0
3585	326970	1.0
3586	188510	1.0
3586	176357	1.0
3586	294492	1.0
3587	169548	1.0
3589	303112	1.0
3589	186354	1.0
3589	292893	1.0
3589	364674	1.0
3590	326329	1.0
3590	384541	1.0
3591	278268	1.0
3591	459392	1.0
3593	347186	1.0
3595	136284	1.0
3595	281573	1.0
3596	254968	1.0
3596	268142	1.0
3596	483018	1.0
3598	473504	1.0
3598	28425	1.0
3598	148632	1.0
3598	441176	1.0
3599	179891	1.0
3599	291883	1.0
3599	481852	1.0
3599	317913	1.0
3601	187699	1.0
3601	357612	1.0
3602	565868	1.0
3602	344186	1.0
3602	319307	1.0
3603	409573	1.0
3603	79892	1.0
3603	224332	1.0
3603	75747	1.0
3603	61014	1.0
3606	485102	1.0
3610	542678	1.0
3610	512669	1.0
3610	244268	1.0
3610	44360	1.0
3610	566945	1.0
3610	275410	1.0
3611	549359	1.0
3613	52404	1.0
3613	211256	1.0
3613	148228	1.0
3614	272862	1.0
3614	513980	1.0
3616	141032	1.0
3616	364666	1.0
3616	335436	1.0
3616	480402	1.0
3616	474896	1.0
3618	76776	1.0
3618	311940	1.0
3618	549640	1.0
3619	500250	1.0
3620	355315	1.0
3620	178446	1.0
3621	21975	1.0
3621	535043	1.0
3621	178296	1.0
3621	177093	1.0
3622	3217	1.0
3622	5759	1.0
3622	84441	1.0
3622	196292	1.0
3622	502291	1.0
3624	283074	1.0
3624	10526	1.0
3627	516503	1.0
3627	66182	1.0
3627	206258	1.0
3627	120061	1.0
3627	149215	1.0
3628	463595	1.0
3629	205401	1.0
3629	181749	1.0
3629	260146	1.0
3629	542530	1.0
3631	16032	1.0
3631	396889	1.0
3632	148299	1.0
3632	289594	1.0
3632	324893	1.0
3632	242321	1.0
3632	254676	1.0
3632	319555	1.0
3632	158887	1.0
3632	119379	1.0
3632	86909	1.0
3632	359177	1.0
3634	134419	1.0
3635	419436	1.0
3635	469972	1.0
3635	69565	1.0
3635	352586	1.0
3635	187163	1.0
3637	450775	1.0
3637	30394	1.0
3638	551393	1.0
3640	568443	1.0
3640	584627	1.0
3640	108845	1.0
3640	61524	1.0
3642	491897	1.0
3643	156571	1.0
3643	376703	1.0
3643	23309	1.0
3644	596111	1.0
3644	359787	1.0
3644	115862	1.0
3644	439566	1.0
3644	467211	1.0
3644	389916	1.0
3644	23533	1.0
3644	17428	1.0
3645	60020	1.0
3645	453221	1.0
3645	52720	1.0
3645	361475	1.0
3647	59795	1.0
3648	592117	1.0
3649	508753	1.0
3649	342554	1.0
3650	366865	1.0
3650	574575	1.0
3650	37327	1.0
3650	462609	1.0
3650	221502	1.0
3651	436840	1.0
3651	305049	1.0
3651	292038	1.0
3651	399013	1.0
3651	97162	1.0
3651	190553	1.0
3651	184175	1.0
3651	459705	1.0
3651	500946	1.0
3653	299566	1.0
3653	128350	1.0
3653	548860	1.0
3653	95150	1.0
3653	432497	1.0
3653	526982	1.0
3653	441866	1.0
3653	425397	1.0
3653	277149	1.0
3655	4830	1.0
3655	23097	1.0
3656	418801	1.0
3656	245746	1.0
3656	259228	1.0
3656	75273	1.0
3656	131327	1.0
3656	439942	1.0
3656	123071	1.0
3656	373497	1.0
3656	407274	1.0
3657	291830	1.0
3657	60032	1.0
3657	418551	1.0
3657	499166	1.0
3657	250446	1.0
3657	412331	1.0
3658	419754	1.0
3658	400515	1.0
3658	595615	1.0
3658	331155	1.0
3658	272844	1.0
3658	152449	1.0
3658	320606	1.0
3658	522991	1.0
3660	320184	1.0
3660	350748	1.0
3660	363335	1.0
3660	278310	1.0
3660	501276	1.0
3660	237161	1.0
3661	406036	1.0
3661	33914	1.0
3661	157630	1.0
3661	434749	1.0
3661	446714	1.0
3661	147837	1.0
3661	69495	1.0
3661	281040	1.0
3661	495977	1.0
3662	465820	1.0
3665	454563	1.0
3665	283459	1.0
3666	474460	1.0
3666	43046	1.0
3666	294613	1.0
3667	328477	1.0
3671	399480	1.0
3671	96363	1.0
3671	101551	1.0
3671	269782	1.0
3671	511510	1.0
3671	339443	1.0
3672	141189	1.0
3672	249017	1.0
3674	526499	1.0
3674	175649	1.0
3674	488881	1.0
3677	555406	1.0
3677	453257	1.0
3677	45090	1.0
3678	594367	1.0
3678	451879	1.0
3678	433260	1.0
3678	428783	1.0
3678	496781	1.0
3678	36695	1.0
3680	127832	1.0
3680	397718	1.0
3681	177915	1.0
3681	560749	1.0
3681	117077	1.0
3681	11885	1.0
3681	567206	1.0
3684	330288	1.0
3684	197596	1.0
3685	2025	1.0
3685	456361	1.0
3686	278071	1.0
3686	401267	1.0
3686	47979	1.0
3686	159783	1.0
3687	316925	1.0
3688	394191	1.0
3689	62811	1.0
3689	46767	1.0
3689	423892	1.0
3689	151699	1.0
3689	372036	1.0
3690	475607	1.0
3691	450600	1.0
3691	233251	1.0
3691	155131	1.0
3692	566030	1.0
3692	482921	1.0
3692	508387	1.0
3695	304407	1.0
3695	93386	1.0
3695	214934	1.0
3698	185616	1.0
3698	11429	1.0
3698	274834	1.0
3698	339017	1.0
3698	68144	1.0
3699	475959	1.0
3699	276009	1.0
3699	337097	1.0
3700	105714	1.0
3700	534588	1.0
3700	385427	1.0
3701	402327	1.0
3702	429196	1.0
3702	561205	1.0
3702	235531	1.0
3702	72846	1.0
3702	301985	1.0
3702	458546	1.0
3702	88157	1.0
3703	551009	1.0
3705	8480	1.0
3705	144731	1.0
3705	267592	1.0
3705	513490	1.0
3705	393617	1.0
3705	112435	1.0
3705	315017	1.0
3705	280177	1.0
3710	20637	1.0
3710	495874	1.0
3710	485778	1.0
3712	274701	1.0
3712	434257	1.0
3712	281568	1.0
3712	577658	1.0
3712	560897	1.0
3712	222423	1.0
3715	354655	1.0
3715	290235	1.0
3715	100683	1.0
3715	346168	1.0
3715	76283	1.0
3715	25315	1.0
3715	419926	1.0
3715	539475	1.0
3715	287979	1.0
3718	445739	1.0
3718	224377	1.0
3719	444548	1.0
3720	62862	1.0
3720	242182	1.0
3720	36801	1.0
3720	402543	1.0
3720	426796	1.0
3720	336908	1.0
3720	196870	1.0
3720	95966	1.0
3720	497408	1.0
3720	578738	1.0
3720	425994	1.0
3720	393866	1.0
3720	79612	1.0
3720	440012	1.0
3722	106249	1.0
3722	415433	1.0
3725	569409	1.0
3727	151851	1.0
3727	151311	1.0
3727	404819	1.0
3728	233535	1.0
3728	530233	1.0
3729	125204	1.0
3731	85478	1.0
3731	83769	1.0
3732	24138	1.0
3732	224373	1.0
3733	99619	1.0
3734	261161	1.0
3734	51583	1.0
3734	189684	1.0
3736	92649	1.0
3737	562934	1.0
3737	321361	1.0
3737	99521	1.0
3738	167129	1.0
3738	16626	1.0
3739	350607	1.0
3739	404949	1.0
3739	39478	1.0
3739	352484	1.0
3740	64130	1.0
3740	574011	1.0
3741	85373	1.0
3741	273480	1.0
3745	342865	1.0
3745	123511	1.0
3745	36649	1.0
3745	99314	1.0
3745	238491	1.0
3747	59327	1.0
3747	65121	1.0
3747	321027	1.0
3747	499752	1.0
3747	517361	1.0
3747	69938	1.0
3747	81206	1.0
3747	82227	1.0
3747	273095	1.0
3747	82741	1.0
3747	93271	1.0
3747	479240	1.0
3750	452544	1.0
3750	3110	1.0
3750	463105	1.0
3750	44843	1.0
3750	17469	1.0
3750	493576	1.0
3750	132	1.0
3752	476763	1.0
3753	383102	1.0
3753	81343	1.0
3753	466338	1.0
3753	524912	1.0
3753	115678	1.0
3754	598030	1.0
3754	309358	1.0
3754	304007	1.0
3754	575359	1.0
3754	540553	1.0
3754	231521	1.0
3754	235322	1.0
3754	122513	1.0
3754	379419	1.0
3755	313039	1.0
3755	314691	1.0
3756	557870	1.0
3756	428689	1.0
3756	158965	1.0
3756	321196	1.0
3758	156816	1.0
3760	229777	1.0
3761	217222	1.0
3761	357934	1.0
3762	280530	1.0
3762	137267	1.0
3762	246253	1.0
3762	363753	1.0
3763	162562	1.0
3763	484904	1.0
3763	578615	1.0
3763	438525	1.0
3763	4031	1.0
3763	511707	1.0
3763	31574	1.0
3764	121465	1.0
3764	370635	1.0
3768	589986	1.0
3768	57000	1.0
3768	539244	1.0
3768	491528	1.0
3769	240038	1.0
3769	362037	1.0
3769	382063	1.0
3769	113110	1.0
3769	562412	1.0
3769	517215	1.0
3769	562495	1.0
3773	236177	1.0
3774	196997	1.0
3774	176383	1.0
3774	580642	1.0
3774	261825	1.0
3774	346537	1.0
3774	133193	1.0
3774	526817	1.0
3774	358213	1.0
3774	355686	1.0
3779	145238	1.0
3779	580147	1.0
3779	249831	1.0
3783	585341	1.0
3783	354409	1.0
3783	78787	1.0
3783	479376	1.0
3785	382571	1.0
3785	473292	1.0
3785	410313	1.0
3785	349160	1.0
3785	385078	1.0
3785	433478	1.0
3785	195067	1.0
3787	366597	1.0
3790	549394	1.0
3790	169316	1.0
3790	281599	1.0
3790	445263	1.0
3790	22378	1.0
3790	432961	1.0
3790	544358	1.0
3790	197779	1.0
3790	157190	1.0
3798	240894	1.0
3798	437409	1.0
3798	180404	1.0
3798	75658	1.0
3798	217438	1.0
3798	305794	1.0
3798	479398	1.0
3798	471825	1.0
3803	395021	1.0
3803	340620	1.0
3803	335859	1.0
3804	410459	1.0
3805	244418	1.0
3805	241501	1.0
3807	54189	1.0
3807	526106	1.0
3809	473957	1.0
3810	377784	1.0
3811	410453	1.0
3811	437823	1.0
3811	387906	1.0
3812	466507	1.0
3812	562612	1.0
3812	102651	1.0
3812	35282	1.0
3813	454867	1.0
3813	391361	1.0
3814	460457	1.0
3814	325808	1.0
3815	164200	1.0
3817	251300	1.0
3817	463301	1.0
3817	381655	1.0
3817	590535	1.0
3818	400016	1.0
3818	438103	1.0
3818	58206	1.0
3818	199937	1.0
3819	367391	1.0
3820	377547	1.0
3821	188497	1.0
3821	14185	1.0
3826	91688	1.0
3826	563326	1.0
3826	291376	1.0
3826	456587	1.0
3828	277714	1.0
3828	461456	1.0
3828	22961	1.0
3831	458485	1.0
3831	22599	1.0
3832	8464	1.0
3832	18209	1.0
3832	132684	1.0
3832	264994	1.0
3832	475906	1.0
3832	422560	1.0
3832	385468	1.0
3833	205791	1.0
3833	8200	1.0
3834	599159	1.0
3834	350162	1.0
3835	564069	1.0
3835	533576	1.0
3835	345597	1.0
3835	334463	1.0
3838	5180	1.0
3838	556079	1.0
3838	231662	1.0
3838	192738	1.0
3838	264023	1.0
3838	125601	1.0
3838	188289	1.0
3838	152603	1.0
3838	505617	1.0
3838	459677	1.0
3838	495153	1.0
3839	314679	1.0
3839	319043	1.0
3839	318132	1.0
3839	429627	1.0
3840	228871	1.0
3840	536463	1.0
3840	301792	1.0
3840	296165	1.0
3840	524226	1.0
3841	525360	1.0
3841	486828	1.0
3843	30322	1.0
3844	181360	1.0
3844	497530	1.0
3845	450184	1.0
3846	87696	1.0
3847	557199	1.0
3847	450830	1.0
3853	375537	1.0
3854	466213	1.0
3854	477476	1.0
3855	151810	1.0
3856	370496	1.0
3856	216515	1.0
3856	30191	1.0
3856	115548	1.0
3857	489199	1.0
3857	301833	1.0
3857	406109	1.0
3857	564553	1.0
3858	13215	1.0
3860	292324	1.0
3861	345388	1.0
3861	451737	1.0
3861	67625	1.0
3861	217124	1.0
3861	556421	1.0
3862	435825	1.0
3862	243839	1.0
3863	587636	1.0
3863	525322	1.0
3863	588029	1.0
3865	456098	1.0
3865	572796	1.0
3865	440609	1.0
3865	7432	1.0
3865	444590	1.0
3865	123549	1.0
3865	120691	1.0
3865	498775	1.0
3865	571801	1.0
3865	550813	1.0
3865	89161	1.0
3865	86752	1.0
3865	533933	1.0
3869	543607	1.0
3869	398258	1.0
3869	439474	1.0
3869	339365	1.0
3869	435006	1.0
3869	86245	1.0
3871	137736	1.0
3871	126675	1.0
3871	503734	1.0
3871	366847	1.0
3871	107819	1.0
3872	314988	1.0
3872	541595	1.0
3872	380103	1.0
3872	181657	1.0
3872	169632	1.0
3872	341912	1.0
3872	301643	1.0
3872	22483	1.0
3872	167082	1.0
3872	31413	1.0
3872	578340	1.0
3872	380368	1.0
3872	565361	1.0
3872	536503	1.0
3873	215568	1.0
3873	84853	1.0
3877	146947	1.0
3877	166220	1.0
3877	528475	1.0
3877	208916	1.0
3878	33987	1.0
3878	230297	1.0
3879	552343	1.0
3879	446877	1.0
3879	380851	1.0
3879	189680	1.0
3880	325470	1.0
3881	37133	1.0
3881	505461	1.0
3882	447593	1.0
3882	256261	1.0
3883	371188	1.0
3883	565115	1.0
3883	358661	1.0
3883	192958	1.0
3883	31301	1.0
3883	482141	1.0
3883	241458	1.0
3883	432067	1.0
3883	137449	1.0
3885	79105	1.0
3885	498676	1.0
3886	477143	1.0
3886	92516	1.0
3886	401753	1.0
3886	578261	1.0
3886	247895	1.0
3886	506447	1.0
3886	133522	1.0
3887	93157	1.0
3887	295465	1.0
3887	528970	1.0
3887	168613	1.0
3887	208261	1.0
3887	434394	1.0
3887	81188	1.0
3890	496921	1.0
3891	337736	1.0
3891	384345	1.0
3891	547553	1.0
3892	264029	1.0
3892	244733	1.0
3892	565428	1.0
3892	395152	1.0
3892	295246	1.0
3892	205865	1.0
3892	169275	1.0
3892	421652	1.0
3893	402404	1.0
3893	3047	1.0
3893	529689	1.0
3895	45970	1.0
3895	403977	1.0
3895	274833	1.0
3896	324445	1.0
3896	68842	1.0
3900	563009	1.0
3900	96268	1.0
3900	103093	1.0
3900	577323	1.0
3900	248615	1.0
3900	26816	1.0
3900	546070	1.0
3900	187010	1.0
3900	229572	1.0
3900	123557	1.0
3903	504301	1.0
3903	414189	1.0
3903	210514	1.0
3904	569342	1.0
3905	583666	1.0
3905	414363	1.0
3906	306189	1.0
3906	301547	1.0
3906	559768	1.0
3908	586649	1.0
3908	358770	1.0
3910	150692	1.0
3910	153348	1.0
3912	89662	1.0
3913	512699	1.0
3913	564206	1.0
3913	555812	1.0
3913	329277	1.0
3913	27484	1.0
3913	2348	1.0
3914	155358	1.0
3914	497606	1.0
3915	233007	1.0
3915	115817	1.0
3915	181792	1.0
3915	11979	1.0
3916	278889	1.0
3918	268777	1.0
3918	390461	1.0
3918	450031	1.0
3919	105343	1.0
3919	501748	1.0
3920	49614	1.0
3920	290979	1.0
3923	430100	1.0
3924	214518	1.0
3924	592785	1.0
3924	213081	1.0
3924	220644	1.0
3925	273645	1.0
3925	591812	1.0
3925	494034	1.0
3925	570611	1.0
3925	133728	1.0
3925	1962	1.0
3931	1897	1.0
3933	543996	1.0
3933	459647	1.0
3933	319568	1.0
3933	225853	1.0
3935	361263	1.0
3935	361646	1.0
3935	57211	1.0
3935	2755	1.0
3935	403969	1.0
3935	466342	1.0
3935	541298	1.0
3935	24864	1.0
3935	438893	1.0
3935	174941	1.0
3935	573138	1.0
3935	318045	1.0
3938	99463	1.0
3938	508343	1.0
3938	162633	1.0
3938	371513	1.0
3938	251740	1.0
3939	446117	1.0
3939	156832	1.0
3940	259780	1.0
3940	439779	1.0
3940	43152	1.0
3942	72722	1.0
3943	357481	1.0
3943	500671	1.0
3943	494116	1.0
3943	115172	1.0
3943	334137	1.0
3946	555732	1.0
3949	403357	1.0
3949	21319	1.0
3949	430044	1.0
3949	35159	1.0
3949	410476	1.0
3950	61170	1.0
3950	127743	1.0
3950	275943	1.0
3950	274165	1.0
3950	440039	1.0
3951	277311	1.0
3952	163896	1.0
3952	359713	1.0
3953	426960	1.0
3956	431395	1.0
3956	319331	1.0
3957	268423	1.0
3957	453639	1.0
3957	311782	1.0
3959	573523	1.0
3960	14493	1.0
3962	340815	1.0
3962	534796	1.0
3962	104661	1.0
3962	587111	1.0
3963	461018	1.0
3963	451301	1.0
3963	113623	1.0
3964	550643	1.0
3964	515193	1.0
3964	227955	1.0
3965	578677	1.0
3966	173790	1.0
3966	104563	1.0
3967	479616	1.0
3967	311655	1.0
3968	34338	1.0
3969	192540	1.0
3970	488994	1.0
3971	278168	1.0
3971	449969	1.0
3971	46936	1.0
3971	314335	1.0
3971	312211	1.0
3971	330533	1.0
3971	26339	1.0
3971	222095	1.0
3973	444640	1.0
3973	294077	1.0
3973	9830	1.0
3973	380595	1.0
3974	242027	1.0
3974	158515	1.0
3974	482235	1.0
3977	386404	1.0
3977	395690	1.0
3977	403450	1.0
3977	484711	1.0
3978	99865	1.0
3978	59372	1.0
3978	513079	1.0
3979	589132	1.0
3979	519297	1.0
3979	304461	1.0
3979	3623	1.0
3979	425680	1.0
3979	114979	1.0
3982	76856	1.0
3982	282456	1.0
3982	540619	1.0
3982	284832	1.0
3984	84422	1.0
3984	384361	1.0
3985	129309	1.0
3987	14781	1.0
3989	384627	1.0
3989	143334	1.0
3990	77658	1.0
3990	285885	1.0
3990	426906	1.0
3990	199527	1.0
3992	7625	1.0
3992	257757	1.0
3992	180677	1.0
3992	492627	1.0
3992	464843	1.0
3992	148335	1.0
3992	115118	1.0
3992	580313	1.0
3993	222635	1.0
3993	189006	1.0
3993	137353	1.0
3996	346387	1.0
3996	229528	1.0
3998	422295	1.0
3998	510233	1.0
3998	422876	1.0
3999	385121	1.0
3999	127004	1.0
4001	166495	1.0
4002	396332	1.0
4002	89015	1.0
4002	272909	1.0
4002	167270	1.0
4002	436997	1.0
4002	245561	1.0
4002	328681	1.0
4002	552178	1.0
4002	327151	1.0
4003	183531	1.0
4005	324066	1.0
4005	402046	1.0
4006	79153	1.0
4006	259897	1.0
4006	458917	1.0
4008	100668	1.0
4008	32749	1.0
4008	466587	1.0
4013	497764	1.0
4013	141405	1.0
4013	290782	1.0
4015	175019	1.0
4015	146218	1.0
4017	93882	1.0
4018	47946	1.0
4018	403017	1.0
4018	225815	1.0
4018	477630	1.0
4020	30623	1.0
4021	309868	1.0
4021	62655	1.0
4021	247064	1.0
4021	528126	1.0
4021	577479	1.0
4021	56392	1.0
4021	7668	1.0
4021	63054	1.0
4024	570318	1.0
4024	38712	1.0
4025	274900	1.0
4028	451849	1.0
4028	540811	1.0
4028	431481	1.0
4028	158922	1.0
4028	599020	1.0
4028	122382	1.0
4028	92406	1.0
4032	24231	1.0
4032	92370	1.0
4032	448067	1.0
4033	25817	1.0
4033	440123	1.0
4036	322049	1.0
4036	348982	1.0
4036	6891	1.0
4036	384644	1.0
4036	21810	1.0
4036	235004	1.0
4036	530548	1.0
4036	408983	1.0
4038	253489	1.0
4038	241099	1.0
4038	41165	1.0
4038	538607	1.0
4038	177757	1.0
4038	339326	1.0
4038	502389	1.0
4038	402852	1.0
4040	354136	1.0
4041	253374	1.0
4041	506618	1.0
4042	312369	1.0
4042	52438	1.0
4042	333102	1.0
4042	387011	1.0
4042	4976	1.0
4042	383827	1.0
4042	356374	1.0
4044	129350	1.0
4044	505467	1.0
4044	4038	1.0
4044	452148	1.0
4044	303011	1.0
4044	494706	1.0
4044	186735	1.0
4044	10483	1.0
4044	549759	1.0
4045	293652	1.0
4045	518624	1.0
4046	232544	1.0
4048	357103	1.0
4048	285064	1.0
4050	192495	1.0
4050	556668	1.0
4050	236082	1.0
4050	358090	1.0
4050	598356	1.0
4050	545800	1.0
4050	129027	1.0
4050	350151	1.0
4050	236334	1.0
4050	147243	1.0
4050	587193	1.0
4050	354135	1.0
4050	65313	1.0
4050	251065	1.0
4050	248678	1.0
4051	14065	1.0
4053	533311	1.0
4053	278638	1.0
4054	530938	1.0
4055	151994	1.0
4055	276032	1.0
4055	29298	1.0
4056	514697	1.0
4057	259282	1.0
4058	587727	1.0
4058	415616	1.0
4058	69005	1.0
4058	484683	1.0
4058	265231	1.0
4058	364131	1.0
4058	455698	1.0
4059	260363	1.0
4059	210653	1.0
4059	89947	1.0
4059	571713	1.0
4059	295637	1.0
4059	62719	1.0
4061	302448	1.0
4061	487890	1.0
4062	73283	1.0
4062	462618	1.0
4062	195100	1.0
4062	470357	1.0
4062	397290	1.0
4062	521641	1.0
4062	85222	1.0
4064	79119	1.0
4064	351154	1.0
4064	450922	1.0
4065	201884	1.0
4065	484327	1.0
4065	520165	1.0
4065	436948	1.0
4067	248019	1.0
4067	560447	1.0
4067	355532	1.0
4067	485725	1.0
4067	474006	1.0
4067	430877	1.0
4069	575046	1.0
4069	110729	1.0
4070	211942	1.0
4070	54190	1.0
4070	127689	1.0
4073	274683	1.0
4073	490113	1.0
4073	165767	1.0
4074	535688	1.0
4074	190427	1.0
4074	458988	1.0
4074	595541	1.0
4074	7915	1.0
4075	292475	1.0
4076	259373	1.0
4077	166313	1.0
4077	85749	1.0
4077	3040	1.0
4078	43450	1.0
4078	134224	1.0
4078	43731	1.0
4079	355716	1.0
4079	95890	1.0
4079	521951	1.0
4081	371839	1.0
4082	67425	1.0
4082	364411	1.0
4082	306197	1.0
4083	436091	1.0
4083	27081	1.0
4083	569632	1.0
4083	284935	1.0
4085	561535	1.0
4085	299062	1.0
4086	234488	1.0
4087	393418	1.0
4087	249869	1.0
4087	105231	1.0
4088	394791	1.0
4088	259930	1.0
4088	157038	1.0
4088	90406	1.0
4088	491482	1.0
4089	584796	1.0
4089	501856	1.0
4089	189612	1.0
4090	3312	1.0
4090	315286	1.0
4091	158488	1.0
4091	24309	1.0
4091	447123	1.0
4091	86280	1.0
4091	82209	1.0
4091	55822	1.0
4097	355620	1.0
4097	407145	1.0
4098	67021	1.0
4098	392137	1.0
4099	532260	1.0
4100	153251	1.0
4100	412502	1.0
4101	276323	1.0
4104	181582	1.0
4106	56732	1.0
4106	524495	1.0
4106	327060	1.0
4106	10531	1.0
4107	24668	1.0
4108	239030	1.0
4108	111531	1.0
4109	128281	1.0
4110	281167	1.0
4110	263633	1.0
4112	472515	1.0
4112	158946	1.0
4112	228100	1.0
4113	508417	1.0
4115	302010	1.0
4115	327288	1.0
4115	528988	1.0
4115	88698	1.0
4115	376878	1.0
4115	68519	1.0
4115	245752	1.0
4115	179668	1.0
4115	198119	1.0
4115	168315	1.0
4118	25605	1.0
4119	493671	1.0
4119	579235	1.0
4119	151811	1.0
4119	573760	1.0
4120	142960	1.0
4120	296408	1.0
4120	52706	1.0
4120	364267	1.0
4120	268034	1.0
4121	348250	1.0
4121	576214	1.0
4122	333966	1.0
4122	357319	1.0
4123	591714	1.0
4124	525056	1.0
4124	136860	1.0
4126	583552	1.0
4128	448260	1.0
4128	340624	1.0
4128	231917	1.0
4131	322417	1.0
4131	509879	1.0
4132	515815	1.0
4133	375199	1.0
4133	318411	1.0
4133	375876	1.0
4134	451248	1.0
4134	310433	1.0
4134	326533	1.0
4135	328699	1.0
4136	374602	1.0
4136	37558	1.0
4137	367397	1.0
4137	264341	1.0
4138	328157	1.0
4138	405985	1.0
4138	204479	1.0
4138	329005	1.0
4138	218731	1.0
4139	376579	1.0
4139	551485	1.0
4140	324661	1.0
4140	493366	1.0
4141	428111	1.0
4143	81132	1.0
4143	338175	1.0
4144	315304	1.0
4144	23955	1.0
4145	454068	1.0
4147	152910	1.0
4147	554255	1.0
4147	290585	1.0
4147	215708	1.0
4147	448375	1.0
4147	501461	1.0
4148	36534	1.0
4151	152845	1.0
4151	237907	1.0
4154	355605	1.0
4154	257483	1.0
4158	416487	1.0
4159	250873	1.0
4160	102620	1.0
4160	87915	1.0
4161	457569	1.0
4161	453847	1.0
4161	522341	1.0
4161	7243	1.0
4161	336221	1.0
4161	110400	1.0
4162	514681	1.0
4162	335064	1.0
4163	221319	1.0
4165	574616	1.0
4165	225682	1.0
4166	318140	1.0
4166	409552	1.0
4166	258268	1.0
4166	241860	1.0
4166	84560	1.0
4166	141365	1.0
4166	339989	1.0
4166	279713	1.0
4166	168968	1.0
4167	228800	1.0
4167	64613	1.0
4168	223359	1.0
4168	487162	1.0
4170	149962	1.0
4172	228211	1.0
4172	133486	1.0
4172	553293	1.0
4172	425288	1.0
4173	354553	1.0
4174	566669	1.0
4174	398262	1.0
4176	578780	1.0
4176	327984	1.0
4176	493201	1.0
4176	217715	1.0
4176	548340	1.0
4176	120604	1.0
4176	496213	1.0
4176	34609	1.0
4178	393823	1.0
4178	35511	1.0
4178	450860	1.0
4178	191668	1.0
4182	420265	1.0
4182	143236	1.0
4182	119244	1.0
4182	371624	1.0
4182	110732	1.0
4182	329217	1.0
4182	573067	1.0
4182	108814	1.0
4190	147251	1.0
4190	70575	1.0
4191	515652	1.0
4191	107097	1.0
4193	272547	1.0
4193	239509	1.0
4193	329023	1.0
4193	584633	1.0
4197	248817	1.0
4197	414772	1.0
4197	773	1.0
4200	129480	1.0
4200	328443	1.0
4200	187201	1.0
4201	350366	1.0
4201	100792	1.0
4201	171197	1.0
4201	549763	1.0
4201	137073	1.0
4201	384000	1.0
4201	236444	1.0
4202	19606	1.0
4202	116921	1.0
4204	525347	1.0
4204	164059	1.0
4206	498163	1.0
4206	361172	1.0
4206	111266	1.0
4206	150102	1.0
4206	440103	1.0
4206	26122	1.0
4208	399083	1.0
4208	49602	1.0
4208	14035	1.0
4210	59225	1.0
4210	32764	1.0
4210	267176	1.0
4210	117578	1.0
4210	441904	1.0
4213	346389	1.0
4213	214542	1.0
4214	347586	1.0
4215	127434	1.0
4215	578983	1.0
4215	379492	1.0
4215	587032	1.0
4215	310629	1.0
4216	523406	1.0
4216	2234	1.0
4218	44555	1.0
4218	386162	1.0
4218	72054	1.0
4219	208623	1.0
4219	558670	1.0
4219	124479	1.0
4220	154229	1.0
4222	42334	1.0
4222	355990	1.0
4223	232491	1.0
4223	1311	1.0
4223	313839	1.0
4223	591007	1.0
4223	133185	1.0
4223	209497	1.0
4224	11230	1.0
4224	21314	1.0
4224	412781	1.0
4224	362102	1.0
4224	427411	1.0
4224	213561	1.0
4224	104741	1.0
4227	499875	1.0
4227	427991	1.0
4231	419038	1.0
4231	84610	1.0
4231	125699	1.0
4234	446506	1.0
4234	437182	1.0
4234	160011	1.0
4234	590623	1.0
4234	278611	1.0
4234	243571	1.0
4234	244408	1.0
4234	161301	1.0
4234	111054	1.0
4234	29517	1.0
4234	61093	1.0
4234	261619	1.0
4234	97151	1.0
4235	453913	1.0
4236	248677	1.0
4236	230733	1.0
4236	261804	1.0
4236	106864	1.0
4236	233821	1.0
4236	228521	1.0
4236	349838	1.0
4237	62530	1.0
4239	589481	1.0
4242	403457	1.0
4243	244004	1.0
4243	560308	1.0
4243	311748	1.0
4243	482056	1.0
4243	352833	1.0
4243	311446	1.0
4243	163872	1.0
4243	476103	1.0
4244	491219	1.0
4244	59710	1.0
4244	411332	1.0
4245	90845	1.0
4245	165695	1.0
4245	99336	1.0
4245	123835	1.0
4246	556594	1.0
4246	288167	1.0
4247	221169	1.0
4247	539381	1.0
4250	589859	1.0
4250	353662	1.0
4250	398318	1.0
4253	508858	1.0
4253	176253	1.0
4253	459970	1.0
4253	475405	1.0
4255	163303	1.0
4255	304580	1.0
4255	182010	1.0
4255	310016	1.0
4256	138213	1.0
4256	46716	1.0
4258	519845	1.0
4258	146573	1.0
4258	352771	1.0
4258	445939	1.0
4259	290830	1.0
4259	283774	1.0
4260	115517	1.0
4260	146639	1.0
4262	25582	1.0
4262	98726	1.0
4264	300554	1.0
4264	116755	1.0
4264	251022	1.0
4264	443852	1.0
4264	565514	1.0
4264	301192	1.0
4264	511161	1.0
4264	245692	1.0
4264	155374	1.0
4267	541335	1.0
4268	555947	1.0
4268	55077	1.0
4268	416189	1.0
4268	584083	1.0
4268	163289	1.0
4268	54513	1.0
4268	571671	1.0
4271	93897	1.0
4271	506616	1.0
4272	190385	1.0
4272	411933	1.0
4272	367497	1.0
4272	429215	1.0
4272	354257	1.0
4272	212158	1.0
4272	286668	1.0
4276	329504	1.0
4277	75754	1.0
4277	412324	1.0
4277	188373	1.0
4277	11802	1.0
4277	403842	1.0
4277	162751	1.0
4280	65461	1.0
4280	414917	1.0
4280	7332	1.0
4280	113297	1.0
4280	175782	1.0
4280	542194	1.0
4280	114082	1.0
4280	51798	1.0
4280	355076	1.0
4284	105238	1.0
4284	324968	1.0
4288	237828	1.0
4290	208215	1.0
4290	211122	1.0
4290	403701	1.0
4291	404868	1.0
4291	267945	1.0
4292	587768	1.0
4292	44187	1.0
4292	151741	1.0
4296	481977	1.0
4296	536681	1.0
4296	583396	1.0
4296	272289	1.0
4296	33200	1.0
4296	400343	1.0
4298	102830	1.0
4298	319702	1.0
4298	368252	1.0
4298	509662	1.0
4298	72734	1.0
4298	309420	1.0
4300	231986	1.0
4300	294	1.0
4302	113099	1.0
4302	228889	1.0
4302	228485	1.0
4302	293999	1.0
4304	108519	1.0
4304	345910	1.0
4305	439010	1.0
4305	475393	1.0
4305	184838	1.0
4307	475629	1.0
4307	97642	1.0
4307	290584	1.0
4307	143472	1.0
4307	502594	1.0
4307	148259	1.0
4309	552298	1.0
4309	407259	1.0
4309	316219	1.0
4315	581038	1.0
4318	544092	1.0
4318	487399	1.0
4318	181574	1.0
4318	494138	1.0
4318	369470	1.0
4318	514417	1.0
4318	178693	1.0
4318	502634	1.0
4318	487980	1.0
4318	275932	1.0
4319	193171	1.0
4319	233413	1.0
4319	272198	1.0
4319	367103	1.0
4319	583695	1.0
4319	496275	1.0
4320	543616	1.0
4320	303795	1.0
4320	58785	1.0
4320	104577	1.0
4322	279151	1.0
4322	75606	1.0
4322	347556	1.0
4322	293777	1.0
4325	584901	1.0
4325	222363	1.0
4325	78648	1.0
4325	366315	1.0
4325	544506	1.0
4328	252227	1.0
4328	373717	1.0
4329	88774	1.0
4329	548971	1.0
4329	589236	1.0
4332	580757	1.0
4332	19618	1.0
4332	248794	1.0
4333	500069	1.0
4333	440470	1.0
4333	136112	1.0
4333	483998	1.0
4333	487016	1.0
4333	573615	1.0
4333	59829	1.0
4333	99551	1.0
4333	335226	1.0
4333	106011	1.0
4333	431782	1.0
4336	340436	1.0
4336	94279	1.0
4336	352832	1.0
4336	37189	1.0
4338	378616	1.0
4338	177261	1.0
4338	468581	1.0
4338	500762	1.0
4338	453305	1.0
4340	149900	1.0
4340	565226	1.0
4340	16924	1.0
4341	327369	1.0
4341	375794	1.0
4341	388830	1.0
4343	190772	1.0
4343	339169	1.0
4343	371390	1.0
4343	61329	1.0
4343	463451	1.0
4343	326599	1.0
4343	117902	1.0
4344	384857	1.0
4348	142536	1.0
4348	339030	1.0
4348	496080	1.0
4349	75326	1.0
4349	518664	1.0
4349	320675	1.0
4349	540919	1.0
4350	534734	1.0
4350	284802	1.0
4350	373903	1.0
4350	32138	1.0
4350	491064	1.0
4350	88385	1.0
4350	261975	1.0
4350	594187	1.0
4350	155880	1.0
4353	236383	1.0
4353	62378	1.0
4354	100882	1.0
4354	133788	1.0
4354	223551	1.0
4354	395471	1.0
4354	132839	1.0
4354	546598	1.0
4354	416358	1.0
4354	231246	1.0
4355	580852	1.0
4358	559027	1.0
4358	281234	1.0
4358	135113	1.0
4358	374669	1.0
4359	443451	1.0
4359	333784	1.0
4360	428018	1.0
4360	339327	1.0
4360	270926	1.0
4360	55322	1.0
4360	469368	1.0
4361	519596	1.0
4361	184776	1.0
4361	513249	1.0
4361	204711	1.0
4361	264603	1.0
4362	147093	1.0
4362	467266	1.0
4362	569691	1.0
4362	223032	1.0
4364	467390	1.0
4364	415345	1.0
4366	61924	1.0
4367	450228	1.0
4367	104724	1.0
4367	453625	1.0
4367	573713	1.0
4367	487817	1.0
4368	83687	1.0
4368	290252	1.0
4368	536456	1.0
4368	541321	1.0
4368	278903	1.0
4368	240211	1.0
4368	578223	1.0
4368	134235	1.0
4368	388242	1.0
4369	252336	1.0
4369	599860	1.0
4369	339024	1.0
4370	244278	1.0
4370	75017	1.0
4370	170194	1.0
4370	289342	1.0
4370	153968	1.0
4370	528021	1.0
4370	237197	1.0
4370	451284	1.0
4370	390848	1.0
4373	317429	1.0
4374	80156	1.0
4374	176869	1.0
4374	470759	1.0
4374	548676	1.0
4374	229153	1.0
4374	532381	1.0
4374	74248	1.0
4374	36066	1.0
4374	4171	1.0
4374	137444	1.0
4374	446972	1.0
4374	542788	1.0
4374	99089	1.0
4378	394886	1.0
4378	308289	1.0
4380	261968	1.0
4380	387555	1.0
4384	296859	1.0
4384	409862	1.0
4384	474088	1.0
4385	330020	1.0
4385	209635	1.0
4385	473965	1.0
4386	236207	1.0
4386	12885	1.0
4388	369202	1.0
4388	98096	1.0
4388	487502	1.0
4389	424744	1.0
4389	487633	1.0
4389	452169	1.0
4389	280131	1.0
4390	45022	1.0
4391	233577	1.0
4391	100324	1.0
4391	47383	1.0
4395	364744	1.0
4395	99234	1.0
4396	138418	1.0
4396	494928	1.0
4398	253912	1.0
4398	2085	1.0
4399	274859	1.0
4399	369563	1.0
4401	420267	1.0
4403	90153	1.0
4403	112259	1.0
4403	341455	1.0
4403	580963	1.0
4403	562325	1.0
4403	71257	1.0
4403	571539	1.0
4404	504479	1.0
4404	272634	1.0
4404	241181	1.0
4404	295089	1.0
4404	569211	1.0
4404	284051	1.0
4404	438073	1.0
4405	493900	1.0
4405	344573	1.0
4405	243627	1.0
4405	440940	1.0
4407	283168	1.0
4410	120133	1.0
4410	276983	1.0
4418	163590	1.0
4419	373688	1.0
4419	138274	1.0
4419	177036	1.0
4419	566429	1.0
4420	78586	1.0
4420	511559	1.0
4420	285560	1.0
4420	499348	1.0
4420	554213	1.0
4421	481312	1.0
4421	409859	1.0
4421	484486	1.0
4422	598238	1.0
4422	526818	1.0
4422	392041	1.0
4423	538898	1.0
4423	265218	1.0
4426	359201	1.0
4426	29184	1.0
4426	366877	1.0
4427	236146	1.0
4427	206580	1.0
4427	386390	1.0
4427	475671	1.0
4427	73883	1.0
4427	424220	1.0
4429	211447	1.0
4430	497434	1.0
4434	414470	1.0
4435	60166	1.0
4436	423193	1.0
4436	55841	1.0
4436	258911	1.0
4436	504940	1.0
4436	308130	1.0
4436	142209	1.0
4436	399511	1.0
4436	99730	1.0
4437	516635	1.0
4437	594686	1.0
4437	125976	1.0
4437	576569	1.0
4438	388391	1.0
4438	517961	1.0
4439	272223	1.0
4439	2619	1.0
4439	465916	1.0
4439	281049	1.0
4439	587633	1.0
4439	162745	1.0
4440	520519	1.0
4440	71709	1.0
4440	216384	1.0
4440	157728	1.0
4440	285525	1.0
4441	55177	1.0
4441	305105	1.0
4441	264184	1.0
4441	465084	1.0
4443	265103	1.0
4444	416483	1.0
4444	399590	1.0
4444	335951	1.0
4445	178460	1.0
4445	11082	1.0
4445	302412	1.0
4445	135571	1.0
4445	250681	1.0
4446	82194	1.0
4453	352339	1.0
4453	27073	1.0
4453	490258	1.0
4454	87844	1.0
4454	349355	1.0
4456	180	1.0
4459	180838	1.0
4459	110953	1.0
4462	130388	1.0
4462	422820	1.0
4462	108486	1.0
4462	569179	1.0
4462	150632	1.0
4463	354559	1.0
4463	460755	1.0
4468	501376	1.0
4468	424166	1.0
4468	577139	1.0
4468	4966	1.0
4469	79288	1.0
4470	588608	1.0
4470	103830	1.0
4471	518402	1.0
4475	599436	1.0
4475	31581	1.0
4477	517386	1.0
4478	513115	1.0
4480	266649	1.0
4480	435740	1.0
4480	54945	1.0
4480	517750	1.0
4480	503988	1.0
4481	277370	1.0
4482	356100	1.0
4482	537721	1.0
4482	169171	1.0
4482	287656	1.0
4482	375438	1.0
4482	542463	1.0
4483	406217	1.0
4483	447010	1.0
4483	335164	1.0
4485	10247	1.0
4485	299820	1.0
4489	197966	1.0
4489	450260	1.0
4489	276556	1.0
4489	81592	1.0
4490	393925	1.0
4490	402967	1.0
4490	129136	1.0
4490	341427	1.0
4490	129698	1.0
4491	59682	1.0
4491	478711	1.0
4492	594697	1.0
4492	528077	1.0
4492	563931	1.0
4492	506685	1.0
4494	357232	1.0
4494	547380	1.0
4495	457269	1.0
4495	308231	1.0
4495	56126	1.0
4495	497762	1.0
4496	119392	1.0
4496	344783	1.0
4496	297100	1.0
4496	554126	1.0
4498	260709	1.0
4501	235484	1.0
4501	452231	1.0
4501	271110	1.0
4501	486751	1.0
4501	186031	1.0
4502	447580	1.0
4502	131854	1.0
4502	61149	1.0
4502	213790	1.0
4502	375824	1.0
4502	400896	1.0
4503	319996	1.0
4503	124254	1.0
4503	379547	1.0
4503	582063	1.0
4503	452434	1.0
4503	489509	1.0
4506	343913	1.0
4506	17114	1.0
4507	66753	1.0
4511	45583	1.0
4511	592612	1.0
4517	343917	1.0
4517	15951	1.0
4517	80033	1.0
4517	121017	1.0
4517	283066	1.0
4517	420496	1.0
4517	206444	1.0
4517	545623	1.0
4517	18967	1.0
4518	312942	1.0
4518	134542	1.0
4518	477646	1.0
4518	331008	1.0
4521	187729	1.0
4524	384219	1.0
4524	228459	1.0
4524	305128	1.0
4524	95044	1.0
4524	44492	1.0
4528	380753	1.0
4528	271591	1.0
4528	23983	1.0
4528	332846	1.0
4528	315168	1.0
4528	31331	1.0
4528	497547	1.0
4528	68269	1.0
4528	177442	1.0
4528	53601	1.0
4532	70799	1.0
4533	84605	1.0
4533	229809	1.0
4537	474575	1.0
4537	387273	1.0
4537	373013	1.0
4538	449294	1.0
4538	433986	1.0
4538	213521	1.0
4538	173187	1.0
4538	73811	1.0
4538	502170	1.0
4540	373426	1.0
4540	163997	1.0
4540	547631	1.0
4540	135287	1.0
4540	40865	1.0
4540	364332	1.0
4540	273567	1.0
4540	374543	1.0
4540	60176	1.0
4540	21885	1.0
4547	290831	1.0
4549	589127	1.0
4549	238634	1.0
4550	92407	1.0
4550	209349	1.0
4554	40768	1.0
4554	95478	1.0
4556	571198	1.0
4558	582035	1.0
4558	227433	1.0
4559	538677	1.0
4559	344004	1.0
4559	61514	1.0
4559	275058	1.0
4559	124862	1.0
4562	128048	1.0
4564	309462	1.0
4564	415991	1.0
4564	412641	1.0
4564	158140	1.0
4564	210961	1.0
4564	302532	1.0
4565	267554	1.0
4565	467825	1.0
4565	135524	1.0
4566	557550	1.0
4566	42951	1.0
4566	16090	1.0
4566	18200	1.0
4567	514529	1.0
4567	451855	1.0
4570	415915	1.0
4570	418336	1.0
4572	268490	1.0
4572	546874	1.0
4572	353975	1.0
4572	322517	1.0
4572	232797	1.0
4574	185123	1.0
4574	273047	1.0
4574	44089	1.0
4574	556913	1.0
4574	447353	1.0
4574	237189	1.0
4574	44118	1.0
4575	264235	1.0
4575	201797	1.0
4575	338976	1.0
4575	410284	1.0
4575	80838	1.0
4575	412868	1.0
4575	363120	1.0
4575	404365	1.0
4575	149259	1.0
4575	81950	1.0
4576	313623	1.0
4576	462532	1.0
4576	358687	1.0
4576	9793	1.0
4577	264160	1.0
4580	122910	1.0
4580	7323	1.0
4580	481793	1.0
4580	302453	1.0
4580	306482	1.0
4580	416743	1.0
4580	3104	1.0
4580	247410	1.0
4580	537792	1.0
4580	262468	1.0
4582	80009	1.0
4582	515974	1.0
4582	362250	1.0
4582	223872	1.0
4582	470334	1.0
4584	468141	1.0
4588	583378	1.0
4588	459512	1.0
4588	197856	1.0
4588	75414	1.0
4589	10665	1.0
4590	267233	1.0
4590	662	1.0
4590	263050	1.0
4590	283100	1.0
4590	580406	1.0
4591	214710	1.0
4591	577578	1.0
4592	233401	1.0
4592	360285	1.0
4592	93219	1.0
4592	471019	1.0
4594	474129	1.0
4596	479914	1.0
4601	3455	1.0
4602	466552	1.0
4602	41357	1.0
4602	422739	1.0
4602	219563	1.0
4606	511647	1.0
4606	507983	1.0
4609	4188	1.0
4610	202818	1.0
4610	498659	1.0
4610	466138	1.0
4610	478737	1.0
4610	363285	1.0
4610	415104	1.0
4610	324967	1.0
4610	69058	1.0
4611	16013	1.0
4611	118653	1.0
4612	146091	1.0
4612	458345	1.0
4612	11032	1.0
4617	235014	1.0
4617	529085	1.0
4617	335982	1.0
4617	522906	1.0
4617	68400	1.0
4617	324585	1.0
4617	68022	1.0
4617	407043	1.0
4617	93521	1.0
4618	520562	1.0
4618	406926	1.0
4618	89181	1.0
4618	288663	1.0
4618	451923	1.0
4618	256663	1.0
4619	381164	1.0
4619	262925	1.0
4619	511769	1.0
4620	72578	1.0
4620	118999	1.0
4620	503261	1.0
4620	349458	1.0
4621	92403	1.0
4621	507029	1.0
4621	520563	1.0
4621	222914	1.0
4623	96043	1.0
4623	16606	1.0
4623	166314	1.0
4623	407350	1.0
4623	201628	1.0
4623	147589	1.0
4623	420259	1.0
4623	1145	1.0
4623	270502	1.0
4623	532609	1.0
4624	218045	1.0
4624	76515	1.0
4624	577806	1.0
4625	594475	1.0
4625	126719	1.0
4630	391861	1.0
4630	591461	1.0
4633	199237	1.0
4633	500863	1.0
4633	26335	1.0
4634	570964	1.0
4634	405581	1.0
4634	494166	1.0
4634	256890	1.0
4634	510076	1.0
4634	571487	1.0
4636	44349	1.0
4636	193463	1.0
4636	485766	1.0
4636	497786	1.0
4636	200093	1.0
4642	146926	1.0
4643	332338	1.0
4643	548682	1.0
4643	97825	1.0
4643	196405	1.0
4643	579114	1.0
4650	594959	1.0
4650	181961	1.0
4650	109292	1.0
4651	475418	1.0
4651	416513	1.0
4653	28375	1.0
4653	145404	1.0
4654	387492	1.0
4654	153989	1.0
4654	322806	1.0
4655	91671	1.0
4657	27303	1.0
4657	15112	1.0
4657	459459	1.0
4659	68631	1.0
4659	165550	1.0
4662	300298	1.0
4663	296006	1.0
4664	266221	1.0
4665	311830	1.0
4667	491082	1.0
4668	545123	1.0
4669	462384	1.0
4671	86318	1.0
4672	549798	1.0
4673	365799	1.0
4673	465536	1.0
4674	84563	1.0
4674	552581	1.0
4675	45665	1.0
4675	425738	1.0
4675	19258	1.0
4676	240685	1.0
4676	34043	1.0
4679	100057	1.0
4682	418124	1.0
4683	374518	1.0
4684	357687	1.0
4686	407899	1.0
4686	74503	1.0
4686	120954	1.0
4686	218678	1.0
4686	85433	1.0
4686	386349	1.0
4686	129681	1.0
4688	467508	1.0
4689	72088	1.0
4689	536364	1.0
4690	483269	1.0
4691	523303	1.0
4691	430051	1.0
4692	258431	1.0
4695	444568	1.0
4696	591252	1.0
4698	261994	1.0
4699	154559	1.0
4699	239137	1.0
4699	239683	1.0
4701	546379	1.0
4702	490440	1.0
4703	585241	1.0
4703	108924	1.0
4703	9146	1.0
4703	27693	1.0
4704	35593	1.0
4705	458506	1.0
4705	58432	1.0
4706	445095	1.0
4706	312260	1.0
4706	140657	1.0
4706	218067	1.0
4706	83357	1.0
4706	482518	1.0
4707	521967	1.0
4708	411856	1.0
4708	290110	1.0
4708	305894	1.0
4710	109796	1.0
4712	229225	1.0
4713	586632	1.0
4713	192665	1.0
4713	191566	1.0
4713	429575	1.0
4713	411084	1.0
4713	144114	1.0
4716	383704	1.0
4716	438779	1.0
4717	266319	1.0
4719	143861	1.0
4719	564338	1.0
4720	560245	1.0
4721	212390	1.0
4721	554891	1.0
4722	523292	1.0
4722	77214	1.0
4722	385514	1.0
4723	38863	1.0
4724	164987	1.0
4724	71708	1.0
4725	113150	1.0
4725	288604	1.0
4725	482871	1.0
4726	314303	1.0
4726	214610	1.0
4726	114599	1.0
4726	232244	1.0
4728	479384	1.0
4729	158947	1.0
4730	419864	1.0
4730	393757	1.0
4731	480924	1.0
4731	171409	1.0
4732	538787	1.0
4732	152045	1.0
4732	277544	1.0
4733	309314	1.0
4734	52047	1.0
4735	591558	1.0
4736	463462	1.0
4736	282743	1.0
4738	559333	1.0
4738	85074	1.0
4738	414260	1.0
4739	339640	1.0
4741	249450	1.0
4742	405474	1.0
4742	343042	1.0
4745	109483	1.0
4745	131282	1.0
4745	224154	1.0
4745	305164	1.0
4745	259923	1.0
4745	29812	1.0
4747	565765	1.0
4748	408932	1.0
4748	584106	1.0
4748	43142	1.0
4748	426624	1.0
4749	67824	1.0
4749	569812	1.0
4749	365771	1.0
4751	254467	1.0
4751	459226	1.0
4751	311465	1.0
4752	126559	1.0
4752	389102	1.0
4752	316035	1.0
4752	23949	1.0
4752	260095	1.0
4753	574357	1.0
4754	363726	1.0
4755	167834	1.0
4755	451092	1.0
4757	200683	1.0
4757	442591	1.0
4758	396222	1.0
4758	479390	1.0
4758	526568	1.0
4759	437402	1.0
4759	165973	1.0
4760	60098	1.0
4760	276860	1.0
4766	66534	1.0
4766	132825	1.0
4768	101255	1.0
4768	4611	1.0
4769	188695	1.0
4769	103125	1.0
4770	450178	1.0
4772	283862	1.0
4772	317037	1.0
4773	478413	1.0
4773	466196	1.0
4774	189275	1.0
4776	584860	1.0
4776	95490	1.0
4778	52741	1.0
4778	464269	1.0
4778	468095	1.0
4779	260159	1.0
4779	254500	1.0
4782	447488	1.0
4782	338707	1.0
4783	590813	1.0
4783	333343	1.0
4786	91909	1.0
4786	366055	1.0
4787	434266	1.0
4787	542461	1.0
4787	422084	1.0
4787	505580	1.0
4787	97351	1.0
4788	123638	1.0
4789	7540	1.0
4789	293501	1.0
4790	510163	1.0
4791	293897	1.0
4791	472702	1.0
4792	135556	1.0
4793	268584	1.0
4793	175100	1.0
4793	187107	1.0
4793	19343	1.0
4793	417128	1.0
4793	36088	1.0
4795	483368	1.0
4795	370569	1.0
4795	322876	1.0
4796	45638	1.0
4796	74266	1.0
4798	384583	1.0
4799	538060	1.0
4799	195967	1.0
4801	22519	1.0
4801	597376	1.0
4802	265447	1.0
4802	227447	1.0
4803	57913	1.0
4805	440370	1.0
4805	490709	1.0
4805	144685	1.0
4805	206313	1.0
4806	161411	1.0
4807	104198	1.0
4808	448044	1.0
4808	328479	1.0
4809	542721	1.0
4809	535343	1.0
4810	207354	1.0
4810	233571	1.0
4810	68248	1.0
4810	25014	1.0
4810	237584	1.0
4810	524414	1.0
4811	577090	1.0
4811	592484	1.0
4814	99727	1.0
4814	60261	1.0
4815	416409	1.0
4815	485757	1.0
4816	349611	1.0
4817	302967	1.0
4817	332244	1.0
4818	226264	1.0
4818	374330	1.0
4819	167304	1.0
4819	493202	1.0
4819	258531	1.0
4820	146359	1.0
4820	230897	1.0
4821	495344	1.0
4824	399857	1.0
4824	336053	1.0
4824	178007	1.0
4824	500355	1.0
4826	54225	1.0
4826	260726	1.0
4828	489479	1.0
4828	434519	1.0
4828	573974	1.0
4829	92390	1.0
4829	219119	1.0
4830	489220	1.0
4832	133536	1.0
4834	170379	1.0
4834	494171	1.0
4834	471643	1.0
4834	66774	1.0
4834	422453	1.0
4835	369675	1.0
4836	483191	1.0
4836	138575	1.0
4838	501892	1.0
4840	46774	1.0
4841	593111	1.0
4841	531499	1.0
4842	5418	1.0
4842	218362	1.0
4843	471611	1.0
4843	332937	1.0
4843	79415	1.0
4847	272513	1.0
4848	215659	1.0
4850	501488	1.0
4852	372703	1.0
4852	462135	1.0
4852	509745	1.0
4852	133440	1.0
4854	584350	1.0
4855	484897	1.0
4857	115087	1.0
4857	542098	1.0
4857	360439	1.0
4858	555099	1.0
4859	71543	1.0
4859	272929	1.0
4859	206879	1.0
4860	396768	1.0
4861	77963	1.0
4867	310790	1.0
4867	290353	1.0
4867	463751	1.0
4871	231268	1.0
4871	494595	1.0
4871	439719	1.0
4873	60379	1.0
4873	272318	1.0
4874	558240	1.0
4874	349536	1.0
4875	498014	1.0
4875	57520	1.0
4876	566579	1.0
4876	276593	1.0
4876	457873	1.0
4877	196173	1.0
4877	594122	1.0
4877	52149	1.0
4879	172694	1.0
4880	596106	1.0
4881	79357	1.0
4882	444750	1.0
4882	28473	1.0
4882	504434	1.0
4882	88196	1.0
4882	231306	1.0
4882	134458	1.0
4883	421940	1.0
4885	444752	1.0
4886	42537	1.0
4886	399917	1.0
4886	367206	1.0
4887	29306	1.0
4889	180461	1.0
4890	11935	1.0
4890	413324	1.0
4890	380763	1.0
4893	570874	1.0
4893	337142	1.0
4893	48529	1.0
4894	105717	1.0
4894	177114	1.0
4894	77502	1.0
4894	517935	1.0
4894	472062	1.0
4894	232460	1.0
4894	319922	1.0
4895	37306	1.0
4896	205624	1.0
4897	571015	1.0
4897	497335	1.0
4897	138830	1.0
4898	290156	1.0
4898	175682	1.0
4898	165187	1.0
4898	313421	1.0
4899	392852	1.0
4899	172303	1.0
4900	477062	1.0
4902	362225	1.0
4902	298417	1.0
4902	41875	1.0
4902	591247	1.0
4903	468025	1.0
4903	60284	1.0
4904	324879	1.0
4906	182747	1.0
4906	143261	1.0
4907	378889	1.0
4907	189915	1.0
4909	16051	1.0
4909	168238	1.0
4910	177559	1.0
4910	116436	1.0
4912	11263	1.0
4913	359969	1.0
4914	40980	1.0
4914	173649	1.0
4915	100087	1.0
4916	213535	1.0
4917	564345	1.0
4917	344812	1.0
4917	96666	1.0
4921	508070	1.0
4922	350680	1.0
4923	351810	1.0
4923	493952	1.0
4925	82479	1.0
4926	237653	1.0
4927	52940	1.0
4928	150430	1.0
4929	524123	1.0
4929	391171	1.0
4929	67365	1.0
4932	340607	1.0
4933	346449	1.0
4933	278236	1.0
4933	86982	1.0
4933	151746	1.0
4934	547984	1.0
4935	543345	1.0
4935	350796	1.0
4937	136627	1.0
4937	349208	1.0
4937	590711	1.0
4937	570805	1.0
4938	76330	1.0
4939	103987	1.0
4940	589308	1.0
4941	280405	1.0
4943	61109	1.0
4943	42639	1.0
4943	114423	1.0
4944	364594	1.0
4944	306116	1.0
4947	107801	1.0
4947	25624	1.0
4948	529455	1.0
4949	1705	1.0
4949	424961	1.0
4950	347523	1.0
4950	155351	1.0
4951	369551	1.0
4951	131044	1.0
4952	475058	1.0
4952	218793	1.0
4954	518932	1.0
4954	180428	1.0
4954	489933	1.0
4957	414636	1.0
4959	155254	1.0
4961	354006	1.0
4963	172913	1.0
4964	411799	1.0
4965	72029	1.0
4969	161156	1.0
4970	35388	1.0
4970	426268	1.0
4970	513499	1.0
4970	262546	1.0
4970	477048	1.0
4971	68417	1.0
4971	161010	1.0
4971	560681	1.0
4972	162519	1.0
4972	30800	1.0
4972	416606	1.0
4973	135220	1.0
4975	136825	1.0
4975	462671	1.0
4975	161309	1.0
4976	366288	1.0
4977	167213	1.0
4977	7597	1.0
4978	298387	1.0
4980	6826	1.0
4980	557770	1.0
4982	535593	1.0
4983	351698	1.0
4984	152265	1.0
4984	166394	1.0
4985	584128	1.0
4987	304304	1.0
4988	65578	1.0
4989	336240	1.0
4989	313057	1.0
4989	113516	1.0
4989	302678	1.0
4989	180295	1.0
4989	60282	1.0
4989	474184	1.0
4989	45729	1.0
4989	77697	1.0
4991	185541	1.0
4991	241189	1.0
4992	16961	1.0
4993	384185	1.0
4993	217636	1.0
4993	576609	1.0
4994	86408	1.0
4995	283971	1.0
4995	445113	1.0
4995	301813	1.0
4996	78430	1.0
4996	183960	1.0
4996	427229	1.0
5000	490948	1.0
5000	172251	1.0
5000	209159	1.0
5002	478772	1.0
5003	276890	1.0
5005	255455	1.0
5005	287437	1.0
5005	44521	1.0
5006	218285	1.0
5006	345943	1.0
5006	23819	1.0
5006	398278	1.0
5006	225239	1.0
5006	57841	1.0
5007	370304	1.0
5008	175927	1.0
5009	550274	1.0
5009	416661	1.0
5010	399191	1.0
5011	381610	1.0
5011	272798	1.0
5012	132920	1.0
5012	489501	1.0
5012	486791	1.0
5013	556314	1.0
5014	183450	1.0
5014	530114	1.0
5015	151902	1.0
5015	402690	1.0
5015	395481	1.0
5017	137708	1.0
5017	415432	1.0
5017	285887	1.0
5017	9957	1.0
5022	266826	1.0
5023	37116	1.0
5023	31432	1.0
5023	160169	1.0
5024	362645	1.0
5025	47904	1.0
5029	42738	1.0
5031	520098	1.0
5031	55022	1.0
5031	356388	1.0
5032	477683	1.0
5032	327941	1.0
5032	123958	1.0
5033	554853	1.0
5034	456147	1.0
5034	291793	1.0
5034	313441	1.0
5035	585139	1.0
5035	563151	1.0
5036	164262	1.0
5037	480181	1.0
5037	139230	1.0
5038	329582	1.0
5038	37959	1.0
5039	349974	1.0
5039	21768	1.0
5039	238474	1.0
5040	223277	1.0
5041	385310	1.0
5042	80024	1.0
5043	242425	1.0
5043	425444	1.0
5044	376396	1.0
5047	407017	1.0
5047	357184	1.0
5047	474173	1.0
5048	110371	1.0
5048	503940	1.0
5048	290879	1.0
5048	262028	1.0
5048	138148	1.0
5049	373554	1.0
5049	278290	1.0
5049	115267	1.0
5051	303557	1.0
5051	145862	1.0
5051	500695	1.0
5052	543921	1.0
5052	214248	1.0
5053	459152	1.0
5056	307131	1.0
5056	268049	1.0
5057	41293	1.0
5057	455488	1.0
5059	554856	1.0
5059	585790	1.0
5059	493580	1.0
5060	415976	1.0
5060	388899	1.0
5062	57305	1.0
5062	260569	1.0
5065	106578	1.0
5065	331553	1.0
5065	59670	1.0
5066	424079	1.0
5068	364138	1.0
5069	489480	1.0
5070	373691	1.0
5070	594051	1.0
5070	547558	1.0
5070	483185	1.0
5070	489729	1.0
5070	252019	1.0
5070	256362	1.0
5071	85783	1.0
5072	487776	1.0
5073	286335	1.0
5075	457395	1.0
5075	75510	1.0
5075	580661	1.0
5077	259948	1.0
5078	403559	1.0
5078	150543	1.0
5079	327700	1.0
5079	98920	1.0
5081	353915	1.0
5081	15262	1.0
5082	334909	1.0
5082	160030	1.0
5084	55820	1.0
5087	470117	1.0
5087	133120	1.0
5087	211713	1.0
5088	115079	1.0
5089	256693	1.0
5091	145143	1.0
5091	37987	1.0
5091	87675	1.0
5092	457956	1.0
5093	457532	1.0
5094	127958	1.0
5094	138352	1.0
5097	572420	1.0
5098	194240	1.0
5098	317803	1.0
5099	397081	1.0
5100	351011	1.0
5100	355319	1.0
5101	561924	1.0
5101	258419	1.0
5101	134270	1.0
5101	275084	1.0
5102	380786	1.0
5102	591704	1.0
5102	356515	1.0
5102	105567	1.0
5103	301604	1.0
5104	190603	1.0
5104	410590	1.0
5104	184208	1.0
5104	39247	1.0
5105	392503	1.0
5105	413169	1.0
5105	208645	1.0
5106	443134	1.0
5106	444931	1.0
5108	472014	1.0
5109	32282	1.0
5109	287567	1.0
5109	584801	1.0
5109	210605	1.0
5110	281533	1.0
5111	222476	1.0
5113	282565	1.0
5115	82809	1.0
5115	466161	1.0
5116	504612	1.0
5116	466950	1.0
5116	92462	1.0
5118	515645	1.0
5118	172452	1.0
5118	571116	1.0
5119	414505	1.0
5119	399345	1.0
5119	124368	1.0
5119	453521	1.0
5120	517377	1.0
5120	547142	1.0
5120	515083	1.0
5120	507776	1.0
5120	222835	1.0
5121	107727	1.0
5121	552533	1.0
5121	438148	1.0
5122	495383	1.0
5122	568220	1.0
5124	413423	1.0
5124	437465	1.0
5124	255463	1.0
5126	264586	1.0
5127	549380	1.0
5127	490100	1.0
5128	285029	1.0
5129	66649	1.0
5131	283917	1.0
5131	105140	1.0
5131	122807	1.0
5131	467195	1.0
5132	325587	1.0
5132	579165	1.0
5135	210180	1.0
5137	257060	1.0
5139	367026	1.0
5139	88214	1.0
5141	168440	1.0
5143	114022	1.0
5143	263321	1.0
5145	9286	1.0
5145	41675	1.0
5145	176699	1.0
5145	232932	1.0
5145	73286	1.0
5145	247005	1.0
5148	408865	1.0
5148	581251	1.0
5148	473883	1.0
5149	182772	1.0
5151	51497	1.0
5151	527958	1.0
5152	257833	1.0
5153	585332	1.0
5153	329674	1.0
5156	343748	1.0
5158	29828	1.0
5158	4153	1.0
5158	467830	1.0
5158	212540	1.0
5158	222921	1.0
5159	514793	1.0
5159	498444	1.0
5160	5644	1.0
5160	469515	1.0
5165	368698	1.0
5165	409537	1.0
5165	473949	1.0
5165	103584	1.0
5165	451501	1.0
5165	491629	1.0
5165	76107	1.0
5166	88417	1.0
5166	305758	1.0
5168	477357	1.0
5168	526159	1.0
5169	524649	1.0
5174	260078	1.0
5174	289526	1.0
5175	587267	1.0
5177	30316	1.0
5180	428900	1.0
5183	287398	1.0
5183	494808	1.0
5183	244104	1.0
5184	556519	1.0
5188	278643	1.0
5188	231412	1.0
5188	430900	1.0
5189	446214	1.0
5191	366541	1.0
5192	307173	1.0
5193	565698	1.0
5194	265404	1.0
5195	525557	1.0
5195	524018	1.0
5195	71082	1.0
5195	472200	1.0
5195	125195	1.0
5195	439995	1.0
5197	256587	1.0
5198	80289	1.0
5202	433490	1.0
5203	444546	1.0
5203	185217	1.0
5204	364394	1.0
5204	365476	1.0
5205	176640	1.0
5205	122525	1.0
5207	192379	1.0
5210	208860	1.0
5210	327544	1.0
5210	72736	1.0
5210	205196	1.0
5211	6245	1.0
5211	349545	1.0
5211	421987	1.0
5211	527148	1.0
5211	562045	1.0
5212	442906	1.0
5215	100566	1.0
5218	512895	1.0
5219	420018	1.0
5219	396817	1.0
5219	429153	1.0
5219	56867	1.0
5219	306834	1.0
5219	287857	1.0
5222	242663	1.0
5222	351833	1.0
5222	447562	1.0
5223	97852	1.0
5223	283374	1.0
5224	335222	1.0
5224	128772	1.0
5224	599725	1.0
5225	591079	1.0
5227	447066	1.0
5227	105596	1.0
5232	316866	1.0
5232	32127	1.0
5233	481859	1.0
5233	544070	1.0
5236	277003	1.0
5236	12247	1.0
5237	592892	1.0
5237	516361	1.0
5238	166054	1.0
5238	84896	1.0
5238	53669	1.0
5239	154681	1.0
5240	435798	1.0
5242	531408	1.0
5242	310743	1.0
5243	317666	1.0
5244	188756	1.0
5245	121798	1.0
5246	189145	1.0
5246	321786	1.0
5246	259194	1.0
5246	168301	1.0
5246	281727	1.0
5247	378972	1.0
5247	490384	1.0
5251	91477	1.0
5251	536059	1.0
5251	102811	1.0
5252	221477	1.0
5252	76457	1.0
5252	561850	1.0
5252	328182	1.0
5252	378427	1.0
5257	417501	1.0
5257	514238	1.0
5257	62222	1.0
5257	123358	1.0
5257	355310	1.0
5258	404911	1.0
5258	483564	1.0
5260	505977	1.0
5260	571804	1.0
5266	161861	1.0
5266	212265	1.0
5270	171831	1.0
5270	3283	1.0
5270	423177	1.0
5270	359252	1.0
5270	164454	1.0
5270	543227	1.0
5270	263829	1.0
5272	132994	1.0
5272	67816	1.0
5272	572061	1.0
5272	387702	1.0
5274	314235	1.0
5275	3669	1.0
5275	450256	1.0
5275	338909	1.0
5278	135022	1.0
5280	109025	1.0
5280	293464	1.0
5280	222232	1.0
5280	487179	1.0
5283	136283	1.0
5283	372677	1.0
5284	138790	1.0
5284	380759	1.0
5284	132219	1.0
5286	476260	1.0
5286	532616	1.0
5288	229563	1.0
5288	106319	1.0
5288	582829	1.0
5289	440073	1.0
5290	211444	1.0
5290	526377	1.0
5290	384850	1.0
5291	480400	1.0
5291	52882	1.0
5292	20994	1.0
5292	232736	1.0
5292	124298	1.0
5292	274733	1.0
5294	482755	1.0
5294	42129	1.0
5294	472915	1.0
5295	201317	1.0
5296	404222	1.0
5297	333605	1.0
5299	577542	1.0
5303	555581	1.0
5303	578885	1.0
5306	471322	1.0
5306	314826	1.0
5306	296401	1.0
5310	256195	1.0
5310	75715	1.0
5313	91788	1.0
5313	242022	1.0
5313	562282	1.0
5315	477316	1.0
5315	15988	1.0
5317	360089	1.0
5318	199397	1.0
5320	94858	1.0
5321	81865	1.0
5323	323469	1.0
5324	20810	1.0
5324	185983	1.0
5325	366841	1.0
5325	583912	1.0
5325	281707	1.0
5326	341712	1.0
5326	185612	1.0
5327	3566	1.0
5327	153104	1.0
5327	590874	1.0
5328	482638	1.0
5329	180899	1.0
5329	219934	1.0
5329	185118	1.0
5329	391965	1.0
5330	58553	1.0
5333	490991	1.0
5334	317160	1.0
5335	229803	1.0
5335	492578	1.0
5335	428973	1.0
5335	234148	1.0
5341	328821	1.0
5341	464296	1.0
5346	129862	1.0
5348	472646	1.0
5348	76053	1.0
5348	321647	1.0
5349	430441	1.0
5349	180003	1.0
5350	489045	1.0
5350	352908	1.0
5350	489724	1.0
5350	332674	1.0
5350	487726	1.0
5351	6068	1.0
5351	325296	1.0
5352	297215	1.0
5355	374224	1.0
5357	526015	1.0
5357	78249	1.0
5357	229271	1.0
5357	423034	1.0
5357	255739	1.0
5359	492965	1.0
5359	18689	1.0
5360	562166	1.0
5364	207473	1.0
5364	571218	1.0
5364	353081	1.0
5364	191741	1.0
5364	428236	1.0
5364	451782	1.0
5367	410327	1.0
5367	487354	1.0
5367	590614	1.0
5367	285780	1.0
5368	453301	1.0
5368	116617	1.0
5368	214749	1.0
5368	77939	1.0
5368	147437	1.0
5371	131906	1.0
5371	278671	1.0
5373	291614	1.0
5373	260043	1.0
5373	33304	1.0
5376	294297	1.0
5377	270027	1.0
5379	213242	1.0
5379	429012	1.0
5382	86383	1.0
5383	369463	1.0
5383	503079	1.0
5383	287630	1.0
5383	481176	1.0
5384	44059	1.0
5384	497928	1.0
5384	380056	1.0
5384	120447	1.0
5385	50081	1.0
5385	152003	1.0
5385	445353	1.0
5387	456588	1.0
5387	583918	1.0
5387	595317	1.0
5387	144111	1.0
5389	522839	1.0
5390	580331	1.0
5390	77149	1.0
5391	107934	1.0
5395	289402	1.0
5397	231081	1.0
5397	21111	1.0
5401	473692	1.0
5405	239167	1.0
5405	337823	1.0
5405	66122	1.0
5405	527581	1.0
5405	460530	1.0
5407	64961	1.0
5407	596821	1.0
5407	218326	1.0
5407	118232	1.0
5407	214935	1.0
5407	111076	1.0
5408	50742	1.0
5408	49510	1.0
5412	543365	1.0
5412	273735	1.0
5412	213713	1.0
5412	584998	1.0
5413	366824	1.0
5413	30388	1.0
5413	276854	1.0
5413	203626	1.0
5413	190169	1.0
5413	98140	1.0
5413	17269	1.0
5413	576001	1.0
5413	35651	1.0
5415	431389	1.0
5415	145870	1.0
5418	113457	1.0
5418	309037	1.0
5418	168703	1.0
5428	386299	1.0
5429	426157	1.0
5429	185809	1.0
5429	285259	1.0
5429	169074	1.0
5432	74517	1.0
5432	451421	1.0
5432	338724	1.0
5433	211503	1.0
5433	151554	1.0
5433	196432	1.0
5433	357626	1.0
5434	299811	1.0
5434	597265	1.0
5434	26655	1.0
5435	349237	1.0
5435	132356	1.0
5435	587752	1.0
5437	190225	1.0
5437	22807	1.0
5437	179960	1.0
5439	153315	1.0
5439	9216	1.0
5440	314669	1.0
5440	537982	1.0
5440	181069	1.0
5440	294311	1.0
5440	85117	1.0
5440	361929	1.0
5446	480121	1.0
5451	295355	1.0
5451	391370	1.0
5453	534587	1.0
5454	510061	1.0
5454	571990	1.0
5455	515383	1.0
5455	403749	1.0
5458	118491	1.0
5458	371758	1.0
5461	110081	1.0
5461	200297	1.0
5462	437614	1.0
5463	233254	1.0
5466	267215	1.0
5466	52065	1.0
5467	244084	1.0
5468	580133	1.0
5468	189341	1.0
5471	457811	1.0
5471	384265	1.0
5471	285466	1.0
5471	367071	1.0
5477	61030	1.0
5477	496050	1.0
5477	19837	1.0
5477	305863	1.0
5479	574678	1.0
5479	464500	1.0
5479	307895	1.0
5480	595850	1.0
5480	114057	1.0
5483	295993	1.0
5483	188855	1.0
5483	71230	1.0
5485	270539	1.0
5485	357127	1.0
5485	49168	1.0
5485	260305	1.0
5487	327428	1.0
5488	419397	1.0
5488	550648	1.0
5489	408995	1.0
5489	519167	1.0
5489	500338	1.0
5489	8653	1.0
5489	192912	1.0
5491	24979	1.0
5492	39263	1.0
5492	5334	1.0
5492	440802	1.0
5492	509108	1.0
5492	320183	1.0
5493	329849	1.0
5495	206527	1.0
5496	58353	1.0
5497	86627	1.0
5497	324697	1.0
5497	210257	1.0
5499	394748	1.0
5500	433744	1.0
5500	461948	1.0
5500	32520	1.0
5500	517440	1.0
5504	322587	1.0
5504	357553	1.0
5504	97473	1.0
5504	436793	1.0
5504	350588	1.0
5504	269817	1.0
5507	59540	1.0
5507	131723	1.0
5509	341947	1.0
5509	304952	1.0
5509	265239	1.0
5509	43556	1.0
5509	192079	1.0
5512	511135	1.0
5513	442230	1.0
5513	44063	1.0
5513	117429	1.0
5513	193641	1.0
5515	564420	1.0
5517	518967	1.0
5517	53092	1.0
5517	138403	1.0
5517	323647	1.0
5519	13718	1.0
5521	221747	1.0
5524	231737	1.0
5525	387400	1.0
5525	380263	1.0
5525	408628	1.0
5525	476960	1.0
5525	34306	1.0
5525	480155	1.0
5525	563508	1.0
5526	595029	1.0
5526	445163	1.0
5527	394905	1.0
5527	433066	1.0
5528	468104	1.0
5530	408058	1.0
5530	495717	1.0
5532	65137	1.0
5532	178278	1.0
5537	300391	1.0
5537	286535	1.0
5537	78336	1.0
5537	320044	1.0
5538	38726	1.0
5538	465971	1.0
5538	201771	1.0
5540	142059	1.0
5540	98816	1.0
5542	322293	1.0
5545	548718	1.0
5545	40414	1.0
5548	291949	1.0
5548	551934	1.0
5548	235298	1.0
5552	434279	1.0
5552	550783	1.0
5552	539539	1.0
5555	164605	1.0
5555	76954	1.0
5556	307465	1.0
5558	477162	1.0
5562	308962	1.0
5562	479781	1.0
5562	545061	1.0
5562	140883	1.0
5562	320445	1.0
5562	182334	1.0
5563	497436	1.0
5563	67137	1.0
5563	491285	1.0
5564	96250	1.0
5566	140769	1.0
5566	49312	1.0
5566	169754	1.0
5567	408307	1.0
5568	286461	1.0
5568	98013	1.0
5568	262885	1.0
5568	113650	1.0
5568	119699	1.0
5570	367930	1.0
5570	92397	1.0
5570	190873	1.0
5571	30006	1.0
5574	71511	1.0
5574	189874	1.0
5574	559436	1.0
5574	121240	1.0
5574	412965	1.0
5574	294810	1.0
5574	548705	1.0
5576	592665	1.0
5577	385086	1.0
5577	489091	1.0
5577	455851	1.0
5577	331085	1.0
5577	292718	1.0
5577	70885	1.0
5579	327115	1.0
5580	284865	1.0
5581	133054	1.0
5582	478710	1.0
5583	245779	1.0
5583	202054	1.0
5586	164555	1.0
5587	205742	1.0
5587	215225	1.0
5590	456064	1.0
5590	259450	1.0
5590	593976	1.0
5591	185531	1.0
5591	223502	1.0
5591	447034	1.0
5596	438449	1.0
5597	567916	1.0
5600	29571	1.0
5600	444134	1.0
5600	258559	1.0
5601	290841	1.0
5601	489486	1.0
5601	49838	1.0
5605	97446	1.0
5606	253319	1.0
5606	491090	1.0
5606	465256	1.0
5606	333623	1.0
5606	172722	1.0
5608	344950	1.0
5609	107579	1.0
5609	240039	1.0
5610	53993	1.0
5610	413672	1.0
5611	286656	1.0
5611	72026	1.0
5611	578604	1.0
5611	207173	1.0
5611	453051	1.0
5612	501651	1.0
5612	423597	1.0
5612	202145	1.0
5612	547750	1.0
5612	131108	1.0
5613	152839	1.0
5613	582708	1.0
5613	151803	1.0
5614	480225	1.0
5614	445782	1.0
5617	256803	1.0
5617	341252	1.0
5623	317399	1.0
5628	365899	1.0
5628	5953	1.0
5628	572426	1.0
5630	225245	1.0
5630	592670	1.0
5630	11126	1.0
5630	153088	1.0
5632	300242	1.0
5632	263542	1.0
5632	6643	1.0
5633	123718	1.0
5633	87922	1.0
5633	299367	1.0
5634	161153	1.0
5634	135405	1.0
5634	69915	1.0
5635	431136	1.0
5635	427805	1.0
5635	373226	1.0
5636	91838	1.0
5636	495482	1.0
5636	525386	1.0
5636	270952	1.0
5636	526096	1.0
5636	409647	1.0
5636	276163	1.0
5636	335808	1.0
5636	541450	1.0
5637	25029	1.0
5638	580085	1.0
5638	171964	1.0
5638	558286	1.0
5641	156467	1.0
5642	589531	1.0
5642	4006	1.0
5643	479558	1.0
5643	196295	1.0
5648	550558	1.0
5648	426550	1.0
5649	384968	1.0
5649	14699	1.0
5649	592915	1.0
5649	238833	1.0
5649	76786	1.0
5649	307082	1.0
5649	72717	1.0
5649	348079	1.0
5650	315157	1.0
5652	256239	1.0
5652	534333	1.0
5652	2656	1.0
5652	309940	1.0
5654	596957	1.0
5654	84797	1.0
5654	340287	1.0
5654	428578	1.0
5654	115935	1.0
5654	19702	1.0
5656	551275	1.0
5656	67379	1.0
5656	396540	1.0
5659	118800	1.0
5660	441227	1.0
5660	331255	1.0
5665	303432	1.0
5665	105801	1.0
5665	589103	1.0
5665	111921	1.0
5665	391834	1.0
5667	291914	1.0
5667	177028	1.0
5667	378872	1.0
5668	149211	1.0
5668	91430	1.0
5668	71029	1.0
5670	583803	1.0
5670	41012	1.0
5670	269226	1.0
5671	435951	1.0
5671	436020	1.0
5672	258745	1.0
5672	423163	1.0
5673	266397	1.0
5673	188384	1.0
5673	254245	1.0
5674	384747	1.0
5674	210972	1.0
5674	485008	1.0
5674	553718	1.0
5677	461177	1.0
5677	340831	1.0
5678	11184	1.0
5678	496096	1.0
5682	288617	1.0
5684	27891	1.0
5686	312893	1.0
5687	291460	1.0
5687	444246	1.0
5689	288823	1.0
5689	202230	1.0
5689	464173	1.0
5689	397455	1.0
5692	223405	1.0
5692	90902	1.0
5692	462481	1.0
5692	287876	1.0
5692	413955	1.0
5692	169220	1.0
5692	171196	1.0
5692	340842	1.0
5692	454937	1.0
5692	173431	1.0
5692	88351	1.0
5692	253880	1.0
5692	171712	1.0
5693	466972	1.0
5693	308294	1.0
5693	223823	1.0
5694	70657	1.0
5694	118485	1.0
5694	410117	1.0
5694	218293	1.0
5696	4794	1.0
5697	495473	1.0
5700	591089	1.0
5700	154927	1.0
5701	552106	1.0
5703	515191	1.0
5703	30072	1.0
5703	215410	1.0
5703	7814	1.0
5703	367014	1.0
5704	178028	1.0
5708	273820	1.0
5709	135227	1.0
5709	39151	1.0
5709	38906	1.0
5709	159844	1.0
5709	271516	1.0
5709	468501	1.0
5709	48415	1.0
5711	173545	1.0
5711	326532	1.0
5711	145673	1.0
5711	590811	1.0
5711	218579	1.0
5712	344859	1.0
5712	355745	1.0
5712	71038	1.0
5712	185047	1.0
5715	498356	1.0
5715	226748	1.0
5716	287327	1.0
5716	438740	1.0
5716	374211	1.0
5716	561937	1.0
5716	298676	1.0
5717	405301	1.0
5718	505474	1.0
5718	350887	1.0
5718	537276	1.0
5718	296591	1.0
5718	391083	1.0
5718	253530	1.0
5719	60233	1.0
5723	474573	1.0
5723	65532	1.0
5724	374243	1.0
5724	109852	1.0
5724	299422	1.0
5724	44037	1.0
5728	214878	1.0
5728	282725	1.0
5728	133735	1.0
5728	337765	1.0
5729	462183	1.0
5729	121505	1.0
5729	243520	1.0
5731	252859	1.0
5732	14745	1.0
5732	543193	1.0
5733	220176	1.0
5733	170167	1.0
5734	317662	1.0
5734	23420	1.0
5735	37070	1.0
5735	219661	1.0
5735	174336	1.0
5735	191250	1.0
5739	124762	1.0
5739	132361	1.0
5739	246109	1.0
5740	93519	1.0
5740	311011	1.0
5740	468879	1.0
5740	106832	1.0
5740	140307	1.0
5740	260959	1.0
5740	216708	1.0
5740	542974	1.0
5740	121905	1.0
5740	213165	1.0
5740	99658	1.0
5743	305065	1.0
5743	63422	1.0
5746	211765	1.0
5746	529324	1.0
5752	480811	1.0
5754	170628	1.0
5754	532485	1.0
5754	176254	1.0
5754	276960	1.0
5754	501056	1.0
5755	300412	1.0
5755	581056	1.0
5755	156195	1.0
5758	369075	1.0
5760	3533	1.0
5761	56794	1.0
5761	14083	1.0
5761	275237	1.0
5762	292159	1.0
5762	338727	1.0
5765	121622	1.0
5765	303810	1.0
5765	289656	1.0
5765	2205	1.0
5767	384175	1.0
5770	127487	1.0
5770	373204	1.0
5770	111827	1.0
5770	34882	1.0
5770	421992	1.0
5772	540986	1.0
5773	591230	1.0
5773	301570	1.0
5774	135052	1.0
5775	27670	1.0
5775	313935	1.0
5776	447478	1.0
5776	538734	1.0
5777	1203	1.0
5777	274835	1.0
5777	339875	1.0
5783	159471	1.0
5784	377112	1.0
5784	336381	1.0
5784	5975	1.0
5784	216990	1.0
5784	400931	1.0
5784	390066	1.0
5787	524472	1.0
5787	415425	1.0
5787	309074	1.0
5787	246484	1.0
5787	390744	1.0
5787	393883	1.0
5787	198683	1.0
5788	36086	1.0
5789	229633	1.0
5791	99810	1.0
5791	577221	1.0
5792	475042	1.0
5797	289441	1.0
5797	321207	1.0
5798	501433	1.0
5798	243809	1.0
5800	220327	1.0
5802	539867	1.0
5804	260838	1.0
5804	592979	1.0
5804	74497	1.0
5805	322427	1.0
5805	322249	1.0
5806	426223	1.0
5806	121145	1.0
5807	524789	1.0
5810	114857	1.0
5811	537508	1.0
5813	30585	1.0
5814	116631	1.0
5814	330276	1.0
5814	292602	1.0
5814	436044	1.0
5815	313872	1.0
5815	188982	1.0
5815	580168	1.0
5817	478966	1.0
5817	487975	1.0
5818	560025	1.0
5820	111131	1.0
5820	298796	1.0
5820	222663	1.0
5820	387008	1.0
5822	576651	1.0
5822	295199	1.0
5822	192647	1.0
5822	120935	1.0
5822	70231	1.0
5822	4780	1.0
5822	186206	1.0
5822	55680	1.0
5826	264408	1.0
5826	561282	1.0
5826	155379	1.0
5826	88546	1.0
5826	13715	1.0
5826	45509	1.0
5826	172736	1.0
5826	361905	1.0
5828	281495	1.0
5830	513942	1.0
5830	5573	1.0
5832	564675	1.0
5832	462440	1.0
5832	100121	1.0
5834	61853	1.0
5835	189587	1.0
5835	589607	1.0
5835	150927	1.0
5835	576097	1.0
5837	384819	1.0
5837	17954	1.0
5837	117790	1.0
5840	41262	1.0
5840	91911	1.0
5841	445887	1.0
5841	475192	1.0
5841	112271	1.0
5841	494148	1.0
5841	431840	1.0
5842	211308	1.0
5843	298224	1.0
5843	520217	1.0
5845	276955	1.0
5845	338532	1.0
5849	597681	1.0
5849	210707	1.0
5849	32199	1.0
5849	325235	1.0
5850	231416	1.0
5850	298014	1.0
5850	123216	1.0
5850	521144	1.0
5850	984	1.0
5850	561958	1.0
5850	83625	1.0
5850	390374	1.0
5854	395812	1.0
5854	138696	1.0
5854	484291	1.0
5855	176384	1.0
5856	496458	1.0
5856	431536	1.0
5856	290568	1.0
5856	362765	1.0
5857	556295	1.0
5860	531346	1.0
5860	19884	1.0
5860	190590	1.0
5860	149013	1.0
5860	243910	1.0
5861	256950	1.0
5861	494992	1.0
5861	419986	1.0
5861	516629	1.0
5861	253960	1.0
5865	581054	1.0
5865	240236	1.0
5865	71204	1.0
5866	380351	1.0
5866	319800	1.0
5866	298866	1.0
5872	109148	1.0
5872	9478	1.0
5873	474690	1.0
5873	444897	1.0
5874	547533	1.0
5874	89872	1.0
5874	60163	1.0
5876	183497	1.0
5876	281865	1.0
5877	415097	1.0
5877	416382	1.0
5877	60846	1.0
5877	132798	1.0
5877	72730	1.0
5878	34480	1.0
5878	426269	1.0
5878	171228	1.0
5878	37823	1.0
5878	96345	1.0
5878	347865	1.0
5878	369134	1.0
5878	505213	1.0
5878	77570	1.0
5878	133194	1.0
5878	447524	1.0
5878	187791	1.0
5878	190800	1.0
5878	547682	1.0
5879	421705	1.0
5879	174404	1.0
5879	308010	1.0
5879	264126	1.0
5882	440522	1.0
5882	489539	1.0
5882	121560	1.0
5882	304971	1.0
5883	33350	1.0
5883	490648	1.0
5883	599499	1.0
5883	243065	1.0
5883	343208	1.0
5883	241326	1.0
5883	188015	1.0
5883	340484	1.0
5883	194382	1.0
5883	552792	1.0
5883	324269	1.0
5883	206449	1.0
5883	320703	1.0
5884	296612	1.0
5884	512452	1.0
5884	54932	1.0
5885	338606	1.0
5885	100039	1.0
5889	473538	1.0
5889	25906	1.0
5889	382442	1.0
5890	124699	1.0
5890	111466	1.0
5890	275593	1.0
5891	47015	1.0
5891	522532	1.0
5892	160787	1.0
5892	104740	1.0
5892	417838	1.0
5894	113844	1.0
5894	511159	1.0
5894	90603	1.0
5894	535470	1.0
5894	535793	1.0
5894	334313	1.0
5895	149357	1.0
5895	293179	1.0
5895	379116	1.0
5895	374266	1.0
5896	367272	1.0
5896	230948	1.0
5896	368504	1.0
5896	303177	1.0
5897	282376	1.0
5900	253803	1.0
5900	350082	1.0
5900	160170	1.0
5900	171189	1.0
5900	509064	1.0
5902	307767	1.0
5902	368247	1.0
5902	313255	1.0
5902	509739	1.0
5902	18483	1.0
5904	26548	1.0
5904	39676	1.0
5905	509535	1.0
5910	105889	1.0
5911	402705	1.0
5912	258247	1.0
5912	39495	1.0
5913	117509	1.0
5913	371560	1.0
5914	393629	1.0
5915	317945	1.0
5915	263518	1.0
5918	403826	1.0
5918	501838	1.0
5923	565777	1.0
5923	13822	1.0
5923	396097	1.0
5923	595298	1.0
5925	77212	1.0
5928	39772	1.0
5928	471501	1.0
5928	414932	1.0
5928	259456	1.0
5930	35500	1.0
5930	277760	1.0
5930	114214	1.0
5931	365025	1.0
5931	394924	1.0
5931	76466	1.0
5932	467373	1.0
5932	66460	1.0
5933	171642	1.0
5933	53678	1.0
5933	599182	1.0
5933	172838	1.0
5933	365632	1.0
5934	425352	1.0
5934	307807	1.0
5934	463992	1.0
5934	277971	1.0
5934	162723	1.0
5934	148271	1.0
5935	179052	1.0
5935	531299	1.0
5937	192641	1.0
5937	507151	1.0
5938	192125	1.0
5938	134430	1.0
5939	162389	1.0
5943	321108	1.0
5943	5846	1.0
5945	141622	1.0
5945	247343	1.0
5945	125497	1.0
5945	545327	1.0
5946	139699	1.0
5946	5572	1.0
5946	449500	1.0
5946	473776	1.0
5946	535110	1.0
5946	191080	1.0
5947	472936	1.0
5947	167702	1.0
5947	91040	1.0
5947	78267	1.0
5948	430974	1.0
5948	79410	1.0
5952	386864	1.0
5954	347050	1.0
5956	213182	1.0
5956	414062	1.0
5957	173052	1.0
5957	201272	1.0
5957	8003	1.0
5958	315930	1.0
5958	345052	1.0
5958	246114	1.0
5960	577062	1.0
5960	391063	1.0
5960	570993	1.0
5961	530987	1.0
5961	319052	1.0
5962	433210	1.0
5962	347510	1.0
5962	42984	1.0
5963	484981	1.0
5963	374730	1.0
5965	256042	1.0
5965	158918	1.0
5966	274147	1.0
5966	271023	1.0
5966	34308	1.0
5966	408029	1.0
5966	86864	1.0
5966	368872	1.0
5966	297898	1.0
5966	384098	1.0
5966	209249	1.0
5966	47054	1.0
5966	248206	1.0
5966	409147	1.0
5968	81328	1.0
5969	415738	1.0
5969	272093	1.0
5969	222924	1.0
5976	215620	1.0
5977	176335	1.0
5977	278607	1.0
5977	446948	1.0
5977	177912	1.0
5982	509197	1.0
5982	24822	1.0
5983	264330	1.0
5984	540592	1.0
5984	42604	1.0
5985	319915	1.0
5985	48454	1.0
5985	318191	1.0
5985	63088	1.0
5985	494306	1.0
5987	243983	1.0
5987	119075	1.0
5989	528162	1.0
5989	457847	1.0
5989	47179	1.0
5989	589476	1.0
5992	70898	1.0
5992	230997	1.0
5997	428570	1.0
5997	456408	1.0
5997	118204	1.0
5997	460064	1.0
5997	384396	1.0
5999	258647	1.0
5999	64257	1.0
5999	468473	1.0
5999	487503	1.0
5999	526472	1.0
5999	229505	1.0
5999	381751	1.0
5999	402875	1.0
6000	267182	1.0
6006	4412	1.0
6008	276466	1.0
6010	51721	1.0
6010	143020	1.0
6010	55845	1.0
6012	466619	1.0
6012	576807	1.0
6012	136270	1.0
6013	12924	1.0
6013	144561	1.0
6014	431443	1.0
6015	244561	1.0
6017	540719	1.0
6018	465172	1.0
6018	538638	1.0
6018	327880	1.0
6018	474739	1.0
6018	272664	1.0
6018	107398	1.0
6018	183462	1.0
6018	228917	1.0
6018	471878	1.0
6018	115802	1.0
6018	594308	1.0
6018	61539	1.0
6018	275223	1.0
6018	217168	1.0
6018	440652	1.0
6021	112136	1.0
6021	272754	1.0
6023	530690	1.0
6023	429480	1.0
6023	377061	1.0
6023	424313	1.0
6023	261208	1.0
6023	262251	1.0
6023	347759	1.0
6023	54978	1.0
6023	477938	1.0
6023	538410	1.0
6025	75773	1.0
6025	217831	1.0
6027	298847	1.0
6027	443828	1.0
6027	14687	1.0
6029	348663	1.0
6029	574359	1.0
6029	454871	1.0
6029	541566	1.0
6029	400356	1.0
6030	5728	1.0
6030	400801	1.0
6031	197703	1.0
6031	51325	1.0
6032	578906	1.0
6032	326214	1.0
6032	519661	1.0
6032	503056	1.0
6032	510805	1.0
6034	353042	1.0
6034	193783	1.0
6034	445290	1.0
6037	39734	1.0
6038	158153	1.0
6038	111454	1.0
6042	297288	1.0
6042	19479	1.0
6042	157923	1.0
6042	37276	1.0
6043	218947	1.0
6043	412257	1.0
6043	57844	1.0
6043	461217	1.0
6043	112117	1.0
6044	473150	1.0
6044	148721	1.0
6044	410123	1.0
6045	58005	1.0
6045	49069	1.0
6046	574691	1.0
6049	328760	1.0
6049	529786	1.0
6053	89403	1.0
6054	410728	1.0
6054	133795	1.0
6054	20261	1.0
6056	319471	1.0
6056	71857	1.0
6056	175975	1.0
6062	204917	1.0
6064	319760	1.0
6064	400500	1.0
6065	571246	1.0
6065	109880	1.0
6065	386611	1.0
6065	361698	1.0
6069	427707	1.0
6070	566234	1.0
6072	78230	1.0
6072	66018	1.0
6072	67066	1.0
6072	193506	1.0
6073	150810	1.0
6073	557579	1.0
6075	122557	1.0
6076	559105	1.0
6077	129177	1.0
6077	44105	1.0
6078	454222	1.0
6078	471964	1.0
6079	147889	1.0
6079	509124	1.0
6079	151153	1.0
6082	517573	1.0
6082	145322	1.0
6082	564542	1.0
6082	437994	1.0
6082	428552	1.0
6082	235119	1.0
6082	569588	1.0
6082	751	1.0
6082	508896	1.0
6085	462312	1.0
6085	135954	1.0
6086	569056	1.0
6086	378359	1.0
6086	309698	1.0
6087	263440	1.0
6087	445099	1.0
6093	158907	1.0
6093	586909	1.0
6093	47747	1.0
6099	235415	1.0
6099	564408	1.0
6099	85837	1.0
6099	590426	1.0
6099	569628	1.0
6099	585288	1.0
6100	83543	1.0
6100	85353	1.0
6100	306808	1.0
6100	246175	1.0
6100	477054	1.0
6100	326542	1.0
6104	34246	1.0
6108	188713	1.0
6108	427522	1.0
6108	456463	1.0
6112	483123	1.0
6112	403916	1.0
6112	471817	1.0
6112	335981	1.0
6112	310032	1.0
6113	304344	1.0
6113	110367	1.0
6115	549151	1.0
6115	77232	1.0
6116	339716	1.0
6119	375821	1.0
6119	465176	1.0
6119	158609	1.0
6123	261003	1.0
6123	189879	1.0
6124	260803	1.0
6124	61832	1.0
6124	144628	1.0
6124	181924	1.0
6125	230612	1.0
6125	372993	1.0
6128	423816	1.0
6128	315836	1.0
6129	120059	1.0
6134	420499	1.0
6134	487287	1.0
6135	387767	1.0
6138	10284	1.0
6138	235974	1.0
6139	100721	1.0
6140	551099	1.0
6141	75476	1.0
6141	144965	1.0
6141	425260	1.0
6141	368377	1.0
6141	123237	1.0
6141	14817	1.0
6141	422531	1.0
6141	401724	1.0
6141	372808	1.0
6141	486443	1.0
6141	259476	1.0
6141	13645	1.0
6144	357484	1.0
6144	502493	1.0
6144	498282	1.0
6144	491124	1.0
6144	498611	1.0
6144	405889	1.0
6145	20079	1.0
6145	588153	1.0
6145	151203	1.0
6145	262974	1.0
6147	349299	1.0
6147	21883	1.0
6147	334657	1.0
6148	502538	1.0
6148	5747	1.0
6148	79150	1.0
6148	455005	1.0
6149	58186	1.0
6150	5019	1.0
6151	486574	1.0
6151	354796	1.0
6151	390655	1.0
6152	464824	1.0
6152	488338	1.0
6152	522257	1.0
6157	76284	1.0
6158	249191	1.0
6158	425595	1.0
6159	368848	1.0
6159	496420	1.0
6161	295498	1.0
6161	78224	1.0
6161	467852	1.0
6161	78138	1.0
6166	136609	1.0
6166	112195	1.0
6167	575844	1.0
6167	559884	1.0
6168	477656	1.0
6168	479095	1.0
6171	470587	1.0
6171	351312	1.0
6176	1218	1.0
6176	303154	1.0
6177	350080	1.0
6177	137251	1.0
6177	113948	1.0
6178	351340	1.0
6178	143925	1.0
6178	344473	1.0
6179	290490	1.0
6179	459257	1.0
6179	365851	1.0
6179	11719	1.0
6179	366477	1.0
6179	802	1.0
6179	387250	1.0
6179	159264	1.0
6180	298551	1.0
6181	484190	1.0
6181	227304	1.0
6181	91831	1.0
6181	114319	1.0
6181	52221	1.0
6181	532599	1.0
6181	535613	1.0
6181	532178	1.0
6181	327974	1.0
6181	440959	1.0
6181	110966	1.0
6181	347992	1.0
6184	213907	1.0
6184	217553	1.0
6184	399259	1.0
6184	40714	1.0
6184	535742	1.0
6184	194557	1.0
6184	538014	1.0
6186	148469	1.0
6186	307158	1.0
6187	184354	1.0
6190	68853	1.0
6190	550314	1.0
6190	167128	1.0
6194	298746	1.0
6195	30887	1.0
6195	557506	1.0
6195	1565	1.0
6195	438294	1.0
6196	312090	1.0
6200	431459	1.0
6202	411788	1.0
6202	577940	1.0
6202	527987	1.0
6202	44685	1.0
6206	37508	1.0
6206	545097	1.0
6206	497666	1.0
6207	570415	1.0
6210	156923	1.0
6210	593475	1.0
6210	231972	1.0
6211	31471	1.0
6214	290441	1.0
6214	188831	1.0
6214	392480	1.0
6214	112233	1.0
6215	71552	1.0
6215	111867	1.0
6215	209257	1.0
6217	95189	1.0
6217	64103	1.0
6217	571295	1.0
6217	494410	1.0
6218	447845	1.0
6220	337968	1.0
6220	330049	1.0
6220	515394	1.0
6220	483441	1.0
6220	458620	1.0
6220	281361	1.0
6220	298776	1.0
6220	336518	1.0
6220	551986	1.0
6220	510989	1.0
6220	309451	1.0
6225	563284	1.0
6225	534988	1.0
6225	343457	1.0
6225	133102	1.0
6225	149069	1.0
6225	315568	1.0
6225	554087	1.0
6226	9082	1.0
6226	107045	1.0
6226	92267	1.0
6226	499877	1.0
6227	287325	1.0
6227	544800	1.0
6228	209238	1.0
6228	173903	1.0
6229	316132	1.0
6229	71861	1.0
6229	274818	1.0
6231	51959	1.0
6231	275377	1.0
6233	92038	1.0
6233	352178	1.0
6233	556072	1.0
6233	290900	1.0
6234	114428	1.0
6234	254152	1.0
6234	540929	1.0
6234	320953	1.0
6234	563380	1.0
6236	138283	1.0
6236	184243	1.0
6236	482968	1.0
6238	173163	1.0
6238	30913	1.0
6238	404304	1.0
6238	555101	1.0
6238	273719	1.0
6240	32589	1.0
6240	312811	1.0
6243	312679	1.0
6243	99448	1.0
6243	250623	1.0
6244	149493	1.0
6245	469599	1.0
6246	179733	1.0
6246	514374	1.0
6248	244455	1.0
6248	45942	1.0
6248	253970	1.0
6248	60093	1.0
6253	124108	1.0
6253	99151	1.0
6255	441143	1.0
6255	368482	1.0
6255	360723	1.0
6255	329228	1.0
6257	499344	1.0
6259	179893	1.0
6263	220720	1.0
6263	60486	1.0
6264	570990	1.0
6264	216581	1.0
6264	245867	1.0
6264	574383	1.0
6264	165246	1.0
6265	246586	1.0
6269	540563	1.0
6269	123991	1.0
6270	60088	1.0
6270	359433	1.0
6271	159076	1.0
6271	300287	1.0
6271	555794	1.0
6271	458529	1.0
6271	207710	1.0
6272	234890	1.0
6272	512525	1.0
6275	215118	1.0
6276	114834	1.0
6276	525527	1.0
6276	21023	1.0
6279	283893	1.0
6279	62853	1.0
6280	460779	1.0
6281	584175	1.0
6283	473015	1.0
6283	273598	1.0
6283	48050	1.0
6286	53520	1.0
6286	185403	1.0
6286	120554	1.0
6286	274227	1.0
6288	574374	1.0
6288	439293	1.0
6288	28072	1.0
6288	3293	1.0
6288	271076	1.0
6290	195587	1.0
6290	67500	1.0
6290	286746	1.0
6290	431351	1.0
6290	347849	1.0
6290	441518	1.0
6291	308764	1.0
6291	206118	1.0
6291	528316	1.0
6293	179664	1.0
6294	224667	1.0
6295	553756	1.0
6295	461446	1.0
6295	571694	1.0
6295	395379	1.0
6295	575552	1.0
6295	194563	1.0
6295	381432	1.0
6296	480128	1.0
6296	545805	1.0
6296	31019	1.0
6297	533140	1.0
6297	9354	1.0
6297	120297	1.0
6298	151838	1.0
6298	241000	1.0
6298	75650	1.0
6299	551849	1.0
6302	95120	1.0
6302	352428	1.0
6304	344206	1.0
6304	244692	1.0
6304	248935	1.0
6304	250397	1.0
6304	105557	1.0
6304	333219	1.0
6304	101363	1.0
6305	87402	1.0
6305	206409	1.0
6305	243333	1.0
6306	290385	1.0
6306	269385	1.0
6306	328754	1.0
6309	379023	1.0
6312	481683	1.0
6312	20354	1.0
6314	417388	1.0
6316	47441	1.0
6319	548784	1.0
6319	188676	1.0
6319	297274	1.0
6319	369996	1.0
6319	331722	1.0
6319	297331	1.0
6319	401816	1.0
6320	435170	1.0
6325	79049	1.0
6325	165619	1.0
6325	135807	1.0
6325	339724	1.0
6325	534702	1.0
6325	277590	1.0
6325	300489	1.0
6325	262733	1.0
6325	517050	1.0
6325	504293	1.0
6325	428910	1.0
6326	12899	1.0
6326	76556	1.0
6327	86304	1.0
6327	299284	1.0
6327	214499	1.0
6328	231468	1.0
6328	78687	1.0
6328	561614	1.0
6328	536098	1.0
6329	192120	1.0
6331	197241	1.0
6331	137184	1.0
6331	432283	1.0
6332	21576	1.0
6332	61235	1.0
6333	120852	1.0
6334	358445	1.0
6334	344244	1.0
6334	402739	1.0
6334	579601	1.0
6334	298908	1.0
6334	10790	1.0
6334	360481	1.0
6337	349303	1.0
6337	113167	1.0
6338	187214	1.0
6338	95415	1.0
6338	56196	1.0
6338	336011	1.0
6338	199642	1.0
6339	134345	1.0
6339	355738	1.0
6339	434014	1.0
6339	36284	1.0
6340	333334	1.0
6340	598272	1.0
6340	108978	1.0
6340	570632	1.0
6340	324680	1.0
6340	355477	1.0
6343	504709	1.0
6343	161534	1.0
6343	521987	1.0
6343	547246	1.0
6343	112949	1.0
6343	429065	1.0
6343	224835	1.0
6343	328295	1.0
6343	345296	1.0
6345	372381	1.0
6346	276839	1.0
6346	365597	1.0
6346	222458	1.0
6349	340113	1.0
6349	21457	1.0
6349	511317	1.0
6350	117937	1.0
6350	202983	1.0
6350	198428	1.0
6350	256323	1.0
6350	199248	1.0
6350	117602	1.0
6350	584590	1.0
6350	544858	1.0
6350	220241	1.0
6350	388095	1.0
6353	497927	1.0
6353	546187	1.0
6353	547636	1.0
6353	69213	1.0
6356	312618	1.0
6356	522734	1.0
6356	293363	1.0
6356	220032	1.0
6357	458635	1.0
6358	313923	1.0
6358	249006	1.0
6361	109938	1.0
6361	187724	1.0
6361	422712	1.0
6361	187590	1.0
6361	408755	1.0
6363	196455	1.0
6363	116930	1.0
6363	409207	1.0
6364	501153	1.0
6368	234161	1.0
6375	115712	1.0
6375	163016	1.0
6375	197093	1.0
6375	75493	1.0
6375	538217	1.0
6375	123601	1.0
6375	588026	1.0
6377	599757	1.0
6377	241433	1.0
6377	260677	1.0
6377	133517	1.0
6377	269384	1.0
6378	514886	1.0
6378	508734	1.0
6378	114900	1.0
6378	584132	1.0
6381	59352	1.0
6381	239061	1.0
6381	505181	1.0
6381	154237	1.0
6384	94831	1.0
6384	257980	1.0
6385	355871	1.0
6385	55002	1.0
6385	204297	1.0
6385	291006	1.0
6385	593521	1.0
6385	288848	1.0
6387	554996	1.0
6387	58009	1.0
6387	217837	1.0
6388	101580	1.0
6389	479213	1.0
6389	448791	1.0
6390	391538	1.0
6390	132743	1.0
6394	227192	1.0
6397	59714	1.0
6399	240023	1.0
6401	16292	1.0
6401	265503	1.0
6402	469830	1.0
6402	331606	1.0
6403	587516	1.0
6403	87261	1.0
6405	480808	1.0
6405	384607	1.0
6405	152014	1.0
6406	291327	1.0
6406	139089	1.0
6407	598607	1.0
6411	567531	1.0
6412	301552	1.0
6413	549441	1.0
6413	432805	1.0
6413	239502	1.0
6413	595796	1.0
6415	89628	1.0
6416	158063	1.0
6417	182374	1.0
6418	388362	1.0
6418	166307	1.0
6418	249185	1.0
6419	490798	1.0
6421	247258	1.0
6422	4290	1.0
6423	328308	1.0
6423	406920	1.0
6423	254230	1.0
6425	471730	1.0
6425	370161	1.0
6426	501559	1.0
6426	296245	1.0
6427	390524	1.0
6428	573708	1.0
6428	186313	1.0
6428	216327	1.0
6428	499848	1.0
6430	241963	1.0
6430	379032	1.0
6431	366560	1.0
6439	525603	1.0
6439	551463	1.0
6440	305360	1.0
6442	558665	1.0
6446	528518	1.0
6446	220665	1.0
6446	319793	1.0
6450	119976	1.0
6450	588743	1.0
6450	356726	1.0
6450	172783	1.0
6451	270166	1.0
6452	261082	1.0
6455	44354	1.0
6455	432883	1.0
6455	87189	1.0
6455	372783	1.0
6457	122491	1.0
6457	478330	1.0
6457	260984	1.0
6457	294761	1.0
6458	258706	1.0
6459	389268	1.0
6464	42440	1.0
6466	188364	1.0
6466	483676	1.0
6466	393140	1.0
6466	450489	1.0
6469	387147	1.0
6469	470226	1.0
6469	368543	1.0
6469	279401	1.0
6469	201794	1.0
6480	191677	1.0
6482	450515	1.0
6483	111178	1.0
6483	183136	1.0
6483	599639	1.0
6483	185583	1.0
6484	184077	1.0
6484	136280	1.0
6485	278373	1.0
6485	484362	1.0
6485	364575	1.0
6485	368230	1.0
6485	72789	1.0
6485	284540	1.0
6485	193303	1.0
6485	353467	1.0
6485	590453	1.0
6486	104789	1.0
6488	332278	1.0
6488	288679	1.0
6488	87722	1.0
6491	158297	1.0
6491	366717	1.0
6491	329527	1.0
6492	393101	1.0
6492	324564	1.0
6496	80568	1.0
6496	195152	1.0
6496	7611	1.0
6496	516227	1.0
6496	176883	1.0
6496	176015	1.0
6496	318696	1.0
6496	281644	1.0
6496	205411	1.0
6496	468388	1.0
6497	62079	1.0
6497	69841	1.0
6499	52908	1.0
6501	462697	1.0
6501	228668	1.0
6501	135352	1.0
6501	457729	1.0
6501	208994	1.0
6503	276403	1.0
6503	575662	1.0
6503	584223	1.0
6503	163433	1.0
6503	512827	1.0
6506	471472	1.0
6506	327925	1.0
6506	184288	1.0
6506	115378	1.0
6506	35971	1.0
6506	129352	1.0
6507	300425	1.0
6507	491220	1.0
6507	76530	1.0
6507	51884	1.0
6508	337005	1.0
6508	451307	1.0
6508	214047	1.0
6508	240268	1.0
6508	434789	1.0
6508	102081	1.0
6509	309157	1.0
6509	324914	1.0
6510	169645	1.0
6511	572822	1.0
6512	405281	1.0
6512	472011	1.0
6513	222900	1.0
6513	63158	1.0
6513	596537	1.0
6513	551627	1.0
6513	390972	1.0
6513	424061	1.0
6513	323067	1.0
6517	20952	1.0
6519	121368	1.0
6519	270944	1.0
6519	225951	1.0
6519	7046	1.0
6520	533878	1.0
6520	165163	1.0
6520	359259	1.0
6524	80953	1.0
6524	105542	1.0
6527	460331	1.0
6527	586741	1.0
6528	484688	1.0
6528	531066	1.0
6529	13800	1.0
6530	142201	1.0
6530	129396	1.0
6530	337296	1.0
6530	335143	1.0
6531	57898	1.0
6532	101852	1.0
6533	539112	1.0
6534	290350	1.0
6534	583411	1.0
6535	49893	1.0
6536	434212	1.0
6536	127578	1.0
6537	124188	1.0
6540	3796	1.0
6541	574487	1.0
6541	176908	1.0
6542	156835	1.0
6543	345712	1.0
6543	55288	1.0
6543	38377	1.0
6543	544765	1.0
6543	504208	1.0
6543	278678	1.0
6543	441148	1.0
6546	151394	1.0
6546	312359	1.0
6546	567256	1.0
6546	321049	1.0
6546	262180	1.0
6548	448938	1.0
6548	318774	1.0
6549	123242	1.0
6550	406872	1.0
6550	365465	1.0
6550	127527	1.0
6550	522798	1.0
6551	21306	1.0
6552	147002	1.0
6552	134892	1.0
6553	170511	1.0
6553	400083	1.0
6555	42329	1.0
6557	571550	1.0
6557	68073	1.0
6558	304080	1.0
6561	543887	1.0
6561	277500	1.0
6563	398297	1.0
6563	450880	1.0
6564	1011	1.0
6565	404224	1.0
6566	313570	1.0
6567	553377	1.0
6569	29642	1.0
6569	130188	1.0
6570	585890	1.0
6572	120036	1.0
6573	565450	1.0
6574	31933	1.0
6574	599109	1.0
6575	158343	1.0
6576	544578	1.0
6576	400629	1.0
6577	104359	1.0
6578	377714	1.0
6578	3074	1.0
6579	188839	1.0
6579	485538	1.0
6579	484649	1.0
6579	87659	1.0
6581	8759	1.0
6582	197480	1.0
6582	292805	1.0
6583	449117	1.0
6583	3481	1.0
6585	440794	1.0
6585	538505	1.0
6587	399583	1.0
6587	46625	1.0
6587	345793	1.0
6587	416789	1.0
6588	527002	1.0
6588	94915	1.0
6588	147594	1.0
6588	584391	1.0
6588	20215	1.0
6588	264932	1.0
6589	312493	1.0
6589	180501	1.0
6590	459052	1.0
6591	181425	1.0
6591	598275	1.0
6592	538707	1.0
6592	435815	1.0
6593	433993	1.0
6593	441342	1.0
6593	253005	1.0
6593	514281	1.0
6593	404833	1.0
6594	138983	1.0
6594	248910	1.0
6595	519073	1.0
6596	550661	1.0
6597	272755	1.0
6597	187525	1.0
6597	368053	1.0
6597	251233	1.0
6597	432444	1.0
6598	261087	1.0
6598	56147	1.0
6598	459906	1.0
6598	443903	1.0
6601	119931	1.0
6601	364366	1.0
6601	390311	1.0
6601	3468	1.0
6602	190351	1.0
6602	210470	1.0
6604	50395	1.0
6604	256229	1.0
6604	254528	1.0
6604	347413	1.0
6604	166522	1.0
6607	38571	1.0
6608	213537	1.0
6608	126565	1.0
6608	362035	1.0
6608	42297	1.0
6609	163905	1.0
6610	597627	1.0
6615	166792	1.0
6616	352291	1.0
6616	198269	1.0
6618	261444	1.0
6618	465542	1.0
6619	455428	1.0
6619	482963	1.0
6619	66993	1.0
6619	546528	1.0
6621	428983	1.0
6624	349518	1.0
6626	30774	1.0
6631	352415	1.0
6631	206442	1.0
6631	527997	1.0
6632	222455	1.0
6633	345242	1.0
6634	383016	1.0
6634	138201	1.0
6634	562964	1.0
6634	420891	1.0
6636	159828	1.0
6636	230646	1.0
6636	140049	1.0
6637	392069	1.0
6637	52734	1.0
6637	163119	1.0
6639	389329	1.0
6639	229573	1.0
6639	599523	1.0
6641	484105	1.0
6641	251198	1.0
6643	550570	1.0
6643	395357	1.0
6649	133356	1.0
6649	278793	1.0
6650	406938	1.0
6650	90372	1.0
6650	511875	1.0
6655	578625	1.0
6655	372233	1.0
6655	25207	1.0
6655	98978	1.0
6656	12614	1.0
6656	460905	1.0
6656	420511	1.0
6656	436897	1.0
6658	542590	1.0
6661	362066	1.0
6661	349852	1.0
6663	569565	1.0
6663	322826	1.0
6663	479461	1.0
6663	355548	1.0
6663	292865	1.0
6664	167151	1.0
6664	554997	1.0
6665	398012	1.0
6665	176786	1.0
6666	346924	1.0
6666	30373	1.0
6669	397212	1.0
6669	466255	1.0
6669	560108	1.0
6670	460353	1.0
6670	586502	1.0
6670	92670	1.0
6670	488145	1.0
6670	454650	1.0
6670	276314	1.0
6670	3062	1.0
6673	69487	1.0
6673	286494	1.0
6673	122401	1.0
6673	371129	1.0
6673	186453	1.0
6673	404529	1.0
6673	428117	1.0
6677	378400	1.0
6677	278538	1.0
6677	509436	1.0
6678	34318	1.0
6678	22263	1.0
6678	200894	1.0
6680	472524	1.0
6682	120611	1.0
6685	465380	1.0
6685	206756	1.0
6688	209359	1.0
6688	39265	1.0
6688	35102	1.0
6691	417506	1.0
6692	104916	1.0
6692	358129	1.0
6693	566601	1.0
6695	418480	1.0
6696	92659	1.0
6697	369419	1.0
6697	532430	1.0
6698	215647	1.0
6698	181200	1.0
6698	75127	1.0
6699	320579	1.0
6699	588479	1.0
6700	6356	1.0
6701	491682	1.0
6701	127830	1.0
6701	498417	1.0
6701	461042	1.0
6702	580292	1.0
6702	245974	1.0
6702	580809	1.0
6705	500669	1.0
6705	584322	1.0
6707	334470	1.0
6707	532667	1.0
6711	692	1.0
6716	497370	1.0
6716	93397	1.0
6716	544949	1.0
6717	120156	1.0
6717	321189	1.0
6717	310120	1.0
6717	425651	1.0
6717	516444	1.0
6717	29271	1.0
6717	592780	1.0
6717	104644	1.0
6719	477932	1.0
6719	516608	1.0
6719	545136	1.0
6719	165995	1.0
6719	102340	1.0
6719	308970	1.0
6719	132636	1.0
6720	40821	1.0
6720	508972	1.0
6720	311931	1.0
6720	404102	1.0
6720	207643	1.0
6720	323089	1.0
6724	109132	1.0
6724	88396	1.0
6725	541713	1.0
6726	335575	1.0
6726	117640	1.0
6726	270540	1.0
6728	239820	1.0
6728	163724	1.0
6729	436331	1.0
6729	399564	1.0
6730	119351	1.0
6730	488638	1.0
6731	174245	1.0
6732	479871	1.0
6732	560889	1.0
6732	482573	1.0
6733	438623	1.0
6733	261491	1.0
6733	499451	1.0
6733	109220	1.0
6736	468381	1.0
6738	144844	1.0
6739	41130	1.0
6739	562481	1.0
6739	481999	1.0
6739	442127	1.0
6740	492346	1.0
6740	122260	1.0
6741	594595	1.0
6741	290691	1.0
6742	201736	1.0
6742	300698	1.0
6743	47053	1.0
6743	437208	1.0
6743	115652	1.0
6745	541991	1.0
6745	248217	1.0
6745	65667	1.0
6748	498404	1.0
6749	70512	1.0
6749	416732	1.0
6749	533818	1.0
6750	458730	1.0
6750	378825	1.0
6750	55999	1.0
6750	285214	1.0
6750	567653	1.0
6751	134545	1.0
6754	445439	1.0
6754	491843	1.0
6755	543898	1.0
6756	197046	1.0
6757	204209	1.0
6758	30996	1.0
6759	582048	1.0
6759	544174	1.0
6759	559967	1.0
6761	537153	1.0
6761	330900	1.0
6762	295115	1.0
6762	521934	1.0
6764	410887	1.0
6765	64943	1.0
6767	26326	1.0
6768	366578	1.0
6769	178691	1.0
6770	92202	1.0
6770	255045	1.0
6773	389562	1.0
6774	146177	1.0
6777	17231	1.0
6781	203573	1.0
6781	519204	1.0
6782	358164	1.0
6782	555226	1.0
6782	151723	1.0
6782	581116	1.0
6782	277491	1.0
6783	383616	1.0
6784	184338	1.0
6784	263967	1.0
6788	237718	1.0
6789	336284	1.0
6789	20022	1.0
6789	565487	1.0
6790	188152	1.0
6793	41577	1.0
6794	314200	1.0
6797	517286	1.0
6797	73224	1.0
6798	163446	1.0
6799	271029	1.0
6799	233568	1.0
6799	556694	1.0
6801	115815	1.0
6801	260836	1.0
6804	346882	1.0
6804	152607	1.0
6804	159577	1.0
6806	136822	1.0
6806	189920	1.0
6808	486692	1.0
6809	300641	1.0
6809	446843	1.0
6809	496217	1.0
6810	121255	1.0
6812	230343	1.0
6812	24856	1.0
6812	302372	1.0
6812	464810	1.0
6816	501931	1.0
6817	107215	1.0
6822	527636	1.0
6823	73723	1.0
6825	349147	1.0
6825	386225	1.0
6825	124205	1.0
6828	240550	1.0
6831	326115	1.0
6831	447625	1.0
6831	321639	1.0
6833	227399	1.0
6836	109345	1.0
6836	284813	1.0
6839	449280	1.0
6839	443569	1.0
6840	200879	1.0
6843	420974	1.0
6843	307230	1.0
6843	88813	1.0
6843	545284	1.0
6843	385095	1.0
6843	332467	1.0
6843	45472	1.0
6843	131127	1.0
6843	169954	1.0
6843	220608	1.0
6843	417457	1.0
6843	10710	1.0
6844	510640	1.0
6844	2633	1.0
6844	137117	1.0
6845	72529	1.0
6847	61193	1.0
6851	384536	1.0
6851	90119	1.0
6852	597346	1.0
6853	61919	1.0
6853	570112	1.0
6855	538396	1.0
6856	419856	1.0
6856	189028	1.0
6857	86757	1.0
6859	534370	1.0
6859	552322	1.0
6861	551809	1.0
6861	430692	1.0
6863	88964	1.0
6865	596736	1.0
6866	488207	1.0
6869	557219	1.0
6870	479697	1.0
6871	89546	1.0
6871	33287	1.0
6874	59871	1.0
6876	471131	1.0
6876	139438	1.0
6878	163396	1.0
6879	435963	1.0
6879	57516	1.0
6879	339963	1.0
6879	69506	1.0
6881	566378	1.0
6882	411334	1.0
6882	558172	1.0
6882	591069	1.0
6883	67415	1.0
6883	257413	1.0
6884	323731	1.0
6884	355972	1.0
6884	310326	1.0
6885	371515	1.0
6885	549181	1.0
6886	536610	1.0
6886	377944	1.0
6887	292762	1.0
6889	496681	1.0
6894	238075	1.0
6897	106740	1.0
6897	71924	1.0
6897	507507	1.0
6898	355089	1.0
6900	516078	1.0
6900	34080	1.0
6900	152747	1.0
6902	71732	1.0
6902	143606	1.0
6904	359778	1.0
6904	286189	1.0
6904	216065	1.0
6905	387162	1.0
6905	120859	1.0
6905	533727	1.0
6905	394066	1.0
6905	229626	1.0
6906	129327	1.0
6906	386309	1.0
6908	536674	1.0
6910	238877	1.0
6910	201226	1.0
6910	5122	1.0
6910	108087	1.0
6910	161296	1.0
6911	553110	1.0
6914	109678	1.0
6914	252558	1.0
6915	30557	1.0
6916	379299	1.0
6917	520079	1.0
6918	374797	1.0
6918	511587	1.0
6919	506238	1.0
6921	162768	1.0
6921	594047	1.0
6927	594040	1.0
6931	332924	1.0
6935	316312	1.0
6935	6607	1.0
6935	580985	1.0
6936	72845	1.0
6938	137175	1.0
6938	585552	1.0
6939	211343	1.0
6939	481169	1.0
6939	556144	1.0
6940	100188	1.0
6941	368348	1.0
6941	95948	1.0
6941	331673	1.0
6942	580512	1.0
6942	385020	1.0
6943	201876	1.0
6943	48153	1.0
6944	409818	1.0
6944	451613	1.0
6945	499536	1.0
6947	194322	1.0
6947	473552	1.0
6948	183166	1.0
6949	43526	1.0
6950	583913	1.0
6951	266785	1.0
6952	16175	1.0
6952	240089	1.0
6953	452479	1.0
6953	217904	1.0
6953	469687	1.0
6955	463831	1.0
6957	259178	1.0
6957	507828	1.0
6958	426248	1.0
6958	569530	1.0
6958	191448	1.0
6960	534755	1.0
6960	484307	1.0
6962	123595	1.0
6962	173872	1.0
6963	211509	1.0
6963	145590	1.0
6963	480515	1.0
6963	288860	1.0
6964	256035	1.0
6966	15635	1.0
6966	435463	1.0
6967	259145	1.0
6968	232207	1.0
6969	303944	1.0
6969	519025	1.0
6970	163566	1.0
6974	458789	1.0
6975	196461	1.0
6976	412657	1.0
6977	21070	1.0
6980	145096	1.0
6982	519291	1.0
6987	87667	1.0
6987	491358	1.0
6987	548211	1.0
6989	159263	1.0
6990	348514	1.0
6991	293484	1.0
6991	180495	1.0
6992	385220	1.0
6992	428786	1.0
6993	541280	1.0
6994	318124	1.0
6994	514977	1.0
6995	236254	1.0
6997	34622	1.0
6997	337133	1.0
6998	175107	1.0
6998	219927	1.0
6998	479874	1.0
6998	438547	1.0
7000	191704	1.0
7002	557181	1.0
7002	179855	1.0
7003	343619	1.0
7003	172840	1.0
7004	393083	1.0
7005	516923	1.0
7005	318833	1.0
7006	17795	1.0
7008	30973	1.0
7009	125230	1.0
7010	288448	1.0
7011	159166	1.0
7011	32600	1.0
7012	239334	1.0
7014	216366	1.0
7014	437327	1.0
7014	432187	1.0
7015	505484	1.0
7016	552255	1.0
7020	451352	1.0
7020	375992	1.0
7021	228488	1.0
7023	248021	1.0
7024	154525	1.0
7024	459351	1.0
7024	179649	1.0
7025	300924	1.0
7025	271741	1.0
7026	136805	1.0
7026	490365	1.0
7026	415281	1.0
7026	25080	1.0
7026	537854	1.0
7026	412951	1.0
7027	173088	1.0
7027	260006	1.0
7027	528095	1.0
7027	286296	1.0
7028	427726	1.0
7029	536564	1.0
7029	222498	1.0
7030	593644	1.0
7033	237906	1.0
7034	24537	1.0
7036	505022	1.0
7038	278307	1.0
7040	184390	1.0
7040	331521	1.0
7041	287923	1.0
7042	207929	1.0
7044	598241	1.0
7044	224406	1.0
7044	90085	1.0
7044	373949	1.0
7045	349822	1.0
7046	62069	1.0
7047	433129	1.0
7047	61103	1.0
7047	196478	1.0
7048	117317	1.0
7048	498323	1.0
7048	563271	1.0
7049	348445	1.0
7049	181673	1.0
7049	434224	1.0
7049	247313	1.0
7049	255978	1.0
7049	461062	1.0
7049	13240	1.0
7049	511280	1.0
7052	136042	1.0
7053	469100	1.0
7054	120082	1.0
7055	404604	1.0
7055	446904	1.0
7055	48493	1.0
7056	181158	1.0
7056	394454	1.0
7058	300587	1.0
7058	416007	1.0
7060	516797	1.0
7061	343613	1.0
7061	55535	1.0
7062	243115	1.0
7062	518242	1.0
7063	457059	1.0
7064	409108	1.0
7064	595605	1.0
7064	361507	1.0
7065	213927	1.0
7065	258433	1.0
7065	463907	1.0
7067	472537	1.0
7067	434904	1.0
7069	41468	1.0
7070	183477	1.0
7070	129852	1.0
7072	44666	1.0
7072	246295	1.0
7072	457485	1.0
7075	125940	1.0
7076	554784	1.0
7077	367742	1.0
7078	175540	1.0
7078	213178	1.0
7079	135798	1.0
7081	127585	1.0
7081	564214	1.0
7081	392037	1.0
7083	252176	1.0
7083	262291	1.0
7083	159727	1.0
7085	456968	1.0
7087	169886	1.0
7087	57457	1.0
7092	8177	1.0
7093	483147	1.0
7093	304918	1.0
7094	71873	1.0
7095	24459	1.0
7095	334577	1.0
7095	21167	1.0
7097	588311	1.0
7102	592914	1.0
7103	519038	1.0
7103	108039	1.0
7104	297032	1.0
7108	583626	1.0
7111	89216	1.0
7113	257835	1.0
7114	313855	1.0
7115	43508	1.0
7116	456749	1.0
7116	262591	1.0
7117	309758	1.0
7117	344076	1.0
7117	193502	1.0
7118	7561	1.0
7120	162804	1.0
7122	291548	1.0
7123	18671	1.0
7123	212025	1.0
7126	463219	1.0
7126	466145	1.0
7128	268205	1.0
7130	163034	1.0
7130	485424	1.0
7131	15606	1.0
7132	376136	1.0
7132	31587	1.0
7133	121480	1.0
7133	361345	1.0
7133	212470	1.0
7134	383328	1.0
7135	594303	1.0
7136	553253	1.0
7137	549895	1.0
7138	409039	1.0
7138	553331	1.0
7138	284982	1.0
7138	420097	1.0
7139	123418	1.0
7139	511072	1.0
7139	391655	1.0
7140	261965	1.0
7142	144033	1.0
7143	319477	1.0
7144	434596	1.0
7144	211441	1.0
7144	507357	1.0
7144	581579	1.0
7144	538743	1.0
7146	252918	1.0
7146	466403	1.0
7146	586756	1.0
7148	590010	1.0
7148	275340	1.0
7148	261902	1.0
7149	186849	1.0
7149	542764	1.0
7149	366128	1.0
7149	419697	1.0
7151	235910	1.0
7151	341293	1.0
7152	22916	1.0
7152	140629	1.0
7152	232012	1.0
7152	580400	1.0
7153	551766	1.0
7153	397450	1.0
7153	197443	1.0
7153	139920	1.0
7154	161019	1.0
7157	37152	1.0
7157	89484	1.0
7158	390881	1.0
7159	13149	1.0
7160	373237	1.0
7160	24191	1.0
7162	418528	1.0
7162	500986	1.0
7162	543619	1.0
7163	113644	1.0
7163	47579	1.0
7163	381195	1.0
7164	454086	1.0
7164	577075	1.0
7165	305770	1.0
7165	300104	1.0
7165	136520	1.0
7167	267067	1.0
7168	123320	1.0
7168	189858	1.0
7168	316037	1.0
7170	144886	1.0
7170	568067	1.0
7170	173846	1.0
7171	333508	1.0
7171	109316	1.0
7172	477588	1.0
7173	597519	1.0
7173	447303	1.0
7174	572622	1.0
7174	229364	1.0
7177	216827	1.0
7177	512253	1.0
7179	565181	1.0
7179	51046	1.0
7179	208898	1.0
7179	425293	1.0
7179	588384	1.0
7180	252135	1.0
7180	530146	1.0
7183	301477	1.0
7185	118270	1.0
7186	137877	1.0
7186	22169	1.0
7190	583427	1.0
7190	92798	1.0
7192	118712	1.0
7193	460014	1.0
7195	400747	1.0
7196	238333	1.0
7197	122323	1.0
7197	178034	1.0
7197	351518	1.0
7198	523933	1.0
7199	541730	1.0
7199	508144	1.0
7199	407759	1.0
7201	427850	1.0
7201	358997	1.0
7201	172374	1.0
7204	123030	1.0
7209	433471	1.0
7209	458933	1.0
7209	63403	1.0
7209	294295	1.0
7209	306783	1.0
7210	582562	1.0
7210	178521	1.0
7210	416941	1.0
7212	558542	1.0
7212	271109	1.0
7213	562919	1.0
7213	530425	1.0
7219	36723	1.0
7220	151546	1.0
7222	99472	1.0
7222	539552	1.0
7223	25487	1.0
7223	19367	1.0
7224	361884	1.0
7224	274156	1.0
7225	414172	1.0
7226	355679	1.0
7226	335833	1.0
7228	112701	1.0
7229	390779	1.0
7231	354803	1.0
7231	522049	1.0
7232	278887	1.0
7234	293500	1.0
7235	316444	1.0
7235	154611	1.0
7235	25850	1.0
7236	596203	1.0
7236	488009	1.0
7239	555506	1.0
7239	308318	1.0
7239	74554	1.0
7239	80272	1.0
7239	250038	1.0
7240	581514	1.0
7241	67616	1.0
7241	90858	1.0
7242	98828	1.0
7244	358602	1.0
7245	399631	1.0
7245	124279	1.0
7245	532660	1.0
7245	404564	1.0
7246	388065	1.0
7247	459953	1.0
7251	133093	1.0
7252	35533	1.0
7253	516790	1.0
7253	527076	1.0
7253	108849	1.0
7255	149696	1.0
7256	21189	1.0
7256	537214	1.0
7256	242850	1.0
7258	406192	1.0
7258	374284	1.0
7258	72360	1.0
7260	285135	1.0
7261	375517	1.0
7261	238903	1.0
7263	535605	1.0
7264	194030	1.0
7264	464264	1.0
7264	186538	1.0
7264	135031	1.0
7267	160555	1.0
7268	370388	1.0
7268	33515	1.0
7271	21786	1.0
7271	10171	1.0
7272	417295	1.0
7272	31704	1.0
7273	14989	1.0
7273	424437	1.0
7273	240818	1.0
7273	352051	1.0
7273	266373	1.0
7273	156908	1.0
7273	41271	1.0
7273	15385	1.0
7277	450132	1.0
7280	173729	1.0
7280	394793	1.0
7282	533132	1.0
7282	372417	1.0
7282	565150	1.0
7282	161934	1.0
7284	133943	1.0
7284	201706	1.0
7286	251002	1.0
7286	388980	1.0
7287	114520	1.0
7287	361778	1.0
7289	21764	1.0
7289	403381	1.0
7289	28662	1.0
7290	550410	1.0
7292	541783	1.0
7292	591313	1.0
7296	538278	1.0
7296	289291	1.0
7297	358520	1.0
7299	251596	1.0
7302	330743	1.0
7302	551122	1.0
7302	219208	1.0
7303	233871	1.0
7303	370469	1.0
7304	294644	1.0
7304	488996	1.0
7305	397445	1.0
7306	470758	1.0
7306	309326	1.0
7307	281256	1.0
7308	255902	1.0
7309	70194	1.0
7310	102026	1.0
7312	428746	1.0
7313	379140	1.0
7313	117451	1.0
7314	282499	1.0
7314	54394	1.0
7315	59638	1.0
7315	591534	1.0
7316	251893	1.0
7317	105437	1.0
7317	420991	1.0
7317	221277	1.0
7318	260085	1.0
7318	50002	1.0
7318	185278	1.0
7319	541928	1.0
7319	333408	1.0
7319	33394	1.0
7320	18131	1.0
7321	293724	1.0
7321	513620	1.0
7322	311527	1.0
7322	436120	1.0
7322	215049	1.0
7324	181238	1.0
7324	448952	1.0
7325	395686	1.0
7325	558867	1.0
7327	173133	1.0
7327	581780	1.0
7327	550468	1.0
7328	387980	1.0
7330	76063	1.0
7331	169561	1.0
7331	226243	1.0
7332	3118	1.0
7332	549528	1.0
7332	51602	1.0
7333	257656	1.0
7334	215486	1.0
7335	60314	1.0
7336	336394	1.0
7336	48566	1.0
7336	508185	1.0
7337	564611	1.0
7337	568299	1.0
7337	549306	1.0
7337	278729	1.0
7338	375302	1.0
7338	325787	1.0
7338	26629	1.0
7338	31665	1.0
7339	141141	1.0
7339	475019	1.0
7340	334473	1.0
7340	63301	1.0
7341	518393	1.0
7342	573928	1.0
7342	143302	1.0
7343	161966	1.0
7343	478065	1.0
7343	322771	1.0
7348	138383	1.0
7350	81353	1.0
7351	70096	1.0
7352	510328	1.0
7353	336399	1.0
7354	536043	1.0
7354	435855	1.0
7354	234935	1.0
7354	407941	1.0
7354	121920	1.0
7355	263088	1.0
7355	365627	1.0
7356	326125	1.0
7357	396844	1.0
7357	392876	1.0
7359	566028	1.0
7359	458231	1.0
7359	18349	1.0
7362	397166	1.0
7363	453582	1.0
7364	500813	1.0
7364	243995	1.0
7364	473925	1.0
7365	43547	1.0
7365	467352	1.0
7366	310837	1.0
7366	168705	1.0
7366	590561	1.0
7369	183100	1.0
7370	281763	1.0
7371	221869	1.0
7373	161632	1.0
7374	317148	1.0
7375	523540	1.0
7375	50964	1.0
7375	330223	1.0
7375	53047	1.0
7375	581399	1.0
7375	396525	1.0
7376	382067	1.0
7382	176070	1.0
7383	273937	1.0
7384	553332	1.0
7387	289045	1.0
7387	437436	1.0
7388	537212	1.0
7389	307828	1.0
7389	63565	1.0
7390	571124	1.0
7390	177674	1.0
7390	140267	1.0
7392	531180	1.0
7392	89351	1.0
7393	522658	1.0
7394	428399	1.0
7395	99803	1.0
7395	81101	1.0
7397	594641	1.0
7398	39569	1.0
7398	432404	1.0
7399	224371	1.0
7399	67641	1.0
7401	222320	1.0
7402	148440	1.0
7402	581591	1.0
7404	374412	1.0
7405	398442	1.0
7406	110029	1.0
7408	80789	1.0
7408	530596	1.0
7408	196399	1.0
7409	311202	1.0
7409	289853	1.0
7409	563334	1.0
7409	513055	1.0
7410	386655	1.0
7410	505597	1.0
7410	597434	1.0
7411	110856	1.0
7411	45523	1.0
7411	193648	1.0
7412	382381	1.0
7413	354811	1.0
7414	331835	1.0
7414	394961	1.0
7415	139915	1.0
7415	435363	1.0
7416	64672	1.0
7417	550824	1.0
7417	597437	1.0
7417	456761	1.0
7419	242934	1.0
7420	110138	1.0
7420	295281	1.0
7421	311798	1.0
7422	509799	1.0
7425	213435	1.0
7425	78470	1.0
7425	178017	1.0
7425	64168	1.0
7425	78893	1.0
7425	341148	1.0
7425	358154	1.0
7426	254542	1.0
7426	22477	1.0
7427	237783	1.0
7427	219470	1.0
7428	93814	1.0
7429	239904	1.0
7429	268395	1.0
7430	285590	1.0
7430	536194	1.0
7432	293483	1.0
7432	226321	1.0
7433	522319	1.0
7434	86281	1.0
7436	478600	1.0
7436	561884	1.0
7438	149178	1.0
7438	37636	1.0
7438	7174	1.0
7438	479500	1.0
7438	136047	1.0
7439	273992	1.0
7440	226980	1.0
7440	508597	1.0
7442	20675	1.0
7443	106620	1.0
7443	575435	1.0
7444	153185	1.0
7444	362212	1.0
7444	516113	1.0
7444	110162	1.0
7447	291903	1.0
7449	499331	1.0
7451	158185	1.0
7452	255789	1.0
7453	251062	1.0
7454	268023	1.0
7454	19040	1.0
7454	542795	1.0
7455	450949	1.0
7459	151435	1.0
7462	169176	1.0
7462	558218	1.0
7466	350555	1.0
7468	105046	1.0
7468	462291	1.0
7469	23537	1.0
7469	425558	1.0
7472	33208	1.0
7475	248167	1.0
7476	186631	1.0
7476	240844	1.0
7477	62606	1.0
7479	65295	1.0
7479	484179	1.0
7480	338051	1.0
7480	234615	1.0
7480	61258	1.0
7480	593938	1.0
7481	14768	1.0
7482	259659	1.0
7482	421311	1.0
7482	158717	1.0
7483	549040	1.0
7485	74668	1.0
7486	225536	1.0
7488	272574	1.0
7488	260773	1.0
7489	296177	1.0
7489	422828	1.0
7491	118762	1.0
7491	103013	1.0
7492	574365	1.0
7493	159724	1.0
7494	325892	1.0
7495	473042	1.0
7495	420574	1.0
7495	274488	1.0
7496	583708	1.0
7496	471792	1.0
7497	261583	1.0
7498	525213	1.0
7498	380427	1.0
7499	236543	1.0
7499	5875	1.0
7500	145892	1.0
7501	517873	1.0
7501	65134	1.0
7502	409995	1.0
7503	429418	1.0
7504	58690	1.0
7504	108721	1.0
7504	410461	1.0
7504	189894	1.0
7505	481298	1.0
7507	586336	1.0
7507	561997	1.0
7508	88228	1.0
7511	94062	1.0
7514	573242	1.0
7514	274079	1.0
7516	277548	1.0
7516	576688	1.0
7521	51848	1.0
7522	419832	1.0
7522	420746	1.0
7522	141541	1.0
7523	144002	1.0
7523	204866	1.0
7523	350068	1.0
7524	510268	1.0
7524	212628	1.0
7524	395208	1.0
7524	127401	1.0
7524	213462	1.0
7525	436222	1.0
7525	407911	1.0
7525	95243	1.0
7525	408695	1.0
7527	379759	1.0
7528	43088	1.0
7528	438349	1.0
7528	174313	1.0
7530	4444	1.0
7532	198229	1.0
7532	8237	1.0
7532	485092	1.0
7532	534323	1.0
7536	474452	1.0
7536	135765	1.0
7536	63243	1.0
7536	465774	1.0
7536	508610	1.0
7538	32615	1.0
7538	132097	1.0
7540	356490	1.0
7541	317529	1.0
7541	478147	1.0
7542	68187	1.0
7543	85484	1.0
7545	327560	1.0
7546	494877	1.0
7546	5018	1.0
7546	22426	1.0
7546	198039	1.0
7546	43087	1.0
7546	350276	1.0
7548	64090	1.0
7548	89460	1.0
7548	278630	1.0
7548	447886	1.0
7549	164628	1.0
7551	201391	1.0
7551	535720	1.0
7551	7969	1.0
7551	128077	1.0
7553	70443	1.0
7554	226063	1.0
7555	102287	1.0
7556	28211	1.0
7557	519241	1.0
7558	431870	1.0
7559	332901	1.0
7560	368911	1.0
7560	295887	1.0
7561	512947	1.0
7563	325696	1.0
7564	438463	1.0
7564	120717	1.0
7564	320315	1.0
7564	489101	1.0
7564	520026	1.0
7564	489659	1.0
7564	143593	1.0
7565	384267	1.0
7569	104188	1.0
7570	175252	1.0
7570	302619	1.0
7570	449828	1.0
7571	80844	1.0
7571	98345	1.0
7571	142631	1.0
7571	67253	1.0
7572	163630	1.0
7574	340263	1.0
7576	555854	1.0
7577	134110	1.0
7578	555237	1.0
7579	11456	1.0
7579	23469	1.0
7579	92695	1.0
7580	344758	1.0
7581	511528	1.0
7582	543312	1.0
7583	193876	1.0
7583	367047	1.0
7583	18440	1.0
7584	431848	1.0
7585	30464	1.0
7586	324244	1.0
7588	266725	1.0
7588	196427	1.0
7589	47827	1.0
7589	350925	1.0
7589	207496	1.0
7593	272325	1.0
7593	564037	1.0
7593	410035	1.0
7597	480881	1.0
7597	121334	1.0
7598	332323	1.0
7598	26203	1.0
7599	484009	1.0
7600	209067	1.0
7600	161254	1.0
7600	588377	1.0
7600	78448	1.0
7600	408918	1.0
7600	162420	1.0
7600	273866	1.0
7600	554910	1.0
7600	558466	1.0
7600	364642	1.0
7600	357583	1.0
7600	72446	1.0
7601	273789	1.0
7602	263795	1.0
7603	231195	1.0
7603	399584	1.0
7603	514454	1.0
7604	236006	1.0
7605	285698	1.0
7607	377117	1.0
7608	273416	1.0
7608	130941	1.0
7608	247614	1.0
7608	126151	1.0
7608	28720	1.0
7610	260060	1.0
7610	568130	1.0
7610	279106	1.0
7612	376148	1.0
7612	425479	1.0
7612	219161	1.0
7612	569484	1.0
7613	220110	1.0
7613	112179	1.0
7613	15504	1.0
7614	285945	1.0
7615	333050	1.0
7615	70389	1.0
7615	33562	1.0
7615	244754	1.0
7615	315212	1.0
7616	422142	1.0
7616	264228	1.0
7617	331492	1.0
7617	34241	1.0
7617	399738	1.0
7617	356202	1.0
7617	579319	1.0
7618	565736	1.0
7619	223477	1.0
7619	202329	1.0
7619	537111	1.0
7619	597687	1.0
7621	90893	1.0
7625	468148	1.0
7625	55443	1.0
7626	151042	1.0
7627	110343	1.0
7629	559417	1.0
7629	352130	1.0
7632	116017	1.0
7634	63044	1.0
7635	538580	1.0
7636	206765	1.0
7636	576632	1.0
7636	148263	1.0
7639	129025	1.0
7639	222783	1.0
7640	350095	1.0
7641	209879	1.0
7641	300367	1.0
7642	149367	1.0
7643	63848	1.0
7643	563324	1.0
7643	322645	1.0
7644	412223	1.0
7644	294522	1.0
7645	60281	1.0
7645	419953	1.0
7646	271949	1.0
7646	290182	1.0
7646	484823	1.0
7648	543103	1.0
7648	336667	1.0
7649	477296	1.0
7649	565513	1.0
7649	236321	1.0
7651	388252	1.0
7651	138102	1.0
7651	167438	1.0
7651	474714	1.0
7655	241059	1.0
7655	483488	1.0
7655	276950	1.0
7656	161068	1.0
7656	313186	1.0
7656	159952	1.0
7656	82304	1.0
7656	296799	1.0
7656	229110	1.0
7658	223070	1.0
7658	171072	1.0
7659	438317	1.0
7660	215878	1.0
7661	401952	1.0
7663	176123	1.0
7666	240086	1.0
7666	299016	1.0
7667	162618	1.0
7669	271920	1.0
7670	575741	1.0
7670	376314	1.0
7671	393838	1.0
7672	507276	1.0
7673	492212	1.0
7675	230163	1.0
7676	30808	1.0
7679	211414	1.0
7682	69474	1.0
7683	235323	1.0
7683	273960	1.0
7683	298680	1.0
7683	226727	1.0
7683	526283	1.0
7685	551719	1.0
7685	597261	1.0
7686	373034	1.0
7687	271504	1.0
7687	57070	1.0
7688	568197	1.0
7689	176230	1.0
7689	346735	1.0
7691	207788	1.0
7691	383287	1.0
7691	395783	1.0
7692	540533	1.0
7692	130827	1.0
7694	105373	1.0
7694	273612	1.0
7694	481070	1.0
7694	463254	1.0
7695	131488	1.0
7697	339268	1.0
7697	350191	1.0
7699	349668	1.0
7699	506555	1.0
7701	320698	1.0
7704	168006	1.0
7706	303710	1.0
7709	535659	1.0
7709	591194	1.0
7710	525645	1.0
7710	250844	1.0
7711	140371	1.0
7711	24563	1.0
7711	397325	1.0
7713	402010	1.0
7713	97842	1.0
7716	505761	1.0
7717	562904	1.0
7718	145108	1.0
7719	493578	1.0
7719	598332	1.0
7719	124042	1.0
7723	498075	1.0
7723	548673	1.0
7723	239714	1.0
7723	505509	1.0
7723	280626	1.0
7723	8857	1.0
7726	248853	1.0
7726	337941	1.0
7726	387747	1.0
7727	474981	1.0
7730	361858	1.0
7730	207815	1.0
7730	348327	1.0
7730	191006	1.0
7730	521683	1.0
7730	119247	1.0
7730	23522	1.0
7731	430718	1.0
7733	589475	1.0
7736	395099	1.0
7737	346498	1.0
7739	313397	1.0
7740	377466	1.0
7740	162884	1.0
7740	442897	1.0
7740	488546	1.0
7741	361205	1.0
7742	197970	1.0
7742	243797	1.0
7743	101836	1.0
7743	142265	1.0
7745	186869	1.0
7745	519781	1.0
7746	257258	1.0
7749	38586	1.0
7750	345428	1.0
7750	154829	1.0
7750	350112	1.0
7750	217424	1.0
7750	145383	1.0
7750	90927	1.0
7750	535963	1.0
7752	482537	1.0
7752	352965	1.0
7753	313544	1.0
7755	472067	1.0
7756	74839	1.0
7759	199568	1.0
7759	200914	1.0
7760	240744	1.0
7760	16806	1.0
7762	274888	1.0
7762	58683	1.0
7764	129466	1.0
7766	125319	1.0
7766	557599	1.0
7767	368938	1.0
7767	501686	1.0
7770	549344	1.0
7770	347143	1.0
7771	545184	1.0
7772	311442	1.0
7773	57534	1.0
7774	443951	1.0
7774	428502	1.0
7774	214217	1.0
7774	597699	1.0
7774	34467	1.0
7774	541054	1.0
7774	15800	1.0
7776	10873	1.0
7776	573039	1.0
7776	243397	1.0
7778	506302	1.0
7778	389202	1.0
7778	505943	1.0
7779	142146	1.0
7780	108081	1.0
7781	251190	1.0
7782	186643	1.0
7785	27930	1.0
7786	100128	1.0
7789	251394	1.0
7790	471668	1.0
7790	170704	1.0
7790	581776	1.0
7790	558382	1.0
7791	364588	1.0
7791	545146	1.0
7792	326534	1.0
7792	94408	1.0
7793	96807	1.0
7793	265277	1.0
7793	322798	1.0
7794	572451	1.0
7795	410404	1.0
7796	381400	1.0
7797	25195	1.0
7797	553896	1.0
7797	529402	1.0
7800	429271	1.0
7802	182305	1.0
7802	551145	1.0
7802	267998	1.0
7804	18855	1.0
7804	41926	1.0
7804	355341	1.0
7804	444946	1.0
7805	52136	1.0
7805	262680	1.0
7806	178438	1.0
7807	109561	1.0
7808	410822	1.0
7808	253028	1.0
7808	33291	1.0
7810	524708	1.0
7810	179398	1.0
7811	20378	1.0
7813	56894	1.0
7813	236036	1.0
7815	278369	1.0
7817	31330	1.0
7821	205070	1.0
7822	14543	1.0
7822	145458	1.0
7822	483394	1.0
7825	393134	1.0
7825	313135	1.0
7827	377357	1.0
7828	353657	1.0
7828	303186	1.0
7828	237316	1.0
7828	154450	1.0
7829	424641	1.0
7830	112714	1.0
7830	558566	1.0
7832	480489	1.0
7832	343594	1.0
7833	193717	1.0
7833	12034	1.0
7835	159417	1.0
7836	48203	1.0
7837	250500	1.0
7840	100009	1.0
7842	349621	1.0
7842	579848	1.0
7843	499333	1.0
7844	577126	1.0
7846	527470	1.0
7846	115772	1.0
7849	487593	1.0
7850	578314	1.0
7850	586851	1.0
7850	81652	1.0
7851	497075	1.0
7851	107660	1.0
7851	215103	1.0
7851	388160	1.0
7854	536647	1.0
7855	25877	1.0
7856	12542	1.0
7856	172338	1.0
7856	581423	1.0
7856	459494	1.0
7856	358586	1.0
7856	516445	1.0
7857	388819	1.0
7859	292991	1.0
7859	513016	1.0
7860	231720	1.0
7862	2040	1.0
7863	153491	1.0
7863	42390	1.0
7863	71399	1.0
7865	105781	1.0
7865	526259	1.0
7865	533549	1.0
7865	205870	1.0
7865	348922	1.0
7866	423171	1.0
7866	267466	1.0
7868	298985	1.0
7869	69395	1.0
7869	399952	1.0
7869	551811	1.0
7869	184557	1.0
7872	44917	1.0
7872	538258	1.0
7872	74576	1.0
7873	448589	1.0
7873	338170	1.0
7873	11454	1.0
7877	36679	1.0
7877	88345	1.0
7878	235972	1.0
7878	477092	1.0
7882	374331	1.0
7883	483025	1.0
7884	532656	1.0
7885	198532	1.0
7887	388826	1.0
7887	3893	1.0
7891	34688	1.0
7891	209125	1.0
7891	309913	1.0
7894	220025	1.0
7895	35252	1.0
7895	7593	1.0
7895	545558	1.0
7895	451898	1.0
7896	490620	1.0
7896	535518	1.0
7897	258227	1.0
7897	38510	1.0
7900	414088	1.0
7903	63971	1.0
7903	392481	1.0
7903	64213	1.0
7904	192600	1.0
7904	177424	1.0
7904	135216	1.0
7904	515738	1.0
7905	457422	1.0
7905	444854	1.0
7906	350145	1.0
7907	232880	1.0
7909	527786	1.0
7909	21620	1.0
7910	195506	1.0
7917	51066	1.0
7917	390725	1.0
7918	513392	1.0
7918	559324	1.0
7918	523521	1.0
7921	232540	1.0
7921	152960	1.0
7924	413856	1.0
7924	102119	1.0
7924	176489	1.0
7927	573958	1.0
7932	526661	1.0
7933	246221	1.0
7933	481283	1.0
7934	247051	1.0
7934	418003	1.0
7937	503981	1.0
7937	524940	1.0
7939	58875	1.0
7939	142735	1.0
7940	18675	1.0
7940	365704	1.0
7940	61227	1.0
7940	432104	1.0
7941	159439	1.0
7941	229707	1.0
7944	260616	1.0
7944	231221	1.0
7952	61006	1.0
7952	116846	1.0
7952	435990	1.0
7952	59988	1.0
7952	157376	1.0
7954	163290	1.0
7956	483765	1.0
7956	127702	1.0
7956	598295	1.0
7956	293027	1.0
7958	474384	1.0
7958	111615	1.0
7961	501032	1.0
7961	369762	1.0
7961	232945	1.0
7961	452122	1.0
7962	554015	1.0
7962	161041	1.0
7966	593045	1.0
7966	536345	1.0
7966	561703	1.0
7968	19551	1.0
7968	149919	1.0
7970	94690	1.0
7970	336018	1.0
7970	142110	1.0
7972	556696	1.0
7972	546125	1.0
7973	516136	1.0
7973	306561	1.0
7977	343219	1.0
7977	169240	1.0
7977	195767	1.0
7978	589443	1.0
7978	301757	1.0
7980	260023	1.0
7980	73950	1.0
7982	104786	1.0
7985	225717	1.0
7987	433003	1.0
7987	464356	1.0
7988	142433	1.0
7990	455033	1.0
7990	163287	1.0
7991	233394	1.0
7991	122378	1.0
7991	592966	1.0
7993	151037	1.0
7993	155616	1.0
7994	478016	1.0
7994	424106	1.0
7994	524580	1.0
8000	516214	1.0
8000	258048	1.0
8003	251713	1.0
8003	528516	1.0
8004	210268	1.0
8004	261415	1.0
8004	477426	1.0
8004	490899	1.0
8006	193398	1.0
8006	51205	1.0
8009	231781	1.0
8009	198592	1.0
8009	161895	1.0
8011	294076	1.0
8011	267974	1.0
8011	203670	1.0
8019	505244	1.0
8020	216404	1.0
8020	232716	1.0
8020	378523	1.0
8022	393439	1.0
8031	493010	1.0
8031	598478	1.0
8033	379232	1.0
8033	395437	1.0
8035	531005	1.0
8036	475560	1.0
8036	480119	1.0
8037	462106	1.0
8037	305069	1.0
8039	17839	1.0
8039	26252	1.0
8041	445052	1.0
8042	500486	1.0
8042	312015	1.0
8042	200212	1.0
8042	518735	1.0
8048	498604	1.0
8048	40831	1.0
8051	507710	1.0
8053	302735	1.0
8055	359734	1.0
8055	14133	1.0
8055	42042	1.0
8056	554568	1.0
8056	548278	1.0
8056	93808	1.0
8056	12367	1.0
8056	247101	1.0
8061	357696	1.0
8062	78816	1.0
8063	555414	1.0
8063	563831	1.0
8063	69771	1.0
8064	298284	1.0
8064	99200	1.0
8067	583678	1.0
8067	553634	1.0
8068	460341	1.0
8069	725	1.0
8070	39696	1.0
8076	152788	1.0
8078	480691	1.0
8080	347521	1.0
8080	121886	1.0
8081	151987	1.0
8081	22304	1.0
8084	238024	1.0
8084	482517	1.0
8085	365331	1.0
8086	537222	1.0
8086	529001	1.0
8086	225877	1.0
8086	94336	1.0
8090	539664	1.0
8090	193266	1.0
8091	404936	1.0
8091	590188	1.0
8091	194000	1.0
8094	442433	1.0
8094	65147	1.0
8094	154976	1.0
8094	287501	1.0
8094	245834	1.0
8094	155871	1.0
8099	253866	1.0
8099	195392	1.0
8103	332657	1.0
8103	119505	1.0
8103	347348	1.0
8106	28604	1.0
8106	183419	1.0
8106	560558	1.0
8107	151980	1.0
8107	247802	1.0
8107	532171	1.0
8108	291886	1.0
8111	481284	1.0
8111	50250	1.0
8112	194641	1.0
8112	327525	1.0
8112	235829	1.0
8113	481166	1.0
8113	297231	1.0
8113	403085	1.0
8114	440805	1.0
8114	32944	1.0
8114	93890	1.0
8114	83046	1.0
8115	369439	1.0
8115	327978	1.0
8115	246996	1.0
8117	143655	1.0
8117	595787	1.0
8117	313372	1.0
8117	518088	1.0
8118	388754	1.0
8118	182272	1.0
8118	63363	1.0
8124	463635	1.0
8124	216964	1.0
8124	508385	1.0
8124	127160	1.0
8124	152719	1.0
8124	567034	1.0
8127	229119	1.0
8127	313919	1.0
8127	548596	1.0
8127	200832	1.0
8131	139788	1.0
8131	519352	1.0
8132	217995	1.0
8134	498561	1.0
8134	344372	1.0
8134	350872	1.0
8134	495568	1.0
8134	490525	1.0
8137	444668	1.0
8137	187811	1.0
8139	421039	1.0
8139	174583	1.0
8139	481761	1.0
8139	525590	1.0
8142	199206	1.0
8147	49794	1.0
8147	345368	1.0
8147	489254	1.0
8147	558921	1.0
8152	241661	1.0
8152	98510	1.0
8152	448433	1.0
8156	92616	1.0
8156	315060	1.0
8156	300211	1.0
8158	5347	1.0
8164	514780	1.0
8164	66219	1.0
8164	549422	1.0
8164	114092	1.0
8164	356259	1.0
8164	296516	1.0
8164	498723	1.0
8172	215753	1.0
8172	30044	1.0
8172	351396	1.0
8177	49930	1.0
8177	25671	1.0
8184	159703	1.0
8185	133760	1.0
8185	34680	1.0
8195	177959	1.0
8195	191473	1.0
8196	345129	1.0
8196	460230	1.0
8196	495066	1.0
8196	251715	1.0
8198	125355	1.0
8201	481544	1.0
8211	557076	1.0
8211	394226	1.0
8211	400571	1.0
8219	414215	1.0
8220	280676	1.0
8220	514834	1.0
8220	499377	1.0
8220	218904	1.0
8221	228810	1.0
8225	371195	1.0
8225	507097	1.0
8225	386985	1.0
8225	307406	1.0
8227	591157	1.0
8228	41160	1.0
8229	261331	1.0
8229	9274	1.0
8231	179564	1.0
8231	52855	1.0
8231	577573	1.0
8231	423063	1.0
8232	541368	1.0
8232	261487	1.0
8235	529996	1.0
8237	240435	1.0
8239	448908	1.0
8239	224765	1.0
8245	32485	1.0
8245	506897	1.0
8250	295511	1.0
8250	333496	1.0
8250	306649	1.0
8251	438190	1.0
8253	480982	1.0
8253	6990	1.0
8254	582507	1.0
8254	200666	1.0
8254	216781	1.0
8254	58290	1.0
8254	94653	1.0
8256	46428	1.0
8256	405791	1.0
8256	176859	1.0
8261	198583	1.0
8261	503025	1.0
8261	389104	1.0
8261	91363	1.0
8261	569627	1.0
8263	433023	1.0
8273	389281	1.0
8273	532157	1.0
8273	571834	1.0
8273	215799	1.0
8273	482031	1.0
8276	280168	1.0
8276	179258	1.0
8276	331714	1.0
8276	530697	1.0
8290	231295	1.0
8290	263751	1.0
8290	583080	1.0
8292	318183	1.0
8292	386487	1.0
8292	50196	1.0
8292	235576	1.0
8294	407602	1.0
8294	17184	1.0
8295	475989	1.0
8295	488737	1.0
8300	161155	1.0
8300	187761	1.0
8303	254419	1.0
8303	17201	1.0
8304	263746	1.0
8304	255193	1.0
8304	193109	1.0
8304	156747	1.0
8304	22207	1.0
8304	400644	1.0
8306	324867	1.0
8306	222989	1.0
8309	109860	1.0
8309	161330	1.0
8310	98704	1.0
8310	377659	1.0
8310	144349	1.0
8311	533477	1.0
8316	567090	1.0
8316	522813	1.0
8316	99145	1.0
8317	83183	1.0
8317	217042	1.0
8317	556549	1.0
8318	127268	1.0
8318	472879	1.0
8321	173374	1.0
8325	179073	1.0
8325	426703	1.0
8325	17460	1.0
8325	243523	1.0
8325	268022	1.0
8325	418083	1.0
8325	309199	1.0
8327	511879	1.0
8327	332022	1.0
8327	267756	1.0
8329	184051	1.0
8333	491969	1.0
8333	412226	1.0
8341	23355	1.0
8341	511066	1.0
8342	5220	1.0
8342	380894	1.0
8342	165518	1.0
8342	457689	1.0
8347	62897	1.0
8347	149306	1.0
8347	241135	1.0
8347	318903	1.0
8349	504382	1.0
8352	330534	1.0
8354	320787	1.0
8354	267119	1.0
8354	169408	1.0
8354	78072	1.0
8358	529919	1.0
8358	39402	1.0
8358	213366	1.0
8362	201127	1.0
8362	591385	1.0
8363	106087	1.0
8363	428315	1.0
8365	8891	1.0
8365	345954	1.0
8365	294314	1.0
8367	23108	1.0
8375	487256	1.0
8375	477597	1.0
8380	112321	1.0
8380	278102	1.0
8381	110733	1.0
8381	151437	1.0
8382	420722	1.0
8382	492321	1.0
8382	87331	1.0
8383	94159	1.0
8388	287950	1.0
8388	45468	1.0
8388	219345	1.0
8393	51063	1.0
8395	257921	1.0
8395	91179	1.0
8395	556810	1.0
8396	218695	1.0
8396	31037	1.0
8396	273829	1.0
8398	443926	1.0
8398	165917	1.0
8403	391156	1.0
8403	216300	1.0
8414	225162	1.0
8414	66248	1.0
8415	326788	1.0
8415	221427	1.0
8416	343662	1.0
8416	23570	1.0
8416	40856	1.0
8416	74659	1.0
8418	592756	1.0
8422	287239	1.0
8422	449275	1.0
8422	293758	1.0
8422	6369	1.0
8422	480910	1.0
8422	254271	1.0
8423	535697	1.0
8428	313551	1.0
8428	99021	1.0
8428	538518	1.0
8431	236366	1.0
8431	122432	1.0
8431	499874	1.0
8432	17426	1.0
8433	281844	1.0
8433	562113	1.0
8435	312600	1.0
8437	586759	1.0
8439	63882	1.0
8439	342379	1.0
8439	553856	1.0
8442	55152	1.0
8444	36313	1.0
8444	99939	1.0
8446	445198	1.0
8446	66453	1.0
8446	225964	1.0
8449	372360	1.0
8449	140383	1.0
8451	280172	1.0
8451	87065	1.0
8451	503075	1.0
8451	307155	1.0
8452	433069	1.0
8452	279775	1.0
8452	307832	1.0
8454	234747	1.0
8454	422476	1.0
8454	296725	1.0
8454	192910	1.0
8461	575213	1.0
8461	528827	1.0
8461	88540	1.0
8461	135873	1.0
8461	71713	1.0
8461	569224	1.0
8461	528699	1.0
8464	265766	1.0
8464	343586	1.0
8464	302869	1.0
8464	516148	1.0
8466	285643	1.0
8467	546133	1.0
8468	524390	1.0
8470	317493	1.0
8470	343977	1.0
8471	140572	1.0
8471	20662	1.0
8471	255252	1.0
8471	140434	1.0
8473	85745	1.0
8473	415329	1.0
8473	332159	1.0
8473	429338	1.0
8473	410359	1.0
8474	181013	1.0
8476	506368	1.0
8476	409712	1.0
8480	461165	1.0
8480	25130	1.0
8482	414394	1.0
8485	349417	1.0
8486	211543	1.0
8486	373585	1.0
8497	448659	1.0
8497	75024	1.0
8498	235772	1.0
8498	583785	1.0
8498	46394	1.0
8498	554237	1.0
8499	131651	1.0
8499	4883	1.0
8501	227232	1.0
8501	70421	1.0
8501	152657	1.0
8501	48783	1.0
8506	338344	1.0
8514	195222	1.0
8514	367348	1.0
8514	403899	1.0
8514	444261	1.0
8514	234640	1.0
8521	353396	1.0
8521	557961	1.0
8521	304399	1.0
8521	551286	1.0
8521	43432	1.0
8521	350067	1.0
8521	87220	1.0
8521	65401	1.0
8522	324377	1.0
8522	241175	1.0
8522	492052	1.0
8524	402477	1.0
8524	31516	1.0
8525	65432	1.0
8525	158455	1.0
8525	56027	1.0
8525	335486	1.0
8525	552845	1.0
8525	25701	1.0
8525	337417	1.0
8525	515024	1.0
8529	502747	1.0
8530	399043	1.0
8530	77124	1.0
8531	107336	1.0
8531	104453	1.0
8535	8643	1.0
8535	106324	1.0
8536	344175	1.0
8536	269129	1.0
8536	384120	1.0
8543	369166	1.0
8543	198101	1.0
8546	306130	1.0
8546	434201	1.0
8546	59029	1.0
8549	224714	1.0
8549	114439	1.0
8549	508777	1.0
8549	106314	1.0
8552	238215	1.0
8553	88677	1.0
8553	400614	1.0
8554	81721	1.0
8556	385704	1.0
8556	238121	1.0
8556	270994	1.0
8556	476485	1.0
8556	192055	1.0
8556	20016	1.0
8556	325092	1.0
8556	290659	1.0
8559	315748	1.0
8561	133540	1.0
8561	568313	1.0
8562	397383	1.0
8562	8861	1.0
8562	95322	1.0
8562	573213	1.0
8562	437069	1.0
8562	310935	1.0
8563	261522	1.0
8565	156234	1.0
8566	180855	1.0
8566	370777	1.0
8566	43683	1.0
8566	279072	1.0
8566	378403	1.0
8568	427067	1.0
8570	536462	1.0
8570	93129	1.0
8571	48718	1.0
8573	112461	1.0
8574	286527	1.0
8574	363919	1.0
8577	480748	1.0
8577	555344	1.0
8577	493321	1.0
8577	158639	1.0
8577	238186	1.0
8580	565539	1.0
8585	116499	1.0
8587	192686	1.0
8593	371621	1.0
8595	44461	1.0
8598	581848	1.0
8599	510101	1.0
8599	405847	1.0
8599	65274	1.0
8599	373726	1.0
8599	43544	1.0
8599	100241	1.0
8602	579037	1.0
8602	52185	1.0
8602	207144	1.0
8605	117634	1.0
8608	555276	1.0
8610	161445	1.0
8610	54947	1.0
8615	187568	1.0
8615	251711	1.0
8615	84891	1.0
8616	396180	1.0
8617	447651	1.0
8617	233248	1.0
8619	178059	1.0
8619	282262	1.0
8619	172652	1.0
8619	581793	1.0
8619	156092	1.0
8619	396030	1.0
8622	587539	1.0
8628	343638	1.0
8628	252084	1.0
8630	275525	1.0
8630	379994	1.0
8630	442830	1.0
8630	471978	1.0
8638	133373	1.0
8638	419747	1.0
8638	466711	1.0
8638	249174	1.0
8638	368696	1.0
8640	472663	1.0
8642	393496	1.0
8643	336218	1.0
8644	215596	1.0
8656	192900	1.0
8662	565738	1.0
8662	419985	1.0
8662	179282	1.0
8663	265365	1.0
8663	414036	1.0
8663	424706	1.0
8663	361163	1.0
8669	362049	1.0
8670	70243	1.0
8670	325212	1.0
8670	582043	1.0
8671	96013	1.0
8671	417733	1.0
8677	459239	1.0
8677	334383	1.0
8677	167586	1.0
8677	146780	1.0
8679	162396	1.0
8679	489103	1.0
8679	424192	1.0
8679	468851	1.0
8680	234039	1.0
8680	128571	1.0
8680	102442	1.0
8681	261640	1.0
8681	488928	1.0
8685	498424	1.0
8687	136363	1.0
8691	38711	1.0
8691	499286	1.0
8693	5673	1.0
8693	136862	1.0
8693	519856	1.0
8693	280967	1.0
8699	568687	1.0
8704	40793	1.0
8704	293605	1.0
8712	599157	1.0
8712	593378	1.0
8717	154508	1.0
8717	379546	1.0
8722	47714	1.0
8722	543770	1.0
8724	327952	1.0
8724	499154	1.0
8724	11509	1.0
8726	118360	1.0
8726	30070	1.0
8726	292045	1.0
8728	151802	1.0
8731	142835	1.0
8732	106104	1.0
8732	467575	1.0
8737	466806	1.0
8737	572888	1.0
8737	305862	1.0
8737	473427	1.0
8737	64267	1.0
8738	432511	1.0
8739	334849	1.0
8739	243140	1.0
8739	295445	1.0
8739	418029	1.0
8739	587262	1.0
8746	320155	1.0
8746	513561	1.0
8746	264238	1.0
8747	520677	1.0
8747	395100	1.0
8747	41809	1.0
8747	572340	1.0
8747	254498	1.0
8748	442324	1.0
8748	291220	1.0
8748	476859	1.0
8749	409350	1.0
8750	384252	1.0
8751	315345	1.0
8752	529312	1.0
8752	452837	1.0
8752	270877	1.0
8752	331623	1.0
8756	355236	1.0
8756	553105	1.0
8759	223278	1.0
8760	110215	1.0
8761	325818	1.0
8763	99084	1.0
8763	281841	1.0
8763	133196	1.0
8767	218842	1.0
8767	53263	1.0
8768	393090	1.0
8770	45065	1.0
8770	176822	1.0
8771	139387	1.0
8771	56118	1.0
8781	133204	1.0
8786	279606	1.0
8792	441768	1.0
8792	479200	1.0
8801	121490	1.0
8801	24269	1.0
8802	487439	1.0
8802	121313	1.0
8802	572688	1.0
8804	294095	1.0
8805	582313	1.0
8805	199917	1.0
8806	102443	1.0
8806	244061	1.0
8807	508405	1.0
8807	568611	1.0
8809	187675	1.0
8809	498378	1.0
8809	85990	1.0
8810	583165	1.0
8810	221206	1.0
8810	34949	1.0
8810	454409	1.0
8810	485982	1.0
8810	84722	1.0
8812	62290	1.0
8815	315375	1.0
8815	280111	1.0
8815	54257	1.0
8819	171819	1.0
8819	330848	1.0
8820	125659	1.0
8820	480949	1.0
8822	457122	1.0
8828	505993	1.0
8828	68270	1.0
8828	280719	1.0
8833	46117	1.0
8837	581642	1.0
8837	478736	1.0
8837	228044	1.0
8838	375671	1.0
8838	369424	1.0
8844	509816	1.0
8844	414649	1.0
8848	107377	1.0
8848	525390	1.0
8851	186495	1.0
8852	324916	1.0
8854	227064	1.0
8856	63883	1.0
8856	101589	1.0
8857	471911	1.0
8857	203873	1.0
8857	297399	1.0
8858	534391	1.0
8862	245198	1.0
8862	457390	1.0
8862	140643	1.0
8862	484055	1.0
8862	54916	1.0
8862	5470	1.0
8863	508492	1.0
8863	105775	1.0
8864	322725	1.0
8864	20140	1.0
8864	185443	1.0
8864	429929	1.0
8864	511455	1.0
8864	241996	1.0
8867	239172	1.0
8867	94591	1.0
8869	580108	1.0
8870	240640	1.0
8871	226749	1.0
8871	299109	1.0
8873	100590	1.0
8873	391929	1.0
8873	472298	1.0
8881	450848	1.0
8881	157729	1.0
8881	482955	1.0
8881	311568	1.0
8885	202960	1.0
8886	480964	1.0
8886	130303	1.0
8886	361238	1.0
8893	243931	1.0
8893	25753	1.0
8893	495600	1.0
8894	70072	1.0
8895	326020	1.0
8895	491716	1.0
8895	421248	1.0
8895	420556	1.0
8896	27015	1.0
8896	573612	1.0
8896	310683	1.0
8896	251536	1.0
8896	504235	1.0
8896	273565	1.0
8896	303724	1.0
8896	295912	1.0
8899	313437	1.0
8899	160028	1.0
8900	472741	1.0
8900	315012	1.0
8900	295031	1.0
8900	401598	1.0
8900	203638	1.0
8900	173680	1.0
8900	30425	1.0
8900	276082	1.0
8900	202552	1.0
8902	144005	1.0
8902	575169	1.0
8902	599651	1.0
8904	237499	1.0
8915	478469	1.0
8915	574732	1.0
8915	88105	1.0
8919	161008	1.0
8919	410542	1.0
8920	357590	1.0
8920	554522	1.0
8920	110624	1.0
8920	73649	1.0
8921	575899	1.0
8921	552138	1.0
8921	9158	1.0
8922	340791	1.0
8925	434592	1.0
8929	206298	1.0
8931	78053	1.0
8931	53041	1.0
8933	1001	1.0
8935	255097	1.0
8935	125568	1.0
8936	328703	1.0
8938	290045	1.0
8938	598596	1.0
8938	41509	1.0
8939	132966	1.0
8940	315871	1.0
8940	317434	1.0
8940	444505	1.0
8941	562238	1.0
8941	278582	1.0
8942	152097	1.0
8942	512355	1.0
8949	533075	1.0
8952	166597	1.0
8952	291600	1.0
8954	286328	1.0
8954	56315	1.0
8955	550992	1.0
8955	478060	1.0
8960	345851	1.0
8960	423513	1.0
8961	177926	1.0
8961	19196	1.0
8961	175831	1.0
8975	475426	1.0
8975	198606	1.0
8976	221698	1.0
8976	26307	1.0
8976	391243	1.0
8978	438119	1.0
8978	264820	1.0
8978	337993	1.0
8980	78837	1.0
8980	237305	1.0
8980	178875	1.0
8985	204388	1.0
8985	361482	1.0
8992	257881	1.0
8992	55054	1.0
8992	10578	1.0
8992	520769	1.0
8995	480337	1.0
8997	237265	1.0
8997	528418	1.0
8997	70558	1.0
8997	578597	1.0
9003	526574	1.0
9006	502965	1.0
9006	42892	1.0
9006	9876	1.0
9006	234893	1.0
9006	507128	1.0
9016	401818	1.0
9016	580920	1.0
9016	421371	1.0
9016	469916	1.0
9017	474467	1.0
9017	103437	1.0
9020	112946	1.0
9020	42441	1.0
9020	528576	1.0
9021	502332	1.0
9021	117177	1.0
9021	39345	1.0
9023	289989	1.0
9023	156398	1.0
9026	420544	1.0
9026	197389	1.0
9026	64410	1.0
9031	9832	1.0
9033	496209	1.0
9033	514225	1.0
9040	73256	1.0
9040	514922	1.0
9040	226546	1.0
9049	511385	1.0
9049	137299	1.0
9049	301636	1.0
9053	246624	1.0
9053	353082	1.0
9053	393591	1.0
9053	145140	1.0
9059	534597	1.0
9059	526681	1.0
9061	502970	1.0
9064	216757	1.0
9064	98638	1.0
9064	523810	1.0
9064	146855	1.0
9064	362579	1.0
9064	355108	1.0
9064	312591	1.0
9066	427674	1.0
9068	392741	1.0
9073	420551	1.0
9077	11439	1.0
9077	400070	1.0
9084	277185	1.0
9087	172703	1.0
9087	220486	1.0
9089	578970	1.0
9089	596664	1.0
9090	556235	1.0
9090	371210	1.0
9090	76139	1.0
9097	364814	1.0
9099	490587	1.0
9101	476224	1.0
9101	339419	1.0
9102	469382	1.0
9105	514841	1.0
9105	302084	1.0
9111	84119	1.0
9112	414777	1.0
9112	514687	1.0
9112	107887	1.0
9116	455168	1.0
9116	259371	1.0
9116	58026	1.0
9116	158923	1.0
9117	382339	1.0
9117	39503	1.0
9122	559168	1.0
9125	66210	1.0
9127	290579	1.0
9127	43389	1.0
9127	163003	1.0
9127	108168	1.0
9127	110097	1.0
9127	337952	1.0
9127	341439	1.0
9132	83012	1.0
9133	350288	1.0
9133	495255	1.0
9133	325708	1.0
9137	507755	1.0
9137	59394	1.0
9138	234071	1.0
9138	28188	1.0
9138	271333	1.0
9139	72355	1.0
9139	237712	1.0
9139	350933	1.0
9139	128354	1.0
9139	411454	1.0
9139	118104	1.0
9139	412760	1.0
9139	159725	1.0
9141	511664	1.0
9141	110078	1.0
9141	207176	1.0
9142	55893	1.0
9142	72677	1.0
9144	334488	1.0
9144	251642	1.0
9144	12329	1.0
9144	161608	1.0
9144	100136	1.0
9144	290434	1.0
9144	241073	1.0
9144	521589	1.0
9144	186071	1.0
9144	406325	1.0
9145	325098	1.0
9145	480318	1.0
9145	163197	1.0
9149	239233	1.0
9157	325383	1.0
9157	233219	1.0
9157	74409	1.0
9157	85286	1.0
9159	170318	1.0
9160	170430	1.0
9160	158673	1.0
9161	302209	1.0
9169	361843	1.0
9170	447508	1.0
9171	402593	1.0
9171	544525	1.0
9172	28590	1.0
9172	108579	1.0
9172	592890	1.0
9172	326128	1.0
9173	466176	1.0
9173	570247	1.0
9175	188776	1.0
9179	442179	1.0
9179	2225	1.0
9179	16306	1.0
9180	115973	1.0
9184	204167	1.0
9184	357738	1.0
9186	194404	1.0
9186	279288	1.0
9186	455609	1.0
9186	451729	1.0
9186	229788	1.0
9186	281423	1.0
9186	312154	1.0
9186	539418	1.0
9201	175389	1.0
9201	599293	1.0
9201	589507	1.0
9203	236176	1.0
9203	477011	1.0
9203	247870	1.0
9206	266613	1.0
9210	430868	1.0
9212	477951	1.0
9212	507021	1.0
9212	579056	1.0
9213	5710	1.0
9213	51331	1.0
9213	569948	1.0
9216	192299	1.0
9216	281338	1.0
9218	79111	1.0
9218	523609	1.0
9220	241995	1.0
9221	129070	1.0
9221	546237	1.0
9222	255319	1.0
9222	568166	1.0
9222	13631	1.0
9222	487329	1.0
9229	163670	1.0
9229	224069	1.0
9232	253135	1.0
9233	475640	1.0
9233	241928	1.0
9241	351362	1.0
9241	503467	1.0
9241	427890	1.0
9244	60508	1.0
9244	248630	1.0
9244	222444	1.0
9246	201658	1.0
9246	108391	1.0
9248	187089	1.0
9248	450899	1.0
9250	347560	1.0
9250	386173	1.0
9250	98461	1.0
9250	480638	1.0
9251	30201	1.0
9257	163878	1.0
9257	151045	1.0
9259	340210	1.0
9260	109422	1.0
9260	315205	1.0
9264	382394	1.0
9264	378821	1.0
9265	532672	1.0
9267	415887	1.0
9267	442823	1.0
9267	257609	1.0
9269	377147	1.0
9269	511117	1.0
9269	536931	1.0
9271	399367	1.0
9272	509659	1.0
9274	573851	1.0
9274	261926	1.0
9274	99947	1.0
9278	333059	1.0
9278	373119	1.0
9279	152695	1.0
9280	345404	1.0
9281	515579	1.0
9281	78842	1.0
9283	416397	1.0
9283	506236	1.0
9283	546548	1.0
9283	560499	1.0
9285	96045	1.0
9290	35752	1.0
9293	102618	1.0
9293	250653	1.0
9294	322891	1.0
9294	580927	1.0
9295	526823	1.0
9295	531787	1.0
9300	573600	1.0
9302	153010	1.0
9302	288219	1.0
9304	413174	1.0
9306	385177	1.0
9306	447812	1.0
9306	461130	1.0
9312	581632	1.0
9312	467853	1.0
9316	182462	1.0
9316	276690	1.0
9317	323228	1.0
9317	176548	1.0
9318	258973	1.0
9321	409603	1.0
9321	351088	1.0
9323	148715	1.0
9324	547598	1.0
9324	129574	1.0
9326	376800	1.0
9326	523481	1.0
9326	557361	1.0
9327	562046	1.0
9327	1103	1.0
9327	188596	1.0
9327	240591	1.0
9337	522907	1.0
9337	488055	1.0
9341	367960	1.0
9341	479420	1.0
9345	194363	1.0
9349	327127	1.0
9349	281419	1.0
9349	186220	1.0
9358	285234	1.0
9358	368590	1.0
9358	154449	1.0
9358	209963	1.0
9359	156253	1.0
9359	164895	1.0
9359	467081	1.0
9359	538079	1.0
9359	425641	1.0
9362	574820	1.0
9366	436530	1.0
9366	177798	1.0
9367	298350	1.0
9367	308071	1.0
9367	334919	1.0
9367	379213	1.0
9367	322070	1.0
9371	111301	1.0
9371	384221	1.0
9373	151132	1.0
9373	320472	1.0
9378	408610	1.0
9384	416225	1.0
9384	529435	1.0
9393	404800	1.0
9393	187124	1.0
9393	437453	1.0
9397	402216	1.0
9399	98767	1.0
9399	440179	1.0
9401	165548	1.0
9401	448713	1.0
9401	429147	1.0
9402	253024	1.0
9402	82283	1.0
9410	98654	1.0
9418	89602	1.0
9418	193805	1.0
9421	498752	1.0
9424	267627	1.0
9424	324946	1.0
9427	373750	1.0
9428	579919	1.0
9429	183910	1.0
9429	360716	1.0
9429	158934	1.0
9429	176342	1.0
9432	15772	1.0
9432	396985	1.0
9434	33357	1.0
9434	91208	1.0
9437	400841	1.0
9440	438666	1.0
9440	75410	1.0
9442	184756	1.0
9442	292642	1.0
9442	249279	1.0
9442	155151	1.0
9443	424352	1.0
9445	333961	1.0
9445	53244	1.0
9445	564787	1.0
9445	57393	1.0
9445	291015	1.0
9446	483168	1.0
9446	382597	1.0
9446	200984	1.0
9446	367845	1.0
9446	406457	1.0
9453	343120	1.0
9453	321432	1.0
9453	344220	1.0
9453	224011	1.0
9453	403739	1.0
9453	363546	1.0
9453	173262	1.0
9454	502147	1.0
9456	207253	1.0
9456	550785	1.0
9457	290757	1.0
9457	581712	1.0
9458	28685	1.0
9459	28633	1.0
9460	449043	1.0
9464	598440	1.0
9464	71299	1.0
9464	463636	1.0
9464	575794	1.0
9467	150080	1.0
9467	427300	1.0
9467	170700	1.0
9469	358846	1.0
9469	220772	1.0
9469	269709	1.0
9469	41687	1.0
9471	169245	1.0
9475	403608	1.0
9475	38287	1.0
9478	282143	1.0
9482	542586	1.0
9482	18805	1.0
9484	545267	1.0
9484	474745	1.0
9485	533457	1.0
9485	453829	1.0
9486	429123	1.0
9486	145555	1.0
9489	545933	1.0
9489	569536	1.0
9491	87238	1.0
9491	112187	1.0
9493	226547	1.0
9493	13275	1.0
9493	329736	1.0
9496	542765	1.0
9496	180644	1.0
9498	17796	1.0
9500	341544	1.0
9501	90712	1.0
9501	359190	1.0
9505	66754	1.0
9515	412586	1.0
9515	216441	1.0
9517	192541	1.0
9517	75437	1.0
9518	568813	1.0
9518	469633	1.0
9522	215149	1.0
9522	587358	1.0
9525	9116	1.0
9528	245276	1.0
9528	301224	1.0
9528	27782	1.0
9528	135879	1.0
9528	377186	1.0
9534	155957	1.0
9535	297568	1.0
9535	391605	1.0
9536	185156	1.0
9536	269055	1.0
9547	420727	1.0
9547	4810	1.0
9547	63941	1.0
9552	521590	1.0
9552	242849	1.0
9552	550642	1.0
9554	97688	1.0
9554	368738	1.0
9555	88311	1.0
9555	324012	1.0
9555	282483	1.0
9555	119136	1.0
9555	13209	1.0
9567	289429	1.0
9568	369437	1.0
9570	60001	1.0
9570	431383	1.0
9570	65900	1.0
9571	99757	1.0
9574	60728	1.0
9574	208932	1.0
9574	447567	1.0
9574	41905	1.0
9575	148019	1.0
9575	396657	1.0
9578	173715	1.0
9578	408553	1.0
9578	12229	1.0
9578	508184	1.0
9578	205068	1.0
9578	408537	1.0
9579	566598	1.0
9589	531423	1.0
9590	329226	1.0
9590	69654	1.0
9590	371392	1.0
9592	535555	1.0
9599	70540	1.0
9601	309984	1.0
9610	202432	1.0
9610	521644	1.0
9610	173745	1.0
9612	372355	1.0
9614	475474	1.0
9619	310973	1.0
9620	362887	1.0
9620	487739	1.0
9620	199971	1.0
9620	439617	1.0
9620	277529	1.0
9620	103447	1.0
9620	271609	1.0
9620	438571	1.0
9622	314972	1.0
9622	255277	1.0
9626	120028	1.0
9626	274091	1.0
9628	84800	1.0
9628	468485	1.0
9628	167194	1.0
9629	49983	1.0
9629	89192	1.0
9634	595002	1.0
9634	573301	1.0
9634	245918	1.0
9634	528482	1.0
9639	325075	1.0
9639	268553	1.0
9639	549601	1.0
9640	136621	1.0
9640	566128	1.0
9640	416523	1.0
9647	260153	1.0
9647	482919	1.0
9650	107822	1.0
9653	165855	1.0
9654	514045	1.0
9654	16195	1.0
9654	429927	1.0
9655	83079	1.0
9655	430854	1.0
9655	386423	1.0
9655	396179	1.0
9655	442776	1.0
9666	84967	1.0
9666	370494	1.0
9666	477175	1.0
9666	546150	1.0
9667	55751	1.0
9667	255102	1.0
9667	7712	1.0
9667	214281	1.0
9667	126146	1.0
9669	193333	1.0
9672	316993	1.0
9673	311642	1.0
9673	577134	1.0
9673	210434	1.0
9675	418937	1.0
9675	128021	1.0
9677	345099	1.0
9678	243499	1.0
9678	26820	1.0
9682	421724	1.0
9682	123649	1.0
9682	513734	1.0
9684	152111	1.0
9684	320320	1.0
9686	221715	1.0
9686	219762	1.0
9687	10017	1.0
9692	35006	1.0
9692	434421	1.0
9693	426324	1.0
9695	443002	1.0
9695	242529	1.0
9695	322219	1.0
9695	306533	1.0
9695	394549	1.0
9695	593191	1.0
9702	152034	1.0
9702	524030	1.0
9702	333265	1.0
9702	55985	1.0
9704	7743	1.0
9713	441462	1.0
9713	547616	1.0
9714	569206	1.0
9714	203642	1.0
9716	567244	1.0
9717	110114	1.0
9717	446226	1.0
9717	175679	1.0
9717	583200	1.0
9717	499827	1.0
9717	1219	1.0
9720	374676	1.0
9720	418951	1.0
9724	363652	1.0
9729	383896	1.0
9730	217242	1.0
9730	43974	1.0
9731	97942	1.0
9732	278984	1.0
9732	58987	1.0
9744	78626	1.0
9745	584917	1.0
9747	208938	1.0
9747	378161	1.0
9747	365197	1.0
9749	30163	1.0
9753	97662	1.0
9753	436437	1.0
9754	462984	1.0
9754	85447	1.0
9754	272162	1.0
9754	106786	1.0
9754	332435	1.0
9754	553289	1.0
9754	594442	1.0
9759	162047	1.0
9759	15323	1.0
9759	168972	1.0
9763	570292	1.0
9763	183926	1.0
9765	221035	1.0
9768	389004	1.0
9768	438408	1.0
9768	233187	1.0
9768	198090	1.0
9769	373862	1.0
9769	15917	1.0
9769	95010	1.0
9769	49782	1.0
9769	236504	1.0
9770	237571	1.0
9770	227245	1.0
9773	236133	1.0
9777	22688	1.0
9778	200052	1.0
9785	546027	1.0
9786	120606	1.0
9789	434625	1.0
9790	14028	1.0
9790	319434	1.0
9790	141939	1.0
9790	505553	1.0
9791	229246	1.0
9796	263312	1.0
9796	490997	1.0
9797	225818	1.0
9798	580429	1.0
9799	181827	1.0
9799	15728	1.0
9800	83947	1.0
9800	557885	1.0
9801	364219	1.0
9801	444486	1.0
9805	480036	1.0
9805	351109	1.0
9805	552383	1.0
9805	589286	1.0
9805	35518	1.0
9805	450558	1.0
9806	65179	1.0
9806	473477	1.0
9815	228657	1.0
9815	568196	1.0
9815	340828	1.0
9815	12782	1.0
9816	458063	1.0
9830	430997	1.0
9832	23414	1.0
9832	275392	1.0
9832	108965	1.0
9832	307095	1.0
9832	282538	1.0
9832	419505	1.0
9832	57387	1.0
9836	536554	1.0
9836	17687	1.0
9836	342401	1.0
9838	512273	1.0
9838	593852	1.0
9840	399543	1.0
9840	322591	1.0
9840	144030	1.0
9841	157414	1.0
9841	323475	1.0
9841	514171	1.0
9852	251303	1.0
9852	217035	1.0
9853	105336	1.0
9853	75270	1.0
9859	152709	1.0
9862	419558	1.0
9862	423012	1.0
9862	448358	1.0
9864	296913	1.0
9864	281223	1.0
9865	96697	1.0
9874	101408	1.0
9876	244711	1.0
9884	253614	1.0
9885	49235	1.0
9885	127566	1.0
9885	189144	1.0
9885	172814	1.0
9885	53431	1.0
9886	400196	1.0
9886	122679	1.0
9886	536282	1.0
9886	325426	1.0
9886	374375	1.0
9887	301600	1.0
9887	20539	1.0
9888	63308	1.0
9889	179408	1.0
9890	326559	1.0
9890	370086	1.0
9893	250761	1.0
9893	540816	1.0
9896	250195	1.0
9896	240975	1.0
9901	94496	1.0
9901	74041	1.0
9903	151817	1.0
9903	563551	1.0
9903	340371	1.0
9908	72024	1.0
9908	230355	1.0
9911	474512	1.0
9911	348424	1.0
9911	138795	1.0
9911	399198	1.0
9911	127316	1.0
9914	285126	1.0
9914	525231	1.0
9914	67069	1.0
9914	251813	1.0
9921	264490	1.0
9921	176161	1.0
9923	371176	1.0
9923	266783	1.0
9931	361013	1.0
9933	199544	1.0
9933	272458	1.0
9933	419160	1.0
9933	422119	1.0
9933	353337	1.0
9946	204703	1.0
9949	23387	1.0
9949	376179	1.0
9949	542889	1.0
9953	215260	1.0
9955	202913	1.0
9955	218670	1.0
9956	230456	1.0
9956	295344	1.0
9956	190619	1.0
9956	348886	1.0
9956	149420	1.0
9957	599255	1.0
9957	46099	1.0
9957	335136	1.0
9957	545760	1.0
9957	174227	1.0
9957	99568	1.0
9958	59994	1.0
9962	488777	1.0
9962	372196	1.0
9962	96074	1.0
9962	200578	1.0
9964	525094	1.0
9964	402778	1.0
9964	478480	1.0
9965	522160	1.0
9965	54319	1.0
9971	457795	1.0
9971	11675	1.0
9971	15030	1.0
9971	294573	1.0
9971	54064	1.0
9973	463007	1.0
9973	60119	1.0
9973	439402	1.0
9978	306413	1.0
9978	315972	1.0
9978	4739	1.0
9978	15539	1.0
9981	167753	1.0
9981	46529	1.0
9981	588398	1.0
9984	549270	1.0
9984	269550	1.0
9985	385600	1.0
9990	423083	1.0
9990	41960	1.0
9990	191148	1.0
9995	423229	1.0
9995	422401	1.0
9995	442727	1.0
9995	488719	1.0
9995	137852	1.0
9996	472881	1.0
9997	55407	1.0
9997	144439	1.0
9999	232870	1.0
9999	465597	1.0
9999	540011	1.0
10002	433843	1.0
10003	169308	1.0
10005	283396	1.0
10005	330630	1.0
10007	20116	1.0
10009	141876	1.0
10009	198007	1.0
10009	519296	1.0
10009	378189	1.0
10010	228438	1.0
10010	396738	1.0
10010	369031	1.0
10010	307675	1.0
10011	96467	1.0
10011	375544	1.0
10018	206895	1.0
10018	282373	1.0
10020	170652	1.0
10021	176105	1.0
10021	177736	1.0
10021	443757	1.0
10023	435576	1.0
10023	383682	1.0
10023	41052	1.0
10028	560872	1.0
10028	42430	1.0
10028	458235	1.0
10028	160416	1.0
10028	322816	1.0
10028	373966	1.0
10028	179262	1.0
10028	212673	1.0
10028	49170	1.0
10028	558057	1.0
10030	437143	1.0
10030	596473	1.0
10030	506132	1.0
10031	467169	1.0
10036	510680	1.0
10036	498357	1.0
10036	254999	1.0
10037	379859	1.0
10038	381310	1.0
10040	352700	1.0
10041	165669	1.0
10041	118389	1.0
10045	581127	1.0
10047	178614	1.0
10049	236507	1.0
10050	103959	1.0
10050	227748	1.0
10051	261983	1.0
10051	176885	1.0
10056	468490	1.0
10059	554207	1.0
10059	104652	1.0
10060	196992	1.0
10065	461614	1.0
10070	188346	1.0
10076	313015	1.0
10076	51136	1.0
10078	507108	1.0
10078	199084	1.0
10078	303448	1.0
10078	119637	1.0
10080	441300	1.0
10080	146628	1.0
10083	173967	1.0
10085	111391	1.0
10086	159840	1.0
10086	30238	1.0
10086	322311	1.0
10088	9512	1.0
10088	571913	1.0
10088	451598	1.0
10088	142320	1.0
10089	243457	1.0
10089	384893	1.0
10092	207704	1.0
10094	595171	1.0
10094	529864	1.0
10094	12917	1.0
10101	159137	1.0
10101	133380	1.0
10101	256349	1.0
10101	286567	1.0
10101	524142	1.0
10102	84334	1.0
10102	595042	1.0
10102	122404	1.0
10103	241804	1.0
10108	88428	1.0
10108	417964	1.0
10108	71219	1.0
10108	559718	1.0
10108	309393	1.0
10110	597653	1.0
10111	275777	1.0
10115	538054	1.0
10115	41967	1.0
10118	457989	1.0
10118	130128	1.0
10118	335774	1.0
10118	203201	1.0
10119	474487	1.0
10119	326335	1.0
10120	339106	1.0
10124	214522	1.0
10125	132180	1.0
10125	569111	1.0
10131	35575	1.0
10131	371821	1.0
10133	460241	1.0
10133	390819	1.0
10133	325393	1.0
10134	154665	1.0
10135	478802	1.0
10135	318716	1.0
10140	528880	1.0
10140	141585	1.0
10142	345400	1.0
10142	558701	1.0
10144	123013	1.0
10144	16388	1.0
10144	3059	1.0
10144	45353	1.0
10144	477552	1.0
10146	407185	1.0
10148	132430	1.0
10148	380951	1.0
10148	73846	1.0
10150	335241	1.0
10150	286698	1.0
10153	454596	1.0
10153	315044	1.0
10160	4666	1.0
10161	149153	1.0
10161	148661	1.0
10166	571579	1.0
10166	425793	1.0
10168	223687	1.0
10169	534471	1.0
10169	173973	1.0
10169	95246	1.0
10169	453524	1.0
10169	350901	1.0
10173	326724	1.0
10173	303649	1.0
10177	67322	1.0
10177	579473	1.0
10177	317050	1.0
10177	337779	1.0
10177	147745	1.0
10177	19107	1.0
10181	399885	1.0
10181	315334	1.0
10181	425561	1.0
10182	541219	1.0
10186	390751	1.0
10187	577585	1.0
10187	352346	1.0
10190	82159	1.0
10190	446770	1.0
10191	560538	1.0
10191	109639	1.0
10194	291601	1.0
10194	279396	1.0
10194	296567	1.0
10194	146637	1.0
10195	522759	1.0
10198	586029	1.0
10198	526346	1.0
10203	118594	1.0
10204	153112	1.0
10204	106863	1.0
10209	595436	1.0
10209	493336	1.0
10209	278626	1.0
10211	175504	1.0
10212	350460	1.0
10212	38545	1.0
10214	800	1.0
10215	306460	1.0
10217	217262	1.0
10217	351725	1.0
10217	434838	1.0
10217	334654	1.0
10217	257343	1.0
10217	285836	1.0
10217	60597	1.0
10218	135176	1.0
10218	572574	1.0
10218	237450	1.0
10223	20335	1.0
10223	408465	1.0
10223	4269	1.0
10224	421535	1.0
10224	423745	1.0
10224	210241	1.0
10224	471173	1.0
10225	309969	1.0
10225	235592	1.0
10225	272202	1.0
10225	423073	1.0
10226	445771	1.0
10227	357500	1.0
10231	279185	1.0
10231	527654	1.0
10234	517637	1.0
10234	393987	1.0
10238	493034	1.0
10238	221990	1.0
10238	567079	1.0
10240	23446	1.0
10240	171645	1.0
10240	461425	1.0
10244	494351	1.0
10248	13908	1.0
10250	493012	1.0
10254	214723	1.0
10254	488830	1.0
10256	433809	1.0
10256	253847	1.0
10258	343294	1.0
10258	423841	1.0
10260	590879	1.0
10260	361976	1.0
10260	594159	1.0
10260	234002	1.0
10260	67124	1.0
10260	531505	1.0
10260	98555	1.0
10261	101343	1.0
10261	425204	1.0
10261	588877	1.0
10261	168639	1.0
10264	27416	1.0
10264	142401	1.0
10264	491899	1.0
10268	457584	1.0
10278	411669	1.0
10279	70702	1.0
10279	245484	1.0
10294	450760	1.0
10297	490867	1.0
10297	168320	1.0
10302	460347	1.0
10302	107462	1.0
10302	340143	1.0
10304	490497	1.0
10307	430498	1.0
10307	551747	1.0
10310	234889	1.0
10310	48691	1.0
10310	165659	1.0
10310	201222	1.0
10310	550440	1.0
10311	269770	1.0
10311	295688	1.0
10311	325722	1.0
10311	32784	1.0
10311	536126	1.0
10327	595941	1.0
10327	116121	1.0
10327	459650	1.0
10330	63365	1.0
10330	468755	1.0
10330	307226	1.0
10330	76257	1.0
10330	264996	1.0
10330	41445	1.0
10331	244305	1.0
10333	210939	1.0
10335	555047	1.0
10337	432608	1.0
10337	527105	1.0
10338	289073	1.0
10338	266480	1.0
10338	305676	1.0
10338	108	1.0
10346	47795	1.0
10350	306688	1.0
10353	88823	1.0
10354	27671	1.0
10362	320778	1.0
10362	170247	1.0
10365	257625	1.0
10365	536390	1.0
10369	331268	1.0
10370	300709	1.0
10373	28758	1.0
10373	226519	1.0
10376	259341	1.0
10376	110983	1.0
10378	51334	1.0
10378	510022	1.0
10380	31703	1.0
10380	31936	1.0
10380	110608	1.0
10380	436652	1.0
10381	387188	1.0
10381	241894	1.0
10383	313493	1.0
10383	335857	1.0
10383	476054	1.0
10383	294855	1.0
10385	417787	1.0
10385	463043	1.0
10385	468010	1.0
10385	392371	1.0
10385	45174	1.0
10385	430014	1.0
10387	44578	1.0
10387	67741	1.0
10387	434734	1.0
10388	292480	1.0
10388	299327	1.0
10388	516726	1.0
10388	356454	1.0
10388	541578	1.0
10390	592907	1.0
10390	590980	1.0
10392	195206	1.0
10395	206342	1.0
10399	479454	1.0
10399	209063	1.0
10401	354551	1.0
10406	569953	1.0
10406	361639	1.0
10407	446646	1.0
10407	520430	1.0
10407	517633	1.0
10408	169312	1.0
10408	431028	1.0
10408	527618	1.0
10409	201361	1.0
10409	374204	1.0
10411	531551	1.0
10411	596914	1.0
10411	420484	1.0
10412	159822	1.0
10416	59411	1.0
10416	276882	1.0
10417	151587	1.0
10417	367928	1.0
10417	293959	1.0
10417	288289	1.0
10421	109455	1.0
10421	133000	1.0
10421	589602	1.0
10422	130104	1.0
10423	50726	1.0
10425	257674	1.0
10425	145334	1.0
10426	164908	1.0
10428	373697	1.0
10428	581635	1.0
10428	483777	1.0
10430	534795	1.0
10430	452126	1.0
10431	37880	1.0
10432	576503	1.0
10435	482276	1.0
10436	146125	1.0
10436	546493	1.0
10438	304277	1.0
10438	410564	1.0
10439	110769	1.0
10440	97948	1.0
10441	127622	1.0
10441	494813	1.0
10442	550637	1.0
10443	383930	1.0
10449	274108	1.0
10449	159762	1.0
10449	352363	1.0
10449	202987	1.0
10449	44895	1.0
10456	175200	1.0
10456	204943	1.0
10456	278025	1.0
10456	56610	1.0
10457	287322	1.0
10463	272486	1.0
10463	201495	1.0
10464	558635	1.0
10465	186928	1.0
10465	350850	1.0
10465	309387	1.0
10465	473936	1.0
10467	349139	1.0
10467	252358	1.0
10467	257754	1.0
10467	276805	1.0
10467	457994	1.0
10467	282623	1.0
10471	486974	1.0
10471	350317	1.0
10473	196640	1.0
10474	593962	1.0
10474	365661	1.0
10474	34986	1.0
10474	448544	1.0
10474	117845	1.0
10474	30159	1.0
10479	57960	1.0
10479	204579	1.0
10481	195824	1.0
10483	432727	1.0
10485	473586	1.0
10487	374905	1.0
10488	596567	1.0
10491	375929	1.0
10492	57526	1.0
10492	585889	1.0
10492	482121	1.0
10493	330729	1.0
10493	244813	1.0
10495	285238	1.0
10495	447850	1.0
10495	324297	1.0
10495	203803	1.0
10499	162916	1.0
10499	557201	1.0
10500	466315	1.0
10500	189761	1.0
10509	509795	1.0
10511	164044	1.0
10511	15631	1.0
10511	418235	1.0
10513	421688	1.0
10518	111451	1.0
10518	519941	1.0
10518	259440	1.0
10518	145816	1.0
10521	335357	1.0
10521	214174	1.0
10521	511760	1.0
10523	387338	1.0
10523	119700	1.0
10523	329757	1.0
10523	590523	1.0
10525	556163	1.0
10525	48952	1.0
10525	274392	1.0
10525	67472	1.0
10527	256881	1.0
10527	526235	1.0
10540	277645	1.0
10541	179986	1.0
10541	124395	1.0
10548	111512	1.0
10548	583283	1.0
10548	16278	1.0
10548	229623	1.0
10548	412079	1.0
10548	492423	1.0
10548	45029	1.0
10548	326851	1.0
10548	227549	1.0
10552	579244	1.0
10553	475410	1.0
10554	289466	1.0
10555	548329	1.0
10555	256467	1.0
10556	406711	1.0
10557	341235	1.0
10557	370756	1.0
10557	8261	1.0
10560	84870	1.0
10565	4933	1.0
10573	516607	1.0
10573	422051	1.0
10573	253268	1.0
10574	147981	1.0
10574	440091	1.0
10574	263912	1.0
10579	179520	1.0
10579	382568	1.0
10580	128676	1.0
10580	124900	1.0
10582	582697	1.0
10582	24846	1.0
10586	502267	1.0
10588	203232	1.0
10589	151946	1.0
10589	362281	1.0
10589	445549	1.0
10591	303525	1.0
10591	26407	1.0
10592	445635	1.0
10592	494939	1.0
10592	235015	1.0
10593	110674	1.0
10593	137901	1.0
10595	356819	1.0
10595	39436	1.0
10598	391515	1.0
10599	272851	1.0
10599	502754	1.0
10599	60290	1.0
10599	361510	1.0
10600	428141	1.0
10600	437875	1.0
10600	456474	1.0
10600	469141	1.0
10600	189754	1.0
10602	100021	1.0
10602	529958	1.0
10602	26095	1.0
10602	460946	1.0
10602	258975	1.0
10604	218772	1.0
10604	393963	1.0
10604	310826	1.0
10604	316190	1.0
10604	12332	1.0
10604	428902	1.0
10604	524678	1.0
10604	468742	1.0
10604	545795	1.0
10604	123103	1.0
10604	75524	1.0
10604	592169	1.0
10604	175055	1.0
10609	257187	1.0
10609	213168	1.0
10611	295407	1.0
10613	69680	1.0
10613	429978	1.0
10613	223382	1.0
10613	368953	1.0
10618	310218	1.0
10618	570117	1.0
10618	512458	1.0
10618	249097	1.0
10621	395506	1.0
10621	279169	1.0
10621	41472	1.0
10622	196001	1.0
10623	16846	1.0
10624	369266	1.0
10626	464277	1.0
10626	437126	1.0
10626	52274	1.0
10626	223870	1.0
10626	47985	1.0
10629	349181	1.0
10629	64881	1.0
10631	478509	1.0
10631	83860	1.0
10634	383162	1.0
10634	417407	1.0
10636	541856	1.0
10636	300214	1.0
10636	560928	1.0
10643	427842	1.0
10643	274987	1.0
10646	458960	1.0
10646	377364	1.0
10646	334191	1.0
10646	92861	1.0
10648	79375	1.0
10648	52589	1.0
10649	201275	1.0
10650	437907	1.0
10652	427629	1.0
10652	498597	1.0
10652	147282	1.0
10652	368124	1.0
10654	446629	1.0
10656	88947	1.0
10656	45190	1.0
10657	492503	1.0
10662	416767	1.0
10664	211525	1.0
10664	111350	1.0
10664	299690	1.0
10665	418708	1.0
10665	41766	1.0
10665	477424	1.0
10665	231796	1.0
10666	544553	1.0
10666	499323	1.0
10672	277607	1.0
10672	476923	1.0
10678	55052	1.0
10678	435025	1.0
10678	142153	1.0
10678	245531	1.0
10678	228034	1.0
10678	51311	1.0
10678	547573	1.0
10678	95371	1.0
10679	408362	1.0
10679	581418	1.0
10682	19433	1.0
10689	516833	1.0
10689	162616	1.0
10689	10324	1.0
10689	486159	1.0
10693	8950	1.0
10693	431775	1.0
10693	522874	1.0
10694	143467	1.0
10694	5188	1.0
10698	386437	1.0
10698	456389	1.0
10703	521489	1.0
10704	476517	1.0
10705	93828	1.0
10711	446628	1.0
10712	372884	1.0
10715	384064	1.0
10715	61264	1.0
10715	337341	1.0
10718	374225	1.0
10718	96021	1.0
10718	268731	1.0
10733	424247	1.0
10733	234979	1.0
10733	409959	1.0
10735	513281	1.0
10735	224816	1.0
10735	466472	1.0
10736	69800	1.0
10739	13885	1.0
10739	443094	1.0
10749	345091	1.0
10750	279488	1.0
10756	110716	1.0
10756	412858	1.0
10757	86158	1.0
10757	441512	1.0
10757	2648	1.0
10759	224672	1.0
10759	163333	1.0
10759	208907	1.0
10760	205208	1.0
10761	330874	1.0
10761	187498	1.0
10764	198251	1.0
10764	454892	1.0
10764	51593	1.0
10765	8974	1.0
10766	468188	1.0
10767	405178	1.0
10767	422821	1.0
10770	148171	1.0
10773	489514	1.0
10773	24742	1.0
10776	319818	1.0
10776	120683	1.0
10780	280081	1.0
10783	55769	1.0
10789	144824	1.0
10789	571217	1.0
10789	278346	1.0
10789	118691	1.0
10789	235655	1.0
10790	325370	1.0
10793	57707	1.0
10794	557921	1.0
10794	536841	1.0
10794	87811	1.0
10795	591705	1.0
10795	143591	1.0
10795	70559	1.0
10795	316485	1.0
10795	274306	1.0
10795	511313	1.0
10798	304085	1.0
10800	5602	1.0
10800	345030	1.0
10801	173878	1.0
10801	178579	1.0
10802	406409	1.0
10802	567282	1.0
10803	400646	1.0
10807	357200	1.0
10807	393857	1.0
10807	322825	1.0
10810	265314	1.0
10814	589208	1.0
10816	261673	1.0
10817	335429	1.0
10817	10006	1.0
10817	348878	1.0
10817	128878	1.0
10817	302829	1.0
10818	357324	1.0
10818	302164	1.0
10825	61787	1.0
10826	411536	1.0
10826	409086	1.0
10828	177648	1.0
10831	97793	1.0
10831	34925	1.0
10831	559927	1.0
10831	500815	1.0
10831	148541	1.0
10831	498848	1.0
10839	93332	1.0
10839	218484	1.0
10839	272590	1.0
10842	34437	1.0
10842	225459	1.0
10842	593003	1.0
10843	30427	1.0
10843	171784	1.0
10843	294688	1.0
10846	543811	1.0
10853	331108	1.0
10857	489044	1.0
10858	151391	1.0
10858	580364	1.0
10858	79766	1.0
10862	592251	1.0
10862	255769	1.0
10868	403226	1.0
10868	535732	1.0
10868	268772	1.0
10868	250530	1.0
10872	569849	1.0
10873	101188	1.0
10876	39566	1.0
10876	129997	1.0
10878	549401	1.0
10878	399203	1.0
10879	218149	1.0
10879	454111	1.0
10879	231660	1.0
10879	202116	1.0
10879	53531	1.0
10879	150721	1.0
10879	512108	1.0
10880	65782	1.0
10883	386364	1.0
10887	203889	1.0
10887	553205	1.0
10893	215066	1.0
10893	153285	1.0
10897	383532	1.0
10897	219995	1.0
10899	217006	1.0
10899	162454	1.0
10901	67276	1.0
10901	290317	1.0
10902	30037	1.0
10902	152354	1.0
10904	370212	1.0
10904	24306	1.0
10906	515440	1.0
10906	325973	1.0
10906	464753	1.0
10906	264530	1.0
10906	340009	1.0
10906	546911	1.0
10906	17448	1.0
10906	210302	1.0
10906	91093	1.0
10906	66744	1.0
10906	129975	1.0
10906	573725	1.0
10906	289483	1.0
10906	423035	1.0
10906	241599	1.0
10906	543691	1.0
10906	407218	1.0
10908	189868	1.0
10908	520963	1.0
10908	453542	1.0
10908	544236	1.0
10913	89297	1.0
10913	155797	1.0
10916	542051	1.0
10916	459825	1.0
10916	234115	1.0
10922	530631	1.0
10922	209996	1.0
10925	69197	1.0
10925	186392	1.0
10930	509608	1.0
10936	186127	1.0
10936	27425	1.0
10937	263784	1.0
10937	48678	1.0
10937	254910	1.0
10946	274278	1.0
10948	545491	1.0
10948	379357	1.0
10956	1577	1.0
10961	161201	1.0
10962	118878	1.0
10965	516777	1.0
10965	323934	1.0
10965	221117	1.0
10967	318823	1.0
10970	15121	1.0
10972	264237	1.0
10972	170815	1.0
10972	259955	1.0
10976	382384	1.0
10978	454102	1.0
10978	198572	1.0
10980	486768	1.0
10987	21468	1.0
10987	481442	1.0
10987	290505	1.0
10987	62051	1.0
10987	592679	1.0
10989	454224	1.0
10993	506826	1.0
10996	205280	1.0
10996	500460	1.0
11000	357979	1.0
11000	473658	1.0
11002	529715	1.0
11002	463230	1.0
11002	57564	1.0
11002	31004	1.0
11005	343693	1.0
11005	304804	1.0
11008	1034	1.0
11008	39407	1.0
11011	325113	1.0
11011	536374	1.0
11012	257016	1.0
11012	451457	1.0
11012	235036	1.0
11013	585269	1.0
11013	538282	1.0
11013	287764	1.0
11017	14997	1.0
11019	506078	1.0
11019	555639	1.0
11019	413015	1.0
11020	524612	1.0
11020	188524	1.0
11020	369251	1.0
11021	293389	1.0
11024	588399	1.0
11024	42814	1.0
11025	107350	1.0
11025	439420	1.0
11025	269368	1.0
11031	108399	1.0
11031	314163	1.0
11031	115408	1.0
11033	59468	1.0
11033	359510	1.0
11033	155493	1.0
11033	4044	1.0
11040	151221	1.0
11040	524050	1.0
11040	168347	1.0
11041	156721	1.0
11041	247199	1.0
11042	549188	1.0
11042	562305	1.0
11042	158075	1.0
11043	166531	1.0
11043	464405	1.0
11043	472051	1.0
11044	526422	1.0
11045	161230	1.0
11046	590364	1.0
11047	144261	1.0
11047	508540	1.0
11047	568624	1.0
11049	107751	1.0
11049	22941	1.0
11049	405212	1.0
11052	468047	1.0
11052	431268	1.0
11052	321637	1.0
11053	265267	1.0
11053	39041	1.0
11056	534290	1.0
11056	449081	1.0
11056	31182	1.0
11057	44617	1.0
11058	81304	1.0
11058	248799	1.0
11058	226944	1.0
11058	31954	1.0
11059	466084	1.0
11059	547087	1.0
11062	378319	1.0
11062	41829	1.0
11062	265877	1.0
11062	77312	1.0
11067	356623	1.0
11067	277	1.0
11067	296583	1.0
11070	17633	1.0
11070	156181	1.0
11070	566383	1.0
11077	65835	1.0
11077	519534	1.0
11080	351044	1.0
11080	111580	1.0
11089	129149	1.0
11089	327737	1.0
11089	542024	1.0
11090	588481	1.0
11090	69696	1.0
11092	374410	1.0
11092	211428	1.0
11092	214969	1.0
11092	83638	1.0
11092	478724	1.0
11092	17906	1.0
11096	132601	1.0
11096	147730	1.0
11096	522438	1.0
11096	407726	1.0
11097	131224	1.0
11099	424427	1.0
11099	150878	1.0
11104	518310	1.0
1	14255	1.0
2	308938	1.0
3	296717	1.0
3	100764	1.0
3	314352	1.0
3	146317	1.0
17	146657	1.0
29	274832	1.0
29	114494	1.0
29	189642	1.0
29	103662	1.0
38	85517	1.0
38	195207	1.0
38	357037	1.0
38	233751	1.0
44	385881	1.0
55	324854	1.0
55	579628	1.0
55	237207	1.0
60	381151	1.0
77	551315	1.0
440	34087	1.0
451	449096	1.0
469	250939	1.0
469	549432	1.0
483	240843	1.0
483	436165	1.0
483	377571	1.0
484	129307	1.0
484	360764	1.0
484	337083	1.0
484	258576	1.0
492	253735	1.0
492	571786	1.0
505	154014	1.0
530	393483	1.0
543	504419	1.0
548	577554	1.0
551	47450	1.0
566	378465	1.0
566	257303	1.0
586	56405	1.0
586	7170	1.0
600	472470	1.0
612	362060	1.0
616	546299	1.0
618	296809	1.0
662	24308	1.0
665	56506	1.0
667	510913	1.0
668	148589	1.0
678	135073	1.0
711	588197	1.0
711	464619	1.0
711	360816	1.0
711	102857	1.0
711	472739	1.0
711	342018	1.0
727	29617	1.0
745	191965	1.0
752	394472	1.0
752	289620	1.0
752	365558	1.0
752	280611	1.0
752	231202	1.0
752	273998	1.0
752	265747	1.0
752	250198	1.0
786	491523	1.0
786	160931	1.0
786	486669	1.0
786	448948	1.0
786	63844	1.0
786	50970	1.0
786	329789	1.0
796	46791	1.0
800	482199	1.0
806	559363	1.0
806	557607	1.0
814	373413	1.0
814	458047	1.0
837	307701	1.0
837	306874	1.0
838	322838	1.0
868	408724	1.0
946	386278	1.0
1003	368233	1.0
1003	133388	1.0
1003	566830	1.0
1031	568043	1.0
1043	178001	1.0
1043	520597	1.0
1043	21957	1.0
1043	540527	1.0
1055	496370	1.0
1084	518949	1.0
1100	441632	1.0
1100	38532	1.0
1107	330890	1.0
1112	43049	1.0
1131	367577	1.0
1141	218747	1.0
1141	417751	1.0
1320	362462	1.0
1320	18355	1.0
1320	307008	1.0
1320	115134	1.0
1320	333916	1.0
1325	221431	1.0
1370	504599	1.0
1408	391463	1.0
1408	188167	1.0
1417	303501	1.0
1417	447509	1.0
1419	378075	1.0
1419	507777	1.0
1419	288409	1.0
1419	401939	1.0
1419	24029	1.0
1484	204169	1.0
1484	535314	1.0
1484	135411	1.0
1484	409133	1.0
1484	77503	1.0
1484	483385	1.0
1484	213399	1.0
1484	88400	1.0
1484	567552	1.0
1506	287693	1.0
1506	161676	1.0
1506	336093	1.0
1506	121866	1.0
1506	48087	1.0
1506	301817	1.0
1506	131842	1.0
1506	380053	1.0
1506	230074	1.0
1506	594175	1.0
1548	52269	1.0
1548	599376	1.0
1548	503919	1.0
1554	338545	1.0
1568	443487	1.0
1568	249505	1.0
1616	345323	1.0
1629	307779	1.0
1630	219691	1.0
1630	210914	1.0
1630	296674	1.0
1641	368010	1.0
1653	591785	1.0
1653	546678	1.0
1658	449997	1.0
1658	575417	1.0
1660	134385	1.0
1660	75429	1.0
1664	574417	1.0
1674	595090	1.0
1674	559866	1.0
1674	333681	1.0
1674	120523	1.0
1674	184559	1.0
1674	13398	1.0
1674	255695	1.0
1674	12987	1.0
1674	113060	1.0
1718	118817	1.0
1718	226962	1.0
1718	593251	1.0
1741	593820	1.0
1741	302792	1.0
1746	597401	1.0
1746	340125	1.0
1747	183839	1.0
1747	560557	1.0
1747	551845	1.0
1747	67716	1.0
1747	213236	1.0
1747	438748	1.0
1747	384145	1.0
1747	7603	1.0
1747	108012	1.0
1747	488127	1.0
1753	72131	1.0
1753	97233	1.0
1780	340024	1.0
1780	77766	1.0
1789	396633	1.0
1846	549684	1.0
1846	444962	1.0
1846	496284	1.0
1846	565061	1.0
1846	521555	1.0
1846	194167	1.0
1864	196119	1.0
1864	372457	1.0
1874	158732	1.0
1874	305135	1.0
1874	444654	1.0
1887	84088	1.0
1887	533201	1.0
1893	315105	1.0
1893	145787	1.0
1893	477940	1.0
1906	180390	1.0
1906	587682	1.0
1931	36440	1.0
1931	129306	1.0
1931	110672	1.0
1931	274422	1.0
1931	138428	1.0
1931	269380	1.0
1931	439071	1.0
1931	492366	1.0
1931	530017	1.0
1938	231279	1.0
1938	224167	1.0
1938	318148	1.0
1952	273509	1.0
1952	585900	1.0
1952	414596	1.0
1952	220156	1.0
1952	287167	1.0
1952	20409	1.0
1952	559912	1.0
1977	212661	1.0
1983	19455	1.0
1983	30319	1.0
2006	576218	1.0
2006	185626	1.0
2032	420587	1.0
2032	92593	1.0
2032	348347	1.0
2032	84356	1.0
2048	313909	1.0
2048	157551	1.0
2048	197753	1.0
2048	402275	1.0
2062	468087	1.0
2062	131453	1.0
2062	150535	1.0
2062	94792	1.0
2062	5054	1.0
2096	351123	1.0
2096	499454	1.0
2141	254151	1.0
2141	89611	1.0
2166	180241	1.0
2166	309947	1.0
2166	424679	1.0
2166	138753	1.0
2166	484414	1.0
2166	80793	1.0
2166	25316	1.0
2166	211767	1.0
2166	465678	1.0
2182	566926	1.0
2182	539752	1.0
2208	583337	1.0
2208	113018	1.0
2208	107078	1.0
2215	392911	1.0
2215	32576	1.0
2215	366215	1.0
2303	281099	1.0
2303	2825	1.0
2303	83836	1.0
2307	303078	1.0
2307	561273	1.0
2325	80538	1.0
2352	175072	1.0
2409	393249	1.0
2409	28168	1.0
2409	65180	1.0
2409	385080	1.0
2411	243735	1.0
2412	584090	1.0
2412	336722	1.0
2412	443691	1.0
2412	519461	1.0
2426	571006	1.0
2426	114443	1.0
2426	152442	1.0
2437	30406	1.0
2437	40229	1.0
2462	5257	1.0
2462	586018	1.0
2550	181113	1.0
2550	233100	1.0
2550	81554	1.0
2550	34939	1.0
2550	459177	1.0
2550	540428	1.0
2550	99987	1.0
2550	61926	1.0
2550	241952	1.0
2550	204171	1.0
2550	48332	1.0
2566	40665	1.0
2566	494156	1.0
2566	219181	1.0
2566	82986	1.0
2566	435716	1.0
2566	331423	1.0
2566	218849	1.0
2566	322046	1.0
2566	128465	1.0
2591	349567	1.0
2591	62417	1.0
2611	216098	1.0
2611	339581	1.0
2611	386745	1.0
2611	470032	1.0
2611	201280	1.0
2611	441163	1.0
2611	7411	1.0
2611	542075	1.0
2611	356465	1.0
2614	405440	1.0
2636	481692	1.0
2646	121551	1.0
2646	32610	1.0
2647	290862	1.0
2662	51771	1.0
2662	75132	1.0
2662	153812	1.0
2662	251618	1.0
2662	195373	1.0
2662	150842	1.0
2662	340802	1.0
2675	521044	1.0
2696	410194	1.0
2696	96538	1.0
2696	97686	1.0
2696	390446	1.0
2729	98326	1.0
2729	312445	1.0
2729	421538	1.0
2729	12133	1.0
2729	155677	1.0
2729	182511	1.0
2744	284165	1.0
2771	445690	1.0
2782	151544	1.0
2782	230888	1.0
2796	355513	1.0
2814	57263	1.0
2814	59000	1.0
2892	329101	1.0
2892	14478	1.0
2892	427322	1.0
2892	174033	1.0
2892	48211	1.0
2892	545296	1.0
2892	379353	1.0
2892	179556	1.0
2910	475115	1.0
2910	56044	1.0
2928	2718	1.0
2935	107865	1.0
2935	217266	1.0
2935	445688	1.0
2935	318492	1.0
2935	279319	1.0
2940	427086	1.0
2940	555995	1.0
2961	187464	1.0
3017	302019	1.0
3017	13083	1.0
3017	183999	1.0
3087	439114	1.0
3087	297159	1.0
3087	332721	1.0
3087	152044	1.0
3087	169382	1.0
3133	156405	1.0
3153	205719	1.0
3153	328341	1.0
3153	197501	1.0
3155	22268	1.0
3155	467778	1.0
3155	144077	1.0
3155	363610	1.0
3155	17765	1.0
3155	316617	1.0
3155	434986	1.0
3171	163881	1.0
3176	284059	1.0
3176	119154	1.0
3176	496923	1.0
3176	598680	1.0
3176	44101	1.0
3208	156873	1.0
3208	120837	1.0
3208	394298	1.0
3208	179808	1.0
3212	63666	1.0
3212	45069	1.0
3220	49321	1.0
3220	20912	1.0
3220	251257	1.0
3220	201758	1.0
3220	84380	1.0
3220	546028	1.0
3220	144922	1.0
3220	172837	1.0
3220	155530	1.0
3220	400447	1.0
3220	334850	1.0
3220	200263	1.0
3245	178519	1.0
3266	74842	1.0
3266	543199	1.0
3266	24158	1.0
3266	97977	1.0
3273	184303	1.0
3276	526260	1.0
3276	122540	1.0
3276	370194	1.0
3291	370171	1.0
3291	7845	1.0
3291	425435	1.0
3296	37909	1.0
3300	117085	1.0
3300	267856	1.0
3300	427206	1.0
3300	101176	1.0
3300	479576	1.0
3312	91804	1.0
3312	209718	1.0
3350	131131	1.0
3353	68907	1.0
3353	313695	1.0
3413	172567	1.0
3441	580733	1.0
3441	312406	1.0
3441	237133	1.0
3449	272117	1.0
3507	526329	1.0
3513	30343	1.0
3535	64237	1.0
3535	326029	1.0
3535	79445	1.0
3592	485828	1.0
3592	83734	1.0
3592	578134	1.0
3592	365926	1.0
3592	151051	1.0
3608	26054	1.0
3608	350547	1.0
3608	348415	1.0
3608	565985	1.0
3608	444148	1.0
3704	23148	1.0
3704	336145	1.0
3704	75680	1.0
3706	118293	1.0
3706	136247	1.0
3706	160965	1.0
3706	408334	1.0
3757	380557	1.0
3757	321281	1.0
3766	389179	1.0
3766	67356	1.0
3766	198412	1.0
3766	555767	1.0
3766	308549	1.0
3766	228997	1.0
3766	91045	1.0
3766	558088	1.0
3766	33445	1.0
3766	21225	1.0
3793	273721	1.0
3793	480426	1.0
3793	254958	1.0
3793	190497	1.0
3795	355084	1.0
3797	300133	1.0
3802	181616	1.0
3802	344530	1.0
3816	537783	1.0
3816	540462	1.0
3816	464297	1.0
3816	524949	1.0
3816	456373	1.0
3864	323932	1.0
3864	474705	1.0
3864	379445	1.0
3864	537857	1.0
3864	470761	1.0
3864	302420	1.0
3894	426705	1.0
3894	78825	1.0
3917	54827	1.0
3937	250672	1.0
3937	571918	1.0
3941	519633	1.0
3941	582340	1.0
3941	442133	1.0
3944	250571	1.0
3944	217804	1.0
3944	452121	1.0
3944	75300	1.0
3944	402441	1.0
3944	499483	1.0
3944	294828	1.0
3944	197526	1.0
3988	172336	1.0
3997	442241	1.0
3997	495962	1.0
3997	536132	1.0
3997	253373	1.0
4000	35053	1.0
4000	238963	1.0
4000	267904	1.0
4000	438582	1.0
4000	353865	1.0
4000	593879	1.0
4016	208934	1.0
4016	111033	1.0
4029	324386	1.0
4029	208783	1.0
4029	63649	1.0
4039	304081	1.0
4039	314252	1.0
4039	132078	1.0
4039	86855	1.0
4039	43614	1.0
4060	422094	1.0
4060	466442	1.0
4111	227300	1.0
4156	17731	1.0
4164	130812	1.0
4164	458740	1.0
4177	402939	1.0
4183	578427	1.0
4279	526326	1.0
4279	81909	1.0
4295	298794	1.0
4295	36659	1.0
4295	450041	1.0
4295	490042	1.0
4295	573185	1.0
4295	47163	1.0
4299	111281	1.0
4299	399907	1.0
4299	202820	1.0
4303	571093	1.0
4303	121108	1.0
4303	524615	1.0
4321	34844	1.0
4321	542321	1.0
4321	173781	1.0
4321	360199	1.0
4323	352557	1.0
4323	314007	1.0
4323	287113	1.0
4324	563446	1.0
4324	347825	1.0
4324	398123	1.0
4324	436904	1.0
4324	150170	1.0
4357	268835	1.0
4357	220733	1.0
4379	15859	1.0
4416	302699	1.0
4416	157907	1.0
4425	5657	1.0
4425	386128	1.0
4425	429023	1.0
4425	214798	1.0
4425	206794	1.0
4425	64456	1.0
4442	46967	1.0
4455	165378	1.0
4509	283851	1.0
4510	205685	1.0
4510	370280	1.0
4520	377488	1.0
4520	513485	1.0
4520	455976	1.0
4525	571181	1.0
4543	541152	1.0
4543	358939	1.0
4543	174582	1.0
4543	538086	1.0
4543	237273	1.0
4543	566068	1.0
4543	396208	1.0
4543	238070	1.0
4543	74730	1.0
4579	370281	1.0
4579	365295	1.0
4579	562061	1.0
4579	79275	1.0
4587	590902	1.0
4587	113070	1.0
4587	52504	1.0
4587	568298	1.0
4670	168983	1.0
4709	432972	1.0
4709	297385	1.0
4746	216321	1.0
4750	232279	1.0
4761	459096	1.0
4765	207779	1.0
4797	529877	1.0
4797	451429	1.0
4833	203542	1.0
4853	423191	1.0
4856	573617	1.0
4869	43663	1.0
4872	361448	1.0
4888	129676	1.0
4905	316645	1.0
4905	6426	1.0
4918	592325	1.0
4918	585692	1.0
4945	583359	1.0
4945	326082	1.0
4953	418610	1.0
4953	93354	1.0
4956	118289	1.0
4966	383039	1.0
4966	580711	1.0
4966	429899	1.0
4974	276927	1.0
4979	517381	1.0
4979	47738	1.0
4986	302616	1.0
4986	241416	1.0
4986	550204	1.0
4986	432417	1.0
4986	580778	1.0
4986	151185	1.0
4997	489640	1.0
5019	96910	1.0
5019	310476	1.0
5019	224695	1.0
5026	288977	1.0
5026	42347	1.0
5027	409190	1.0
5028	506298	1.0
5050	196653	1.0
5050	313232	1.0
5055	465905	1.0
5063	454072	1.0
5076	116963	1.0
5096	294838	1.0
5114	192602	1.0
5114	581697	1.0
5114	405352	1.0
5114	453627	1.0
5142	154714	1.0
5147	595287	1.0
5147	326948	1.0
5147	384855	1.0
5167	130695	1.0
5179	26846	1.0
5179	66794	1.0
5187	363748	1.0
5187	203334	1.0
5201	533589	1.0
5235	205098	1.0
5235	100124	1.0
5235	386996	1.0
5263	31189	1.0
5268	500288	1.0
5268	156194	1.0
5337	566382	1.0
5370	268078	1.0
5370	138679	1.0
5370	337286	1.0
5381	123053	1.0
5388	390864	1.0
5388	438419	1.0
5398	252082	1.0
5406	217521	1.0
5406	343206	1.0
5406	47973	1.0
5406	485243	1.0
5425	465648	1.0
5425	225874	1.0
5465	211451	1.0
5465	424125	1.0
5465	94317	1.0
5501	454842	1.0
5508	509939	1.0
5522	213328	1.0
5522	186730	1.0
5539	594755	1.0
5539	107729	1.0
5544	125811	1.0
5554	149692	1.0
5554	159983	1.0
5554	486965	1.0
5561	501739	1.0
5561	185107	1.0
5561	427713	1.0
5561	185686	1.0
5561	264010	1.0
5561	172761	1.0
5561	564358	1.0
5561	129567	1.0
5569	389077	1.0
5588	207368	1.0
5589	221627	1.0
5589	395650	1.0
5589	227669	1.0
5599	224366	1.0
5619	285864	1.0
5619	558628	1.0
5625	217991	1.0
5647	446454	1.0
5657	487010	1.0
5657	83695	1.0
5657	376286	1.0
5657	472031	1.0
5657	357790	1.0
5726	248091	1.0
5726	232811	1.0
5726	574065	1.0
5726	268895	1.0
5727	27962	1.0
5727	141596	1.0
5727	305523	1.0
5727	158310	1.0
5780	275127	1.0
5812	565010	1.0
5812	536262	1.0
5812	69995	1.0
5812	188672	1.0
5827	244115	1.0
5827	476257	1.0
5827	541823	1.0
5831	494660	1.0
5831	270269	1.0
5836	13511	1.0
5836	590693	1.0
5844	103147	1.0
5844	352588	1.0
5844	575408	1.0
5871	279845	1.0
5871	551424	1.0
5871	263949	1.0
5909	506567	1.0
5909	340653	1.0
5916	494323	1.0
5922	260384	1.0
5922	228217	1.0
5922	462921	1.0
5922	287846	1.0
5964	286843	1.0
5964	376236	1.0
5964	402503	1.0
5964	283566	1.0
5986	403224	1.0
5986	593035	1.0
5996	197696	1.0
5996	379189	1.0
6019	467663	1.0
6067	584587	1.0
6067	487678	1.0
6067	574260	1.0
6068	160780	1.0
6068	477021	1.0
6068	404881	1.0
6068	337561	1.0
6092	355662	1.0
6092	593455	1.0
6092	566205	1.0
6092	248333	1.0
6092	151871	1.0
6092	137465	1.0
6092	14277	1.0
6092	84937	1.0
6092	163354	1.0
6136	203470	1.0
6136	198394	1.0
6136	400419	1.0
6136	518273	1.0
6136	481028	1.0
6163	283141	1.0
6163	390447	1.0
6164	194880	1.0
6164	446001	1.0
6164	287534	1.0
6164	378479	1.0
6164	41023	1.0
6164	472632	1.0
6175	256921	1.0
6175	451453	1.0
6175	449131	1.0
6175	105694	1.0
6185	526808	1.0
6185	318873	1.0
6185	461435	1.0
6185	30352	1.0
6205	148270	1.0
6205	327814	1.0
6205	459979	1.0
6235	273528	1.0
6235	482903	1.0
6235	352451	1.0
6235	399904	1.0
6237	57188	1.0
6237	321619	1.0
6261	354974	1.0
6261	205946	1.0
6261	519950	1.0
6301	498034	1.0
6301	52532	1.0
6301	359131	1.0
6301	102628	1.0
6310	536990	1.0
6311	67731	1.0
6311	149890	1.0
6311	25440	1.0
6311	407433	1.0
6311	409421	1.0
6336	383849	1.0
6336	309298	1.0
6336	354434	1.0
6344	128322	1.0
6351	168080	1.0
6351	543874	1.0
6351	1164	1.0
6351	104150	1.0
6351	173084	1.0
6354	566408	1.0
6354	186804	1.0
6359	71097	1.0
6359	320578	1.0
6359	182341	1.0
6393	30259	1.0
6393	418057	1.0
6393	29563	1.0
6393	308794	1.0
6396	413899	1.0
6396	277359	1.0
6404	578022	1.0
6404	87283	1.0
6481	460270	1.0
6481	461193	1.0
6481	2235	1.0
6493	395096	1.0
6495	121765	1.0
6495	470725	1.0
6502	316987	1.0
6502	400669	1.0
6502	331984	1.0
6502	187835	1.0
6502	217870	1.0
6526	362473	1.0
6526	576364	1.0
6547	599790	1.0
6547	536703	1.0
6547	88539	1.0
6547	282724	1.0
6617	384251	1.0
6645	240422	1.0
6645	332826	1.0
6645	545036	1.0
6744	220147	1.0
6753	259072	1.0
6760	423929	1.0
6772	528754	1.0
6772	354767	1.0
6786	68094	1.0
6786	393164	1.0
6786	439404	1.0
6805	237066	1.0
6819	375161	1.0
6819	378342	1.0
6821	331598	1.0
6824	465106	1.0
6824	390252	1.0
6838	295258	1.0
6838	134972	1.0
6846	490723	1.0
6850	488285	1.0
6850	596355	1.0
6872	530951	1.0
6872	72633	1.0
6913	190928	1.0
6920	518340	1.0
6922	80576	1.0
6923	272190	1.0
6923	382121	1.0
6925	231590	1.0
6937	436536	1.0
6937	73321	1.0
6937	481339	1.0
6937	337049	1.0
6986	35772	1.0
7001	12432	1.0
7022	217002	1.0
7043	51777	1.0
7066	304153	1.0
7074	506460	1.0
7074	39927	1.0
7084	96850	1.0
7099	162771	1.0
7099	384165	1.0
7125	574375	1.0
7169	178105	1.0
7169	591229	1.0
7169	265744	1.0
7169	350712	1.0
7176	591757	1.0
7187	85349	1.0
7187	153179	1.0
7187	72930	1.0
7187	409777	1.0
7202	565417	1.0
7208	365092	1.0
7208	384772	1.0
7230	491647	1.0
7257	271001	1.0
7266	311117	1.0
7266	439545	1.0
7288	151305	1.0
7294	10726	1.0
7323	538915	1.0
7346	48893	1.0
7349	94477	1.0
7349	182658	1.0
7358	35340	1.0
7358	585236	1.0
7381	248226	1.0
7381	65618	1.0
7391	316296	1.0
7391	473287	1.0
7391	521844	1.0
7396	177518	1.0
7435	226967	1.0
7458	191240	1.0
7460	410061	1.0
7460	434179	1.0
7490	173836	1.0
7490	372153	1.0
7510	106128	1.0
7510	85621	1.0
7510	536638	1.0
7510	357242	1.0
7510	305242	1.0
7510	120266	1.0
7526	376485	1.0
7591	227324	1.0
7591	429827	1.0
7595	192295	1.0
7595	152841	1.0
7609	261802	1.0
7637	213938	1.0
7638	98130	1.0
7638	189061	1.0
7647	428187	1.0
7653	415684	1.0
7664	83609	1.0
7681	307602	1.0
7681	406585	1.0
7684	470635	1.0
7684	212685	1.0
7703	598993	1.0
7703	552496	1.0
7715	481665	1.0
7715	96647	1.0
7715	443609	1.0
7725	434812	1.0
7728	582650	1.0
7751	510589	1.0
7751	110865	1.0
7769	303193	1.0
7769	448038	1.0
7777	58882	1.0
7783	217781	1.0
7783	379786	1.0
7783	61518	1.0
7783	12351	1.0
7787	89523	1.0
7824	210713	1.0
7824	287156	1.0
7826	519877	1.0
7838	509187	1.0
7838	314279	1.0
7838	219996	1.0
7839	110860	1.0
7839	544752	1.0
7839	484185	1.0
7847	186020	1.0
7848	47812	1.0
7848	301739	1.0
7858	595924	1.0
7858	227518	1.0
7858	118663	1.0
7864	102757	1.0
7864	13299	1.0
7864	594935	1.0
7864	470861	1.0
7864	524238	1.0
7864	191066	1.0
7864	450067	1.0
7864	69308	1.0
7864	351137	1.0
7864	212450	1.0
7864	432665	1.0
7864	245628	1.0
7864	564364	1.0
7881	168001	1.0
7913	71510	1.0
7913	57293	1.0
7913	529179	1.0
7913	195631	1.0
7916	246062	1.0
7975	259560	1.0
7975	340730	1.0
7979	547370	1.0
7989	238500	1.0
7996	244148	1.0
7996	138703	1.0
7998	36251	1.0
8018	568978	1.0
8030	9672	1.0
8032	164819	1.0
8032	287930	1.0
8088	427472	1.0
8088	564197	1.0
8088	175879	1.0
8088	265948	1.0
8146	249687	1.0
8159	591436	1.0
8165	128888	1.0
8215	402633	1.0
8258	546742	1.0
8258	227284	1.0
8258	533712	1.0
8260	34269	1.0
8272	517774	1.0
8272	550879	1.0
8272	72549	1.0
8272	194359	1.0
8289	511861	1.0
8336	161311	1.0
8336	88869	1.0
8336	81441	1.0
8355	99708	1.0
8355	105607	1.0
8374	272525	1.0
8374	170717	1.0
8374	43781	1.0
8503	439757	1.0
8503	103622	1.0
8503	265817	1.0
8503	237052	1.0
8503	175576	1.0
8503	280992	1.0
8504	227542	1.0
8504	304276	1.0
8504	11075	1.0
8534	232763	1.0
8541	184042	1.0
8545	97180	1.0
8548	265846	1.0
8548	235779	1.0
8548	315760	1.0
8618	494283	1.0
8618	129509	1.0
8618	268016	1.0
8701	446856	1.0
8701	376162	1.0
8715	81924	1.0
8793	265111	1.0
8793	538260	1.0
8793	388718	1.0
8793	252547	1.0
8793	63176	1.0
8793	68515	1.0
8803	335375	1.0
8803	322284	1.0
8841	90570	1.0
8918	126885	1.0
8918	103828	1.0
8951	113800	1.0
8964	497344	1.0
8964	183722	1.0
8964	554674	1.0
8988	416286	1.0
8988	231646	1.0
8988	78769	1.0
9005	123880	1.0
9005	71350	1.0
9005	466121	1.0
9005	230823	1.0
9010	32022	1.0
9010	599156	1.0
9010	519148	1.0
9091	153559	1.0
9091	234361	1.0
9103	503780	1.0
9104	490911	1.0
9104	213507	1.0
9129	293687	1.0
9153	100546	1.0
9153	102023	1.0
9156	192627	1.0
9156	74583	1.0
9156	231928	1.0
9156	344526	1.0
9193	42427	1.0
9193	404840	1.0
9288	168841	1.0
9298	399284	1.0
9298	481203	1.0
9299	84238	1.0
9301	519885	1.0
9334	127015	1.0
9334	378994	1.0
9356	74369	1.0
9356	229026	1.0
9361	203040	1.0
9374	152945	1.0
9374	72694	1.0
9408	92109	1.0
9441	150809	1.0
9441	551398	1.0
9492	512663	1.0
9558	392313	1.0
9558	447197	1.0
9600	307380	1.0
9600	169309	1.0
9651	508152	1.0
9662	107424	1.0
9663	9522	1.0
9707	255396	1.0
9707	296870	1.0
9707	310614	1.0
9707	237054	1.0
9707	80826	1.0
9752	54354	1.0
9752	355450	1.0
9803	56342	1.0
9803	400631	1.0
9803	586151	1.0
9803	35079	1.0
9817	47798	1.0
9817	370507	1.0
9847	392182	1.0
9847	356209	1.0
9847	242516	1.0
9855	270992	1.0
9855	370244	1.0
9877	100103	1.0
9877	179919	1.0
9894	190891	1.0
9894	251843	1.0
9894	284075	1.0
9936	576008	1.0
9936	170863	1.0
9936	18502	1.0
9991	388575	1.0
9991	66230	1.0
9991	555176	1.0
10048	554814	1.0
10048	441353	1.0
10054	190746	1.0
10054	131989	1.0
10061	474279	1.0
10087	375368	1.0
10117	508922	1.0
10147	512062	1.0
10149	321842	1.0
10149	531953	1.0
10178	31664	1.0
10210	57615	1.0
10228	441213	1.0
10228	113981	1.0
10228	596702	1.0
10237	306571	1.0
10237	172946	1.0
10237	163359	1.0
10237	483734	1.0
10251	378906	1.0
10251	40301	1.0
10301	288138	1.0
10301	363899	1.0
10301	370948	1.0
10301	318656	1.0
10301	84414	1.0
10348	179527	1.0
10549	962	1.0
10549	191368	1.0
10653	187571	1.0
10663	426619	1.0
10663	102345	1.0
10663	353415	1.0
10663	329180	1.0
10677	309555	1.0
10696	153660	1.0
10696	392465	1.0
10700	159462	1.0
10700	60929	1.0
10700	114912	1.0
10700	181294	1.0
10700	508219	1.0
10700	112231	1.0
10717	425586	1.0
10717	383978	1.0
10717	159336	1.0
10717	337461	1.0
10727	474235	1.0
10727	277477	1.0
10727	228548	1.0
10960	506066	1.0
10960	87466	1.0
10997	464381	1.0
10997	435407	1.0
10997	500575	1.0
10997	464668	1.0
11023	574527	1.0
11023	464272	1.0
11023	144200	1.0
11023	270054	1.0
11023	246311	1.0
11023	134901	1.0
11023	467539	1.0
11023	306385	1.0
11023	291806	1.0
11023	282987	1.0
11023	317642	1.0
11023	449147	1.0
11023	306462	1.0
11023	565798	1.0
11023	372177	1.0
11023	419298	1.0
11023	73239	1.0
11023	154236	1.0
11023	532225	1.0
11023	579370	1.0
8	566392	1.0
8	65404	1.0
15	325273	1.0
18	88124	1.0
26	285255	1.0
26	350819	1.0
34	599545	1.0
42	272709	1.0
42	327263	1.0
42	331981	1.0
56	572690	1.0
68	19183	1.0
89	413229	1.0
89	590102	1.0
89	268026	1.0
89	248624	1.0
89	508754	1.0
89	64556	1.0
90	31793	1.0
94	245447	1.0
98	575929	1.0
98	527522	1.0
104	575869	1.0
104	523158	1.0
106	76695	1.0
109	73427	1.0
475	366761	1.0
503	367641	1.0
504	500755	1.0
504	344203	1.0
504	498751	1.0
515	372909	1.0
529	510701	1.0
547	6349	1.0
547	278629	1.0
549	214024	1.0
559	246459	1.0
570	363591	1.0
585	140226	1.0
585	552375	1.0
588	570546	1.0
588	203710	1.0
594	377322	1.0
594	534059	1.0
603	456440	1.0
604	451443	1.0
604	231947	1.0
604	261622	1.0
620	331332	1.0
620	417301	1.0
620	189303	1.0
620	180673	1.0
620	487067	1.0
622	179756	1.0
622	369239	1.0
659	13139	1.0
659	230908	1.0
659	584685	1.0
659	439467	1.0
659	264297	1.0
659	235925	1.0
659	168796	1.0
659	120279	1.0
659	365240	1.0
659	449079	1.0
672	40966	1.0
672	563025	1.0
684	441120	1.0
687	146021	1.0
687	268992	1.0
689	411044	1.0
691	395912	1.0
699	107092	1.0
701	288537	1.0
701	339488	1.0
701	389446	1.0
715	579763	1.0
715	546538	1.0
715	187404	1.0
721	496225	1.0
744	490443	1.0
744	566480	1.0
744	78176	1.0
750	419768	1.0
750	33602	1.0
753	466718	1.0
753	243503	1.0
766	2996	1.0
766	387218	1.0
766	550172	1.0
776	467044	1.0
776	583640	1.0
776	597247	1.0
776	124027	1.0
776	592680	1.0
776	10440	1.0
776	127263	1.0
776	332373	1.0
776	220127	1.0
776	597880	1.0
776	496899	1.0
776	591516	1.0
810	30596	1.0
813	106501	1.0
813	436701	1.0
849	557186	1.0
852	245702	1.0
852	531288	1.0
852	431735	1.0
853	260795	1.0
853	147080	1.0
858	146632	1.0
858	45185	1.0
858	122485	1.0
858	278450	1.0
859	449630	1.0
859	18749	1.0
864	472924	1.0
864	30142	1.0
864	211364	1.0
864	24890	1.0
864	566337	1.0
864	152072	1.0
879	366830	1.0
885	337165	1.0
885	409184	1.0
895	416268	1.0
904	415514	1.0
928	349866	1.0
928	11572	1.0
929	367754	1.0
932	48722	1.0
932	387010	1.0
939	392434	1.0
945	352052	1.0
957	446870	1.0
957	321500	1.0
957	540334	1.0
988	226053	1.0
988	107688	1.0
1074	443960	1.0
1085	467737	1.0
1085	393710	1.0
1090	518896	1.0
1090	203091	1.0
1150	531698	1.0
1150	43603	1.0
1150	353369	1.0
1150	19936	1.0
1157	272425	1.0
1157	405777	1.0
1159	496064	1.0
1198	56718	1.0
1230	191649	1.0
1281	361415	1.0
1284	342411	1.0
1297	171761	1.0
1306	594206	1.0
1306	484437	1.0
1306	204075	1.0
1306	167684	1.0
1309	471630	1.0
1309	156162	1.0
1309	489401	1.0
1309	438869	1.0
1310	535651	1.0
1321	216456	1.0
1321	292065	1.0
1322	399418	1.0
1322	114231	1.0
1322	115552	1.0
1322	64138	1.0
1391	266229	1.0
1391	562176	1.0
1391	440745	1.0
1393	220022	1.0
1393	589398	1.0
1393	532932	1.0
1393	352838	1.0
1393	539133	1.0
1393	352640	1.0
1415	387165	1.0
1415	306144	1.0
1415	66246	1.0
1415	393953	1.0
1416	326717	1.0
1441	178	1.0
1441	414940	1.0
1441	416727	1.0
1441	471123	1.0
1451	538005	1.0
1469	444589	1.0
1530	28764	1.0
1530	313361	1.0
1530	219425	1.0
1670	290887	1.0
1670	393898	1.0
1670	493792	1.0
1676	77245	1.0
1676	394871	1.0
1676	58937	1.0
1676	234436	1.0
1736	399406	1.0
1736	396933	1.0
1736	25543	1.0
1736	562896	1.0
1736	443419	1.0
1748	18001	1.0
1748	528564	1.0
1748	576295	1.0
1783	332314	1.0
1812	530570	1.0
1812	219274	1.0
1815	446928	1.0
1819	376499	1.0
1819	66058	1.0
1819	212713	1.0
1819	267362	1.0
1819	250285	1.0
1819	220691	1.0
1824	244808	1.0
1826	401731	1.0
1826	8057	1.0
1826	181787	1.0
1826	583788	1.0
1832	590276	1.0
1871	175524	1.0
1871	364112	1.0
1871	244185	1.0
1871	444162	1.0
1877	178697	1.0
1889	388713	1.0
1915	318266	1.0
1915	433801	1.0
1920	269943	1.0
1933	183612	1.0
1948	467509	1.0
1994	434846	1.0
1994	565157	1.0
1994	51491	1.0
1994	243356	1.0
1994	156640	1.0
2010	44256	1.0
2010	233877	1.0
2010	174034	1.0
2051	558042	1.0
2070	136438	1.0
2070	363678	1.0
2070	30253	1.0
2075	170042	1.0
2075	44417	1.0
2075	260983	1.0
2075	359580	1.0
2075	60459	1.0
2075	523393	1.0
2075	519619	1.0
2075	301866	1.0
2075	14967	1.0
2076	184646	1.0
2076	278824	1.0
2088	399875	1.0
2088	599524	1.0
2108	525200	1.0
2108	309171	1.0
2108	155389	1.0
2118	411061	1.0
2154	476632	1.0
2181	376631	1.0
2181	397329	1.0
2183	132678	1.0
2183	124427	1.0
2183	571625	1.0
2183	498146	1.0
2183	24994	1.0
2183	24344	1.0
2204	280056	1.0
2204	4066	1.0
2204	174363	1.0
2204	424523	1.0
2204	271514	1.0
2204	50809	1.0
2204	374030	1.0
2204	83922	1.0
2264	534454	1.0
2264	412819	1.0
2296	396853	1.0
2296	106424	1.0
2296	400009	1.0
2296	119298	1.0
2296	83330	1.0
2296	366594	1.0
2296	279897	1.0
2296	253563	1.0
2296	130850	1.0
2306	581889	1.0
2306	315875	1.0
2316	482343	1.0
2316	348955	1.0
2318	428533	1.0
2330	478514	1.0
2330	104221	1.0
2334	228403	1.0
2334	2304	1.0
2334	150650	1.0
2348	211867	1.0
2348	247486	1.0
2348	381757	1.0
2348	447619	1.0
2348	566573	1.0
2348	410166	1.0
2348	211622	1.0
2348	474234	1.0
2348	306430	1.0
2348	268261	1.0
2348	352271	1.0
2348	543714	1.0
2348	146441	1.0
2348	265874	1.0
2348	134864	1.0
2376	64263	1.0
2376	549833	1.0
2376	91545	1.0
2376	324411	1.0
2376	114417	1.0
2376	407455	1.0
2376	402249	1.0
2376	244961	1.0
2383	17215	1.0
2383	232199	1.0
2384	435835	1.0
2385	407654	1.0
2385	373059	1.0
2388	104988	1.0
2395	179066	1.0
2398	118730	1.0
2398	509391	1.0
2398	363810	1.0
2398	224654	1.0
2398	590489	1.0
2399	343489	1.0
2400	456470	1.0
2400	1198	1.0
2400	564271	1.0
2407	294327	1.0
2407	2064	1.0
2407	319734	1.0
2407	173929	1.0
2416	162612	1.0
2416	48569	1.0
2416	105129	1.0
2416	471247	1.0
2423	81106	1.0
2423	396127	1.0
2423	553288	1.0
2423	551954	1.0
2423	529444	1.0
2423	305946	1.0
2423	538023	1.0
2443	305579	1.0
2445	431685	1.0
2460	584337	1.0
2460	549180	1.0
2460	530037	1.0
2465	570680	1.0
2465	81046	1.0
2465	546509	1.0
2472	401125	1.0
2472	370334	1.0
2472	307315	1.0
2486	487791	1.0
2498	365456	1.0
2513	82344	1.0
2516	505678	1.0
2516	199508	1.0
2516	446340	1.0
2516	566602	1.0
2549	58451	1.0
2549	21103	1.0
2551	413832	1.0
2551	450742	1.0
2551	143100	1.0
2568	139047	1.0
2568	388798	1.0
2568	296769	1.0
2568	346042	1.0
2568	108739	1.0
2568	590082	1.0
2568	127353	1.0
2579	197052	1.0
2579	524471	1.0
2579	432808	1.0
2579	191977	1.0
2579	280838	1.0
2579	432020	1.0
2580	344118	1.0
2580	503934	1.0
2580	11988	1.0
2587	89326	1.0
2589	43961	1.0
2589	450577	1.0
2589	468144	1.0
2590	296528	1.0
2590	209493	1.0
2590	589625	1.0
2593	147343	1.0
2593	231614	1.0
2593	528132	1.0
2598	376126	1.0
2598	593029	1.0
2648	307120	1.0
2676	55666	1.0
2685	384532	1.0
2685	154113	1.0
2685	370300	1.0
2685	37900	1.0
2685	382005	1.0
2685	303293	1.0
2685	594182	1.0
2685	468923	1.0
2695	305904	1.0
2713	29372	1.0
2713	388147	1.0
2724	491472	1.0
2724	32172	1.0
2737	426678	1.0
2747	540571	1.0
2749	587192	1.0
2749	207285	1.0
2790	423403	1.0
2790	279329	1.0
2790	27268	1.0
2790	472484	1.0
2790	100483	1.0
2790	469125	1.0
2790	4612	1.0
2801	398856	1.0
2801	475541	1.0
2856	231727	1.0
2856	213331	1.0
2856	110848	1.0
2856	342212	1.0
2857	233732	1.0
2857	501384	1.0
2857	60175	1.0
2857	295864	1.0
2880	533791	1.0
2885	367360	1.0
2885	414692	1.0
2885	359579	1.0
2885	85229	1.0
2885	454810	1.0
2891	31117	1.0
2895	521996	1.0
2895	328691	1.0
2903	527776	1.0
2923	82744	1.0
2923	161667	1.0
2923	46381	1.0
2923	390089	1.0
2923	264271	1.0
2964	302409	1.0
2964	95116	1.0
2968	242124	1.0
2968	388646	1.0
2994	419319	1.0
2994	318491	1.0
2994	569145	1.0
3006	127838	1.0
3006	512096	1.0
3006	269851	1.0
3006	403137	1.0
3006	568473	1.0
3006	328300	1.0
3008	231688	1.0
3008	180192	1.0
3008	407401	1.0
3008	323406	1.0
3014	341399	1.0
3014	273282	1.0
3033	571430	1.0
3033	265866	1.0
3039	136804	1.0
3049	127974	1.0
3049	88477	1.0
3049	582864	1.0
3049	450808	1.0
3051	232063	1.0
3051	591940	1.0
3067	406156	1.0
3067	517299	1.0
3085	248619	1.0
3085	527010	1.0
3091	159936	1.0
3091	108302	1.0
3091	366448	1.0
3091	187739	1.0
3091	534099	1.0
3091	274870	1.0
3091	95778	1.0
3103	176596	1.0
3115	129364	1.0
3115	183869	1.0
3115	234950	1.0
3115	389028	1.0
3115	233562	1.0
3115	316794	1.0
3125	89008	1.0
3148	178127	1.0
3148	584305	1.0
3148	438000	1.0
3148	92888	1.0
3148	172855	1.0
3149	490223	1.0
3149	98112	1.0
3177	17208	1.0
3177	536120	1.0
3177	268289	1.0
3179	150219	1.0
3179	385073	1.0
3186	555486	1.0
3186	545421	1.0
3189	225395	1.0
3189	272840	1.0
3254	484891	1.0
3254	443511	1.0
3254	475756	1.0
3264	598807	1.0
3264	134764	1.0
3264	486525	1.0
3264	260383	1.0
3357	209974	1.0
3369	371886	1.0
3369	163834	1.0
3369	231012	1.0
3369	145716	1.0
3369	411910	1.0
3369	395840	1.0
3394	445971	1.0
3394	342258	1.0
3394	129319	1.0
3394	570664	1.0
3404	442110	1.0
3404	556976	1.0
3404	160301	1.0
3404	488574	1.0
3404	498834	1.0
3404	395483	1.0
3404	277583	1.0
3405	495467	1.0
3446	366685	1.0
3446	211839	1.0
3446	511386	1.0
3446	236899	1.0
3446	323498	1.0
3451	26292	1.0
3451	192307	1.0
3451	276883	1.0
3451	588448	1.0
3451	165970	1.0
3451	490170	1.0
3451	99132	1.0
3453	418626	1.0
3453	233635	1.0
3480	53468	1.0
3480	418352	1.0
3480	221015	1.0
3480	75568	1.0
3490	420529	1.0
3500	273187	1.0
3500	141935	1.0
3500	557478	1.0
3500	174019	1.0
3500	71424	1.0
3500	565409	1.0
3503	345294	1.0
3503	297764	1.0
3503	63091	1.0
3503	177563	1.0
3503	482077	1.0
3503	360621	1.0
3503	89509	1.0
3512	466835	1.0
3512	115042	1.0
3528	345697	1.0
3530	189190	1.0
3530	184299	1.0
3530	239998	1.0
3534	340329	1.0
3566	152286	1.0
3566	99943	1.0
3566	307424	1.0
3569	450135	1.0
3594	246882	1.0
3594	554171	1.0
3594	525247	1.0
3594	490294	1.0
3612	402726	1.0
3612	584291	1.0
3612	259625	1.0
3612	212687	1.0
3615	518379	1.0
3615	335991	1.0
3625	500751	1.0
3625	384469	1.0
3625	414295	1.0
3682	356161	1.0
3682	329662	1.0
3683	276975	1.0
3683	185909	1.0
3683	454501	1.0
3683	565016	1.0
3683	522713	1.0
3683	105973	1.0
3694	282442	1.0
3694	204747	1.0
3724	302512	1.0
3724	273497	1.0
3724	309200	1.0
3724	508921	1.0
3724	434190	1.0
3724	279570	1.0
3724	497216	1.0
3724	552887	1.0
3724	341146	1.0
3724	199970	1.0
3735	330041	1.0
3735	266900	1.0
3735	314478	1.0
3759	527966	1.0
3759	67167	1.0
3759	522358	1.0
3767	368679	1.0
3767	153922	1.0
3767	392060	1.0
3767	520395	1.0
3767	320246	1.0
3771	521712	1.0
3771	128471	1.0
3771	488948	1.0
3771	198349	1.0
3771	217683	1.0
3771	49601	1.0
3781	131959	1.0
3781	413328	1.0
3789	459724	1.0
3789	274573	1.0
3789	492856	1.0
3789	571131	1.0
3791	327432	1.0
3791	577201	1.0
3791	212222	1.0
3801	390529	1.0
3801	307776	1.0
3822	305907	1.0
3822	385090	1.0
3822	418900	1.0
3822	308837	1.0
3829	523850	1.0
3829	291438	1.0
3830	54952	1.0
3837	345533	1.0
3859	230261	1.0
3875	136315	1.0
3875	249859	1.0
3888	307083	1.0
3888	319213	1.0
3888	239632	1.0
3909	404352	1.0
3909	200690	1.0
3909	312248	1.0
3909	404356	1.0
3909	374400	1.0
3909	61586	1.0
3909	514003	1.0
3909	193459	1.0
3909	245616	1.0
3909	353028	1.0
3932	107697	1.0
3932	527443	1.0
3934	457034	1.0
3934	122952	1.0
3934	209604	1.0
3934	201769	1.0
3995	427032	1.0
3995	278734	1.0
3995	297900	1.0
3995	506909	1.0
3995	230208	1.0
4007	556220	1.0
4007	388704	1.0
4007	521657	1.0
4011	136367	1.0
4011	470	1.0
4011	67699	1.0
4019	287991	1.0
4019	379948	1.0
4019	332749	1.0
4019	6881	1.0
4019	125477	1.0
4031	115741	1.0
4037	10275	1.0
4037	298099	1.0
4047	417840	1.0
4047	452175	1.0
4047	77652	1.0
4047	324779	1.0
4071	129875	1.0
4084	250028	1.0
4084	308633	1.0
4102	554734	1.0
4102	241101	1.0
4102	39115	1.0
4102	448699	1.0
4103	440270	1.0
4105	166412	1.0
4105	25096	1.0
4116	234674	1.0
4116	109149	1.0
4125	344648	1.0
4125	72046	1.0
4142	586930	1.0
4142	544020	1.0
4142	203926	1.0
4142	61346	1.0
4153	459596	1.0
4179	278196	1.0
4188	468108	1.0
4205	79777	1.0
4205	134239	1.0
4205	540451	1.0
4233	16270	1.0
4233	590836	1.0
4233	154886	1.0
4233	31377	1.0
4233	187129	1.0
4265	392163	1.0
4265	293111	1.0
4265	140947	1.0
4265	349710	1.0
4265	157553	1.0
4265	93881	1.0
4286	70460	1.0
4286	566069	1.0
4289	288330	1.0
4289	24881	1.0
4306	450694	1.0
4306	221435	1.0
4306	233718	1.0
4306	61819	1.0
4312	116647	1.0
4312	222639	1.0
4312	135845	1.0
4312	167950	1.0
4312	282435	1.0
4312	399149	1.0
4312	507284	1.0
4335	318583	1.0
4335	357013	1.0
4335	322246	1.0
4335	484148	1.0
4339	386531	1.0
4339	488615	1.0
4394	336045	1.0
4394	441582	1.0
4409	426676	1.0
4409	102326	1.0
4409	115066	1.0
4409	499128	1.0
4409	97925	1.0
4409	100306	1.0
4409	245903	1.0
4409	147439	1.0
4409	102088	1.0
4409	360682	1.0
4411	79903	1.0
4411	68239	1.0
4411	116545	1.0
4414	235522	1.0
4414	367137	1.0
4415	238234	1.0
4415	147646	1.0
4415	414188	1.0
4415	67676	1.0
4433	146181	1.0
4433	301580	1.0
4447	286226	1.0
4464	102904	1.0
4465	376575	1.0
4465	344041	1.0
4465	299242	1.0
4484	33990	1.0
4499	323363	1.0
4499	513818	1.0
4499	76996	1.0
4500	163048	1.0
4500	533623	1.0
4504	2981	1.0
4504	566458	1.0
4514	352485	1.0
4514	69485	1.0
4514	337764	1.0
4514	156211	1.0
4514	426270	1.0
4514	209804	1.0
4523	594257	1.0
4523	119165	1.0
4523	393009	1.0
4523	129255	1.0
4523	66626	1.0
4539	370879	1.0
4539	275925	1.0
4571	496857	1.0
4571	282392	1.0
4571	213824	1.0
4600	482415	1.0
4605	41312	1.0
4605	313306	1.0
4605	453941	1.0
4605	504661	1.0
4605	229310	1.0
4605	210759	1.0
4605	400826	1.0
4615	496427	1.0
4615	261900	1.0
4615	262934	1.0
4615	69523	1.0
4615	421365	1.0
4615	596196	1.0
4640	322314	1.0
4640	101369	1.0
4640	540539	1.0
4641	44594	1.0
4641	406219	1.0
4641	319954	1.0
4641	397358	1.0
4641	88327	1.0
4678	305153	1.0
4681	181909	1.0
4681	587959	1.0
4700	345137	1.0
4714	505057	1.0
4714	584450	1.0
4714	450819	1.0
4714	324833	1.0
4756	340254	1.0
4767	280805	1.0
4767	568670	1.0
4767	224057	1.0
4767	22804	1.0
4767	125986	1.0
4775	72021	1.0
4777	590710	1.0
4785	37517	1.0
4804	583651	1.0
4804	104395	1.0
4813	98356	1.0
4823	104726	1.0
4823	362919	1.0
4823	561929	1.0
4827	495791	1.0
4837	531841	1.0
4837	20958	1.0
4844	275257	1.0
4844	192193	1.0
4845	40424	1.0
4845	339928	1.0
4845	41625	1.0
4846	151104	1.0
4846	323749	1.0
4863	87398	1.0
4863	198465	1.0
4863	290562	1.0
4865	100485	1.0
4920	306815	1.0
4920	228341	1.0
4920	82294	1.0
4942	357685	1.0
4946	121690	1.0
4955	581318	1.0
4962	158363	1.0
4962	599925	1.0
4968	387022	1.0
4981	45218	1.0
4981	247894	1.0
4981	102684	1.0
4999	314898	1.0
4999	338803	1.0
4999	9938	1.0
4999	46211	1.0
5021	589285	1.0
5030	215540	1.0
5045	264554	1.0
5054	28119	1.0
5061	23747	1.0
5064	2003	1.0
5064	192811	1.0
5067	547301	1.0
5080	256055	1.0
5083	305509	1.0
5083	138845	1.0
5085	102436	1.0
5086	96606	1.0
5090	436493	1.0
5090	12988	1.0
5125	318728	1.0
5134	158523	1.0
5134	206727	1.0
5150	229937	1.0
5155	462892	1.0
5172	529418	1.0
5172	539165	1.0
5178	240261	1.0
5178	561056	1.0
5178	111815	1.0
5178	393833	1.0
5178	39819	1.0
5185	210236	1.0
5185	317354	1.0
5196	172128	1.0
5196	565745	1.0
5196	114829	1.0
5206	563030	1.0
5206	287157	1.0
5206	28230	1.0
5206	201982	1.0
5206	117276	1.0
5206	300660	1.0
5228	232451	1.0
5231	146188	1.0
5241	376123	1.0
5241	234286	1.0
5241	322157	1.0
5241	344740	1.0
5241	27489	1.0
5254	392851	1.0
5254	402466	1.0
5255	75112	1.0
5255	330453	1.0
5255	412830	1.0
5264	371720	1.0
5264	52579	1.0
5264	505694	1.0
5264	431814	1.0
5264	576564	1.0
5271	58599	1.0
5271	221439	1.0
5271	67663	1.0
5331	200784	1.0
5343	2860	1.0
5347	352930	1.0
5356	279785	1.0
5356	71553	1.0
5356	381362	1.0
5356	312405	1.0
5356	562259	1.0
5369	171339	1.0
5369	44223	1.0
5374	152688	1.0
5380	549254	1.0
5402	491350	1.0
5402	227485	1.0
5410	13975	1.0
5410	507813	1.0
5410	368802	1.0
5422	273906	1.0
5422	79517	1.0
5422	151973	1.0
5422	13513	1.0
5427	200603	1.0
5427	323284	1.0
5460	93248	1.0
5460	184337	1.0
5460	21174	1.0
5460	108514	1.0
5460	463885	1.0
5464	350399	1.0
5464	294549	1.0
5464	86691	1.0
5503	146277	1.0
5503	64279	1.0
5505	100387	1.0
5511	169893	1.0
5511	107898	1.0
5511	529123	1.0
5511	560325	1.0
5511	478426	1.0
5511	383193	1.0
5511	114303	1.0
5511	278699	1.0
5511	12746	1.0
5511	51873	1.0
5534	423272	1.0
5534	421136	1.0
5549	286227	1.0
5549	309361	1.0
5585	300117	1.0
5592	355241	1.0
5616	391291	1.0
5620	448784	1.0
5620	171510	1.0
5620	329552	1.0
5620	548740	1.0
5646	200972	1.0
5646	426510	1.0
5646	516413	1.0
5653	588247	1.0
5683	173026	1.0
5683	448690	1.0
5710	232311	1.0
5741	259081	1.0
5741	25943	1.0
5763	89964	1.0
5763	515361	1.0
5763	462019	1.0
5782	172084	1.0
5782	379891	1.0
5782	319773	1.0
5782	448614	1.0
5782	595455	1.0
5790	134794	1.0
5808	251824	1.0
5853	284318	1.0
5853	476663	1.0
5853	160105	1.0
5853	495699	1.0
5853	439459	1.0
5853	473647	1.0
5853	431811	1.0
5853	424598	1.0
5862	130209	1.0
5862	269898	1.0
5862	170141	1.0
5862	562511	1.0
5888	336792	1.0
5888	540806	1.0
5903	231863	1.0
5906	409907	1.0
5906	15172	1.0
5940	486243	1.0
5940	433827	1.0
5940	93936	1.0
5951	418034	1.0
5951	259777	1.0
5951	31663	1.0
5951	151774	1.0
5951	374480	1.0
5951	473765	1.0
5951	298065	1.0
5951	596834	1.0
5951	497260	1.0
5970	181608	1.0
5970	546568	1.0
5970	168453	1.0
5981	564554	1.0
5981	245532	1.0
5981	171483	1.0
5981	286182	1.0
5981	210439	1.0
5993	94373	1.0
5993	367375	1.0
5993	287571	1.0
5993	224918	1.0
5993	128574	1.0
5993	431212	1.0
5993	272866	1.0
5993	230215	1.0
5993	55084	1.0
5993	160193	1.0
5993	5827	1.0
5993	352638	1.0
5993	63690	1.0
5993	426120	1.0
5993	63501	1.0
6002	404605	1.0
6002	273501	1.0
6002	390642	1.0
6002	359862	1.0
6002	516848	1.0
6002	391819	1.0
6002	34389	1.0
6002	233472	1.0
6002	519346	1.0
6002	593434	1.0
6002	154181	1.0
6004	149555	1.0
6005	135415	1.0
6005	478457	1.0
6005	345895	1.0
6005	73310	1.0
6005	384626	1.0
6005	176498	1.0
6005	149500	1.0
6005	572272	1.0
6005	414288	1.0
6005	507544	1.0
6005	390689	1.0
6005	414534	1.0
6005	270856	1.0
6009	228983	1.0
6041	111091	1.0
6041	425020	1.0
6041	241308	1.0
6041	81655	1.0
6080	164513	1.0
6080	22856	1.0
6110	118039	1.0
6110	331850	1.0
6110	188531	1.0
6110	233379	1.0
6110	94117	1.0
6110	259706	1.0
6110	320450	1.0
6110	226496	1.0
6121	394460	1.0
6121	289231	1.0
6122	496166	1.0
6122	169824	1.0
6122	44344	1.0
6131	326094	1.0
6131	365263	1.0
6131	218088	1.0
6131	252534	1.0
6131	381720	1.0
6131	235452	1.0
6131	170204	1.0
6131	416679	1.0
6131	334111	1.0
6131	2460	1.0
6131	368806	1.0
6131	258465	1.0
6133	7733	1.0
6133	415705	1.0
6142	155461	1.0
6142	209863	1.0
6146	7403	1.0
6146	160125	1.0
6199	414693	1.0
6199	584273	1.0
6199	239214	1.0
6199	169921	1.0
6219	48946	1.0
6219	146924	1.0
6221	128698	1.0
6221	470716	1.0
6221	257248	1.0
6221	519675	1.0
6221	76414	1.0
6221	169688	1.0
6221	455614	1.0
6221	115717	1.0
6252	394551	1.0
6252	160932	1.0
6252	293624	1.0
6252	233294	1.0
6252	243268	1.0
6252	379487	1.0
6252	62868	1.0
6262	34538	1.0
6262	26799	1.0
6262	390877	1.0
6278	138511	1.0
6278	63698	1.0
6395	166227	1.0
6410	471723	1.0
6420	565568	1.0
6420	127452	1.0
6441	254279	1.0
6467	453256	1.0
6467	66834	1.0
6467	23217	1.0
6467	346641	1.0
6467	367313	1.0
6468	548970	1.0
6468	332069	1.0
6479	272008	1.0
6479	404339	1.0
6525	181985	1.0
6525	98150	1.0
6525	106541	1.0
6554	583203	1.0
6554	22469	1.0
6562	135675	1.0
6562	582414	1.0
6562	561344	1.0
6562	501157	1.0
6611	293679	1.0
6611	198764	1.0
6612	254454	1.0
6612	205522	1.0
6612	322900	1.0
6625	88892	1.0
6629	444405	1.0
6635	102449	1.0
6635	587137	1.0
6635	3656	1.0
6635	156358	1.0
6644	175035	1.0
6647	69790	1.0
6647	428017	1.0
6647	462265	1.0
6668	275902	1.0
6668	457294	1.0
6679	242298	1.0
6679	581672	1.0
6679	358492	1.0
6683	592187	1.0
6683	77631	1.0
6713	147853	1.0
6713	357571	1.0
6715	568526	1.0
6715	13732	1.0
6746	210887	1.0
6746	333674	1.0
6787	587120	1.0
6792	485973	1.0
6800	35191	1.0
6803	193012	1.0
6803	544053	1.0
6803	142726	1.0
6803	42620	1.0
6807	332567	1.0
6814	340214	1.0
6814	223206	1.0
6832	377853	1.0
6832	573874	1.0
6835	149305	1.0
6835	102243	1.0
6849	44601	1.0
6862	386796	1.0
6867	443804	1.0
6867	466143	1.0
6867	878	1.0
6867	540799	1.0
6867	502607	1.0
6867	445258	1.0
6867	538750	1.0
6875	224392	1.0
6890	558703	1.0
6890	240196	1.0
6891	277217	1.0
6891	463837	1.0
6891	474351	1.0
6896	251704	1.0
6901	388571	1.0
6901	254474	1.0
6907	251604	1.0
6909	127012	1.0
6959	208331	1.0
6959	205010	1.0
6985	456436	1.0
7017	28271	1.0
7068	61864	1.0
7068	10797	1.0
7071	124230	1.0
7071	238629	1.0
7080	517577	1.0
7080	596518	1.0
7096	482238	1.0
7098	34139	1.0
7098	266898	1.0
7105	72652	1.0
7109	257185	1.0
7109	565501	1.0
7109	447781	1.0
7124	74615	1.0
7124	154725	1.0
7124	558617	1.0
7124	526110	1.0
7141	255927	1.0
7141	132288	1.0
7145	81458	1.0
7145	17923	1.0
7145	116865	1.0
7178	401329	1.0
7188	305346	1.0
7205	159966	1.0
7206	441155	1.0
7206	532211	1.0
7206	553066	1.0
7218	32290	1.0
7221	186578	1.0
7269	486696	1.0
7279	476834	1.0
7279	322456	1.0
7279	81483	1.0
7279	464502	1.0
7295	244749	1.0
7311	323768	1.0
7326	584295	1.0
7329	118520	1.0
7329	325330	1.0
7344	14368	1.0
7344	108403	1.0
7345	508821	1.0
7345	237645	1.0
7345	527080	1.0
7377	579557	1.0
7431	372921	1.0
7441	537418	1.0
7441	514500	1.0
7441	117576	1.0
7445	153178	1.0
7445	104343	1.0
7445	296231	1.0
7448	418150	1.0
7456	65120	1.0
7463	577951	1.0
7463	582005	1.0
7463	105634	1.0
7463	305287	1.0
7463	5152	1.0
7467	193312	1.0
7484	444562	1.0
7509	178303	1.0
7512	191060	1.0
7513	115372	1.0
7513	273861	1.0
7513	567362	1.0
7529	66607	1.0
7529	293626	1.0
7533	162668	1.0
7533	93853	1.0
7534	175821	1.0
7534	89714	1.0
7534	358125	1.0
7590	105165	1.0
7590	222505	1.0
7592	273947	1.0
7594	573899	1.0
7622	253369	1.0
7622	378594	1.0
7633	494727	1.0
7633	442048	1.0
7633	122996	1.0
7633	197839	1.0
7674	193318	1.0
7674	519390	1.0
7674	494295	1.0
7700	273761	1.0
7700	507468	1.0
7700	2653	1.0
7700	179328	1.0
7702	387277	1.0
7702	558924	1.0
7705	539263	1.0
7705	195191	1.0
7705	377429	1.0
7734	226070	1.0
7734	433905	1.0
7747	97729	1.0
7747	296420	1.0
7754	197527	1.0
7758	574327	1.0
7801	252574	1.0
7801	427592	1.0
7803	565926	1.0
7803	157504	1.0
7823	105666	1.0
7823	583549	1.0
7823	451196	1.0
7876	533779	1.0
7879	102029	1.0
7879	372551	1.0
7879	421285	1.0
7880	272790	1.0
7880	85319	1.0
7911	57711	1.0
7911	131996	1.0
7925	318185	1.0
7925	251100	1.0
7925	503912	1.0
7925	310636	1.0
7925	402482	1.0
7925	438974	1.0
7928	480967	1.0
7928	118633	1.0
7928	501504	1.0
7928	499811	1.0
7936	293767	1.0
7936	363043	1.0
7936	336541	1.0
7992	559654	1.0
7992	264476	1.0
8002	118786	1.0
8002	265159	1.0
8002	34767	1.0
8005	48800	1.0
8013	496159	1.0
8013	224231	1.0
8017	97836	1.0
8034	597351	1.0
8040	523058	1.0
8072	394244	1.0
8072	169062	1.0
8072	31465	1.0
8079	108040	1.0
8079	57138	1.0
8079	95278	1.0
8102	552707	1.0
8102	557877	1.0
8102	378173	1.0
8102	90294	1.0
8116	236482	1.0
8116	433032	1.0
8121	432424	1.0
8202	513258	1.0
8202	93971	1.0
8230	319599	1.0
8230	363204	1.0
8247	42521	1.0
8247	475170	1.0
8247	321114	1.0
8247	465313	1.0
8271	415511	1.0
8271	376709	1.0
8275	294867	1.0
8296	78675	1.0
8296	79998	1.0
8332	328794	1.0
8332	232261	1.0
8332	445526	1.0
8351	273142	1.0
8351	472516	1.0
8378	178684	1.0
8378	102237	1.0
8378	125298	1.0
8456	257853	1.0
8456	510875	1.0
8456	486333	1.0
8475	494655	1.0
8475	240562	1.0
8475	293320	1.0
8475	104793	1.0
8475	437427	1.0
8475	444107	1.0
8475	481728	1.0
8507	509819	1.0
8507	370995	1.0
8507	351615	1.0
8512	32811	1.0
8513	270573	1.0
8532	416307	1.0
8532	27401	1.0
8532	320101	1.0
8537	6574	1.0
8539	218728	1.0
8539	292609	1.0
8539	196304	1.0
8539	396038	1.0
8544	214003	1.0
8544	267113	1.0
8592	340264	1.0
8592	441718	1.0
8592	261258	1.0
8632	43497	1.0
8632	213976	1.0
8635	67107	1.0
8635	240215	1.0
8702	135363	1.0
8702	345410	1.0
8702	157759	1.0
8779	180571	1.0
8779	209730	1.0
8789	87349	1.0
8789	70853	1.0
8789	41912	1.0
8795	57297	1.0
8832	94689	1.0
8834	133644	1.0
8834	521095	1.0
8834	12232	1.0
8834	197151	1.0
8834	203139	1.0
8834	569303	1.0
8855	208165	1.0
8855	474296	1.0
8855	312821	1.0
8874	403025	1.0
8934	244334	1.0
8934	116675	1.0
8937	469888	1.0
8947	455398	1.0
8947	461592	1.0
8959	250164	1.0
8970	187583	1.0
8970	96121	1.0
8974	140738	1.0
8974	216365	1.0
8974	523331	1.0
8974	134931	1.0
8974	356595	1.0
8974	170625	1.0
8974	10476	1.0
8974	478242	1.0
8982	454610	1.0
8982	200360	1.0
9060	511093	1.0
9060	40447	1.0
9088	569461	1.0
9088	561377	1.0
9108	272021	1.0
9108	472585	1.0
9115	158520	1.0
9115	207325	1.0
9115	422467	1.0
9126	514831	1.0
9164	305274	1.0
9164	365298	1.0
9164	263390	1.0
9174	431652	1.0
9174	535317	1.0
9174	160218	1.0
9174	544576	1.0
9174	405217	1.0
9188	265167	1.0
9188	580802	1.0
9245	194561	1.0
9275	338754	1.0
9275	14364	1.0
9291	96926	1.0
9291	480315	1.0
9296	435746	1.0
9296	206744	1.0
9329	523913	1.0
9329	326991	1.0
9332	271766	1.0
9381	408123	1.0
9381	384983	1.0
9385	403755	1.0
9391	136515	1.0
9391	283202	1.0
9391	248158	1.0
9391	503637	1.0
9403	6666	1.0
9403	328086	1.0
9403	345199	1.0
9481	30417	1.0
9481	402240	1.0
9487	165544	1.0
9548	297290	1.0
9556	37040	1.0
9565	292559	1.0
9565	478291	1.0
9598	379311	1.0
9617	408524	1.0
9617	364735	1.0
9617	314008	1.0
9633	534418	1.0
9633	585447	1.0
9643	112208	1.0
9644	194605	1.0
9646	556191	1.0
9646	272784	1.0
9668	13260	1.0
9668	42438	1.0
9668	111768	1.0
9701	387141	1.0
9701	357739	1.0
9733	526073	1.0
9733	110163	1.0
9733	38655	1.0
9735	392317	1.0
9737	245082	1.0
9737	419897	1.0
9737	99131	1.0
9771	263955	1.0
9771	28740	1.0
9808	40702	1.0
9808	557582	1.0
9808	431946	1.0
9824	574777	1.0
9871	448890	1.0
9871	76562	1.0
9871	40051	1.0
9871	170594	1.0
9882	65702	1.0
9925	374309	1.0
9925	289120	1.0
9929	266323	1.0
9929	568006	1.0
9961	21311	1.0
9979	538237	1.0
9979	35633	1.0
9979	337243	1.0
9979	35369	1.0
10034	480749	1.0
10034	181942	1.0
10039	67785	1.0
10109	28314	1.0
10109	506374	1.0
10109	93231	1.0
10109	156029	1.0
10109	406974	1.0
10109	499849	1.0
10109	566591	1.0
10122	570787	1.0
10122	139368	1.0
10122	273718	1.0
10122	259084	1.0
10136	526115	1.0
10136	152316	1.0
10136	290930	1.0
10137	57168	1.0
10152	113585	1.0
10183	66858	1.0
10183	314342	1.0
10213	380942	1.0
10213	270221	1.0
10213	545712	1.0
10246	512984	1.0
10246	77573	1.0
10267	17652	1.0
10267	457108	1.0
10267	424511	1.0
10267	328556	1.0
10267	460398	1.0
10414	79807	1.0
10414	303325	1.0
10447	382236	1.0
10447	152096	1.0
10447	300721	1.0
10462	8266	1.0
10462	11378	1.0
10462	35680	1.0
10462	437879	1.0
10462	204035	1.0
10462	581204	1.0
10482	549072	1.0
10497	304284	1.0
10497	147765	1.0
10497	34913	1.0
10497	398622	1.0
10497	575729	1.0
10497	31483	1.0
10497	159880	1.0
10497	71898	1.0
10497	196423	1.0
10497	445230	1.0
10526	39185	1.0
10526	283008	1.0
10547	571306	1.0
10558	222485	1.0
10558	483268	1.0
10596	284235	1.0
10596	316838	1.0
10596	208070	1.0
10596	164008	1.0
10596	413041	1.0
10601	568064	1.0
10628	588116	1.0
10639	431799	1.0
10639	495774	1.0
10639	278453	1.0
10639	163353	1.0
10639	187039	1.0
10645	588607	1.0
10645	22221	1.0
10674	99857	1.0
10674	257241	1.0
10674	543589	1.0
10674	3095	1.0
10710	6771	1.0
10734	589970	1.0
10734	263481	1.0
10734	470289	1.0
10734	225718	1.0
10734	426278	1.0
10734	62882	1.0
10792	195044	1.0
10792	374956	1.0
10808	28291	1.0
10808	487052	1.0
10808	484599	1.0
10809	103362	1.0
10809	286141	1.0
10809	242524	1.0
10812	451935	1.0
10812	46737	1.0
10812	314455	1.0
10812	342756	1.0
10827	160786	1.0
10827	42301	1.0
10827	7748	1.0
10827	107554	1.0
10827	95282	1.0
10845	191588	1.0
10912	518721	1.0
10932	104134	1.0
10975	61022	1.0
10979	148728	1.0
10979	164001	1.0
10979	362762	1.0
10979	121158	1.0
10994	496820	1.0
10994	212394	1.0
11039	53544	1.0
11039	202768	1.0
11039	353625	1.0
11039	293531	1.0
11039	249063	1.0
11039	79363	1.0
11039	330058	1.0
11039	91183	1.0
11054	155053	1.0
11054	321015	1.0
11088	437100	1.0
