android:11546	android:18572	1
android:82440	android:23010	1
android:82440	android:77782	1
android:82440	android:37697	1
android:82440	android:76985	1
android:82440	android:82489	1
android:82440	android:40412	1
android:82440	android:81115	1
android:82440	android:66489	1
android:82440	android:78789	1
android:36706	android:38722	1
android:36706	android:75291	1
android:36706	android:37292	1
android:36706	android:64505	1
android:19971	android:17152	1
android:19971	android:69036	1
android:19971	android:19894	1
android:19971	android:13405	1
android:19971	android:24575	1
android:19971	android:61376	1
android:19971	android:27749	1
android:19971	android:43042	1
android:19971	android:58123	1
android:19971	android:60680	1
android:19971	android:14766	1
android:19971	android:24966	1
android:19971	android:34078	1
android:19971	android:8616	1
android:19971	android:57628	1
android:19971	android:64304	1
android:19971	android:81224	1
android:19971	android:79509	1
android:19971	android:664	1
android:19971	android:78309	1
android:19971	android:51579	1
android:19971	android:26726	1
android:19971	android:6840	1
android:19971	android:25492	1
android:19971	android:46010	1
android:19971	android:78842	1
android:19971	android:22484	1
android:19971	android:55451	1
android:19971	android:10069	1
android:19971	android:58488	1
android:19971	android:11120	1
android:19971	android:15895	1
android:19971	android:69301	1
android:19971	android:4184	1
android:19971	android:49594	1
android:19971	android:25648	1
android:19971	android:36469	1
android:19971	android:55888	1
android:19971	android:768	1
android:19971	android:26161	1
android:19971	android:5094	1
android:19971	android:57171	1
android:19971	android:10990	1
android:19971	android:20113	1
android:19971	android:48214	1
android:19971	android:5443	1
android:19971	android:34361	1
android:19971	android:38551	1
android:19971	android:70236	1
android:19971	android:25258	1
android:19971	android:73035	1
android:19971	android:65709	1
android:19971	android:56822	1
android:19971	android:53675	1
android:19971	android:32584	1
android:19971	android:37220	1
android:19971	android:60863	1
android:19971	android:181	1
android:19971	android:44632	1
android:19971	android:23808	1
android:19971	android:81559	1
android:19971	android:77256	1
android:19971	android:64375	1
android:19971	android:24604	1
android:19971	android:40	1
android:19971	android:37532	1
android:19971	android:37314	1
android:19971	android:23590	1
android:19971	android:58250	1
android:19971	android:35014	1
android:19971	android:25552	1
android:19971	android:71339	1
android:19971	android:81967	1
android:19971	android:8037	1
android:19971	android:25164	1
android:19971	android:67221	1
android:19971	android:77077	1
android:19971	android:34136	1
android:19971	android:23515	1
android:19971	android:47027	1
android:19971	android:75791	1
android:19971	android:23349	1
android:19971	android:42377	1
android:19971	android:15715	1
android:19971	android:15779	1
android:19971	android:69357	1
android:19971	android:55256	1
android:19971	android:13762	1
android:19971	android:77353	1
android:19971	android:59291	1
android:19971	android:4997	1
android:19971	android:48063	1
android:19971	android:81978	1
android:19971	android:20195	1
android:19971	android:20016	1
android:19971	android:20600	1
android:19971	android:7180	1
android:19971	android:15464	1
android:19971	android:77081	1
android:19971	android:35850	1
android:19971	android:43434	1
android:19971	android:12153	1
android:19971	android:60102	1
android:19971	android:9687	1
android:19971	android:10408	1
android:19971	android:63547	1
android:19971	android:78176	1
android:19971	android:12762	1
android:19971	android:73235	1
android:19971	android:78850	1
android:19971	android:16672	1
android:19971	android:40964	1
android:19971	android:55535	1
android:19971	android:58068	1
android:19971	android:12045	1
android:19971	android:78496	1
android:19971	android:82137	1
android:19971	android:64411	1
android:19971	android:14353	1
android:19971	android:25354	1
android:19971	android:9248	1
android:19971	android:66179	1
android:19971	android:30259	1
android:19971	android:20602	1
android:19971	android:25870	1
android:19971	android:77140	1
android:19971	android:32929	1
android:19971	android:65619	1
android:19971	android:82055	1
android:19971	android:30750	1
android:19971	android:29394	1
android:19971	android:40960	1
android:19971	android:75159	1
android:19971	android:61649	1
android:19971	android:67675	1
android:19971	android:6849	1
android:19971	android:70287	1
android:19971	android:67994	1
android:19971	android:54550	1
android:19971	android:56155	1
android:19971	android:63816	1
android:19971	android:17140	1
android:19971	android:79577	1
android:19971	android:80678	1
android:19971	android:66066	1
android:19971	android:37452	1
android:19971	android:38426	1
android:19971	android:69804	1
android:19971	android:75904	1
android:19971	android:41568	1
android:19971	android:56112	1
android:19971	android:13510	1
android:19971	android:68035	1
android:19971	android:38779	1
android:19971	android:74811	1
android:19971	android:13618	1
android:19971	android:14907	1
android:19971	android:23935	1
android:19971	android:66694	1
android:19971	android:10862	1
android:19971	android:4678	1
android:19971	android:55877	1
android:19971	android:26461	1
android:19971	android:65009	1
android:19971	android:58997	1
android:19971	android:56289	1
android:19971	android:61190	1
android:19971	android:32663	1
android:19971	android:22879	1
android:19971	android:26532	1
android:19971	android:40914	1
android:19971	android:2889	1
android:19971	android:19376	1
android:19971	android:3932	1
android:19971	android:64526	1
android:19971	android:3475	1
android:19971	android:77907	1
android:19971	android:56952	1
android:19971	android:20782	1
android:19971	android:61162	1
android:19971	android:2695	1
android:19971	android:11355	1
android:19971	android:59891	1
android:19971	android:53201	1
android:19971	android:77420	1
android:19971	android:78650	1
android:19971	android:43289	1
android:19971	android:34499	1
android:19971	android:70020	1
android:19971	android:18425	1
android:19971	android:4797	1
android:19971	android:9656	1
android:19971	android:18788	1
android:19971	android:51204	1
android:19971	android:73179	1
android:19971	android:39397	1
android:19971	android:71369	1
android:19971	android:21919	1
android:19971	android:57662	1
android:19971	android:58572	1
android:19971	android:24495	1
android:19971	android:45107	1
android:19971	android:2129	1
android:19971	android:56278	1
android:19971	android:23225	1
android:19971	android:29389	1
android:19971	android:43624	1
android:19971	android:38074	1
android:19971	android:20850	1
android:19971	android:49832	1
android:19971	android:25116	1
android:19971	android:20013	1
android:19971	android:33981	1
android:19971	android:23613	1
android:19971	android:847	1
android:19971	android:5877	1
android:19971	android:55585	1
android:19971	android:12218	1
android:19971	android:37382	1
android:19971	android:64550	1
android:19971	android:57180	1
android:19971	android:13503	1
android:19971	android:64058	1
android:19971	android:53628	1
android:19971	android:25025	1
android:19971	android:51559	1
android:19971	android:57174	1
android:19971	android:60714	1
android:19971	android:63617	1
android:19971	android:48203	1
android:19971	android:22957	1
android:19971	android:925	1
android:19971	android:2297	1
android:19971	android:75673	1
android:19971	android:20906	1
android:19971	android:66472	1
android:19971	android:32589	1
android:19971	android:56110	1
android:19971	android:19853	1
android:19971	android:79628	1
android:19971	android:56135	1
android:19971	android:73480	1
android:19971	android:2225	1
android:19971	android:57514	1
android:19971	android:17662	1
android:19971	android:70137	1
android:19971	android:81004	1
android:19971	android:3430	1
android:19971	android:73149	1
android:19971	android:3340	1
android:19971	android:75234	1
android:19971	android:4278	1
android:19971	android:6498	1
android:19971	android:60747	1
android:19971	android:8843	1
android:19971	android:25974	1
android:19971	android:41046	1
android:19971	android:57684	1
android:19971	android:46814	1
android:19971	android:72864	1
android:19971	android:18827	1
android:19971	android:56848	1
android:64676	android:50491	1
android:63025	android:14218	1
android:21616	android:15361	1
android:21616	android:27214	1
android:21616	android:40145	1
android:21616	android:66754	1
android:21616	android:17462	1
android:21616	android:24028	1
android:21616	android:68243	1
android:21616	android:47796	1
android:21616	android:55241	1
android:21616	android:65039	1
android:21616	android:48924	1
android:21616	android:36471	1
android:21616	android:40344	1
android:45446	android:17587	1
android:45446	android:38295	1
android:54175	android:12330	1
android:54175	android:25430	1
android:54175	android:64111	1
android:54175	android:58294	1
android:54175	android:29350	1
android:54175	android:728	1
android:54175	android:26866	1
android:54175	android:55286	1
android:54175	android:17134	1
android:54175	android:58901	1
android:54175	android:12692	1
android:54175	android:6596	1
android:54175	android:56858	1
android:54175	android:19030	1
android:54175	android:5566	1
android:54175	android:47709	1
android:54175	android:15590	1
android:20256	android:50076	1
android:29769	android:69263	1
android:29769	android:31966	1
android:29769	android:80864	1
android:29769	android:75826	1
android:40963	android:20732	1
android:40963	android:26635	1
android:40963	android:22624	1
android:40963	android:53192	1
android:40963	android:21841	1
android:23508	android:23449	1
android:12831	android:82229	1
android:12834	android:78527	1
android:12834	android:77015	1
android:12834	android:50853	1
android:12834	android:69040	1
android:12834	android:69564	1
android:12834	android:77633	1
android:12834	android:81583	1
android:12834	android:48169	1
android:12834	android:64361	1
android:12834	android:59345	1
android:12834	android:41361	1
android:12834	android:74698	1
android:12834	android:64241	1
android:12834	android:47903	1
android:12834	android:75527	1
android:12834	android:39536	1
android:12834	android:72966	1
android:12834	android:76997	1
android:12834	android:82210	1
android:12834	android:37685	1
android:12834	android:75901	1
android:12834	android:81568	1
android:12834	android:48325	1
android:12834	android:75422	1
android:12834	android:79403	1
android:12834	android:75691	1
android:12834	android:25646	1
android:12834	android:3135	1
android:12834	android:42227	1
android:12834	android:53995	1
android:12834	android:54272	1
android:12834	android:54047	1
android:12834	android:25698	1
android:12834	android:48505	1
android:12834	android:38501	1
android:12834	android:49555	1
android:12834	android:47975	1
android:12834	android:48431	1
android:12834	android:80669	1
android:12834	android:64354	1
android:12834	android:28296	1
android:12834	android:54956	1
android:55624	android:17414	1
android:65261	android:14683	1
android:65261	android:75847	1
android:65261	android:79557	1
android:65261	android:78339	1
android:65261	android:77723	1
android:390	android:13606	1
android:390	android:23562	1
android:390	android:20296	1
android:390	android:35816	1
android:390	android:3062	1
android:390	android:11414	1
android:3742	android:2696	1
android:3742	android:558	1
android:3742	android:8364	1
android:3742	android:1823	1
android:3742	android:3334	1
android:3742	android:1703	1
android:3742	android:2770	1
android:3742	android:9184	1
android:3742	android:2425	1
android:3742	android:53223	1
android:3742	android:1691	1
android:3742	android:3235	1
android:3742	android:4944	1
android:3742	android:2058	1
android:3742	android:4395	1
android:3742	android:3261	1
android:3742	android:3872	1
android:3742	android:3431	1
android:3742	android:3665	1
android:3742	android:19467	1
android:3742	android:8901	1
android:15701	android:37308	1
android:6815	android:2065	1
android:6815	android:8213	1
android:6815	android:14567	1
android:6815	android:36536	1
android:6815	android:17233	1
android:6815	android:24445	1
android:6815	android:75095	1
android:6815	android:21976	1
android:6815	android:60023	1
android:6815	android:28037	1
android:6815	android:27127	1
android:6815	android:52049	1
android:6815	android:5519	1
android:6815	android:70094	1
android:6815	android:32608	1
android:6815	android:81271	1
android:6815	android:32691	1
android:30332	android:158	1
android:30332	android:755	1
android:30332	android:1349	1
android:30332	android:2258	1
android:30332	android:13758	1
android:30332	android:14820	1
android:30332	android:25983	1
android:30332	android:28779	1
android:30332	android:30211	1
android:30332	android:16924	1
android:30332	android:65066	1
android:30332	android:34810	1
android:30332	android:50077	1
android:30332	android:77121	1
android:30332	android:56265	1
android:30332	android:39693	1
android:30332	android:58382	1
android:30332	android:63865	1
android:30332	android:43476	1
android:30332	android:1949	1
android:30332	android:38146	1
android:30332	android:18488	1
android:30332	android:519	1
android:30332	android:49186	1
android:30332	android:4179	1
android:30332	android:18765	1
android:30332	android:55804	1
android:30332	android:55406	1
android:30332	android:9	1
android:30332	android:4089	1
android:10702	android:1784	1
android:10702	android:34489	1
android:44220	android:35847	1
android:44220	android:63352	1
android:44220	android:51927	1
android:44220	android:69949	1
android:44220	android:48447	1
android:44220	android:52918	1
android:44220	android:77679	1
android:44220	android:18587	1
android:44220	android:78119	1
android:44220	android:61594	1
android:44220	android:41873	1
android:44220	android:50961	1
android:44220	android:62523	1
android:44220	android:43086	1
android:44220	android:44831	1
android:44220	android:46164	1
android:44220	android:18029	1
android:44220	android:49091	1
android:44220	android:46545	1
android:44220	android:55361	1
android:44220	android:75121	1
android:44220	android:51536	1
android:44220	android:46482	1
android:44220	android:53761	1
android:44220	android:71459	1
android:44220	android:75689	1
android:44220	android:48295	1
android:44220	android:81937	1
android:44220	android:42426	1
android:44220	android:58254	1
android:44220	android:36860	1
android:44220	android:82140	1
android:44220	android:77659	1
android:44220	android:19606	1
android:44220	android:36342	1
android:44220	android:33471	1
android:44220	android:42105	1
android:44220	android:44821	1
android:44220	android:45701	1
android:44220	android:36131	1
android:44220	android:43155	1
android:44220	android:78983	1
android:44220	android:42233	1
android:44220	android:47389	1
android:44220	android:53355	1
android:44220	android:38373	1
android:44220	android:56685	1
android:44220	android:59431	1
android:44220	android:64521	1
android:44220	android:36030	1
android:44220	android:70096	1
android:44220	android:52397	1
android:44220	android:75778	1
android:41548	android:58458	1
android:41548	android:45160	1
android:12587	android:13275	1
android:44918	android:79310	1
android:65069	android:56595	1
android:18342	android:7069	1
android:18342	android:54474	1
android:18342	android:40625	1
android:18342	android:54938	1
android:75056	android:75684	1
android:75056	android:82293	1
android:75056	android:82428	1
android:45631	android:41813	1
android:9199	android:28080	1
android:9199	android:827	1
android:16915	android:57578	1
android:10519	android:46615	1
android:697	android:9127	1
android:24570	android:1	1
android:24570	android:236	1
android:24570	android:64481	1
android:24570	android:56745	1
android:24570	android:69734	1
android:24570	android:12666	1
android:24570	android:5223	1
android:62120	android:53426	1
android:55124	android:37141	1
android:55124	android:54660	1
android:23710	android:1934	1
android:27007	android:49115	1
android:56477	android:1759	1
android:56477	android:58092	1
android:56477	android:70250	1
android:56477	android:5381	1
android:56477	android:45952	1
android:56477	android:18186	1
android:56477	android:66226	1
android:56477	android:8612	1
android:56477	android:43092	1
android:56477	android:44183	1
android:56477	android:24194	1
android:56477	android:38138	1
android:56784	android:13347	1
android:64944	android:1369	1
android:64944	android:59175	1
android:33728	android:1964	1
android:14662	android:34958	1
android:14662	android:4998	1
android:14662	android:686	1
android:14662	android:47891	1
android:27821	android:9679	1
android:15138	android:9977	1
android:15138	android:48997	1
android:15138	android:15533	1
android:15138	android:19852	1
android:33894	android:4122	1
android:33894	android:4287	1
android:33894	android:77215	1
android:33894	android:64128	1
android:33894	android:26310	1
android:33894	android:34058	1
android:33894	android:44209	1
android:33894	android:47825	1
android:33894	android:28866	1
android:33894	android:42272	1
android:33894	android:7983	1
android:33894	android:53041	1
android:33894	android:75816	1
android:33894	android:68213	1
android:33894	android:48140	1
android:33894	android:39960	1
android:33894	android:24768	1
android:33894	android:26099	1
android:33894	android:62433	1
android:33894	android:16691	1
android:33894	android:27808	1
android:33894	android:55336	1
android:33894	android:17213	1
android:33894	android:41754	1
android:33894	android:13081	1
android:33894	android:55820	1
android:33894	android:75544	1
android:33894	android:10037	1
android:33894	android:81702	1
android:78118	android:39180	1
android:78118	android:77176	1
android:78113	android:4206	1
android:78113	android:61288	1
android:78113	android:34541	1
android:81812	android:23750	1
android:10351	android:10856	1
android:834	android:6851	1
android:834	android:19429	1
android:834	android:6625	1
android:834	android:50	1
android:834	android:8479	1
android:834	android:59755	1
android:834	android:63496	1
android:834	android:1559	1
android:834	android:47964	1
android:834	android:14825	1
android:834	android:20268	1
android:834	android:44752	1
android:834	android:41697	1
android:834	android:81846	1
android:834	android:28922	1
android:834	android:29495	1
android:834	android:54027	1
android:834	android:47175	1
android:834	android:17577	1
android:834	android:12300	1
android:834	android:11760	1
android:834	android:408	1
android:21515	android:15814	1
android:21515	android:53588	1
android:21515	android:73399	1
android:21515	android:18006	1
android:21515	android:70044	1
android:21515	android:23237	1
android:21515	android:20207	1
android:21515	android:58959	1
android:21515	android:25222	1
android:21515	android:78861	1
android:21515	android:35016	1
android:21515	android:7238	1
android:21515	android:9317	1
android:63346	android:63272	1
android:82179	android:1020	1
android:82179	android:54374	1
android:82179	android:22160	1
android:82179	android:51407	1
android:82179	android:30087	1
android:82179	android:9336	1
android:82179	android:41431	1
android:82179	android:46810	1
android:7774	android:38800	1
android:7774	android:8928	1
android:7774	android:8824	1
android:7774	android:29199	1
android:7772	android:2298	1
android:7772	android:9351	1
android:7772	android:45921	1
android:7772	android:28536	1
android:7772	android:63982	1
android:7772	android:43625	1
android:7772	android:68583	1
android:7772	android:22449	1
android:7772	android:6479	1
android:7772	android:68782	1
android:7772	android:56524	1
android:7772	android:38870	1
android:7772	android:39609	1
android:7772	android:28129	1
android:7772	android:43552	1
android:7772	android:16609	1
android:7772	android:11728	1
android:46552	android:7358	1
android:46552	android:30183	1
android:46552	android:18796	1
android:46552	android:52473	1
android:46552	android:18320	1
android:46552	android:751	1
android:9541	android:27470	1
android:9541	android:27083	1
android:9541	android:33125	1
android:9541	android:50675	1
android:48012	android:23969	1
android:79085	android:15869	1
android:79085	android:77628	1
android:79085	android:806	1
android:79085	android:74923	1
android:79085	android:50864	1
android:79085	android:81285	1
android:79085	android:41937	1
android:79085	android:23081	1
android:79085	android:32135	1
android:79085	android:19963	1
android:79085	android:56407	1
android:79085	android:66204	1
android:79085	android:32417	1
android:78682	android:22373	1
android:78682	android:23858	1
android:78682	android:23473	1
android:78682	android:68947	1
android:78682	android:4210	1
android:25693	android:476	1
android:25693	android:7001	1
android:25693	android:576	1
android:25693	android:26363	1
android:25693	android:266	1
android:25693	android:11485	1
android:74798	android:12538	1
android:74798	android:11291	1
android:74798	android:62056	1
android:74798	android:83	1
android:74798	android:19201	1
android:74798	android:7134	1
android:74798	android:29792	1
android:74798	android:62646	1
android:74798	android:5918	1
android:74798	android:29282	1
android:74798	android:896	1
android:74798	android:73559	1
android:74798	android:77307	1
android:74798	android:19113	1
android:74798	android:11154	1
android:61297	android:24332	1
android:61297	android:54831	1
android:37417	android:18580	1
android:14490	android:9497	1
android:17433	android:987	1
android:17433	android:16588	1
android:17433	android:21207	1
android:62376	android:47948	1
android:11872	android:16115	1
android:11872	android:16499	1
android:82323	android:50328	1
android:82323	android:75401	1
android:82323	android:58667	1
android:82323	android:69513	1
android:57001	android:51753	1
android:37	android:4779	1
android:27415	android:29193	1
android:27417	android:12150	1
android:73197	android:24039	1
android:73197	android:39892	1
android:73197	android:55387	1
android:22133	android:20457	1
android:51645	android:38388	1
android:51645	android:60030	1
android:51645	android:79016	1
android:37599	android:32948	1
android:37599	android:39285	1
android:37599	android:60926	1
android:37590	android:37327	1
android:37590	android:39562	1
android:1931	android:6540	1
android:1931	android:81338	1
android:1931	android:25624	1
android:39137	android:33291	1
android:39137	android:32857	1
android:39137	android:29697	1
android:39137	android:61245	1
android:39137	android:29488	1
android:39137	android:52983	1
android:39137	android:35493	1
android:39137	android:43383	1
android:39137	android:29677	1
android:21151	android:18232	1
android:21151	android:24752	1
android:21151	android:37470	1
android:21151	android:49604	1
android:21151	android:17228	1
android:21151	android:27250	1
android:21151	android:26459	1
android:21151	android:18312	1
android:21151	android:41045	1
android:37246	android:15388	1
android:37246	android:48788	1
android:58623	android:59664	1
android:29538	android:285	1
android:50751	android:341	1
android:50751	android:48266	1
android:50751	android:68822	1
android:50751	android:4236	1
android:16962	android:6331	1
android:2466	android:18908	1
android:2466	android:15065	1
android:2466	android:55189	1
android:2466	android:12703	1
android:2466	android:9357	1
android:2461	android:1159	1
android:2462	android:3197	1
android:37020	android:1468	1
android:37020	android:70110	1
android:37020	android:8194	1
android:37020	android:3769	1
android:45054	android:66037	1
android:77601	android:26632	1
android:77601	android:29976	1
android:77601	android:28987	1
android:38409	android:33142	1
android:16236	android:22541	1
android:7081	android:143	1
android:6949	android:57683	1
android:6949	android:44357	1
android:28970	android:22239	1
android:7866	android:15263	1
android:7866	android:11217	1
android:7866	android:43429	1
android:12129	android:5039	1
android:10414	android:29637	1
android:9327	android:823	1
android:9327	android:27817	1
android:9327	android:28515	1
android:9327	android:29411	1
android:9325	android:1485	1
android:9325	android:366	1
android:48364	android:44144	1
android:45069	android:23391	1
android:28551	android:4418	1
android:28551	android:65105	1
android:28551	android:7790	1
android:28551	android:37604	1
android:28551	android:39682	1
android:32312	android:7145	1
android:32312	android:14169	1
android:32312	android:73499	1
android:55933	android:52580	1
android:52929	android:42385	1
android:60838	android:31951	1
android:26142	android:50775	1
android:58843	android:73427	1
android:34948	android:48121	1
android:33994	android:49689	1
android:39344	android:3091	1
android:39344	android:45815	1
android:33526	android:16149	1
android:77102	android:77075	1
android:77106	android:38297	1
android:77104	android:52725	1
android:14884	android:15216	1
android:1600	android:1758	1
android:40304	android:701	1
android:5471	android:5514	1
android:29907	android:26178	1
android:47651	android:45008	1
android:47650	android:56587	1
android:48931	android:20599	1
android:48931	android:57554	1
android:16137	android:10229	1
android:16137	android:69084	1
android:10996	android:10548	1
android:65442	android:34477	1
android:9422	android:7099	1
android:9422	android:23701	1
android:42771	android:49908	1
android:20440	android:20143	1
android:9289	android:10930	1
android:63322	android:18008	1
android:63322	android:27143	1
android:63322	android:78961	1
android:63322	android:18668	1
android:24379	android:25626	1
android:28711	android:2492	1
android:28711	android:18644	1
android:28711	android:42206	1
android:28711	android:46982	1
android:28711	android:81448	1
android:28711	android:2131	1
android:28711	android:54883	1
android:28711	android:44215	1
android:28711	android:63920	1
android:28711	android:75665	1
android:28711	android:26215	1
android:28711	android:65667	1
android:28711	android:52099	1
android:28711	android:47	1
android:55010	android:20369	1
android:55010	android:58097	1
android:32878	android:32469	1
android:32878	android:26133	1
android:32298	android:3134	1
android:32298	android:9929	1
android:74933	android:75166	1
android:3799	android:3810	1
android:4319	android:7558	1
android:15001	android:77416	1
android:15009	android:21892	1
android:20606	android:53903	1
android:15943	android:4421	1
android:15947	android:56188	1
android:1033	android:12234	1
android:1035	android:17290	1
android:61311	android:15042	1
android:8082	android:10295	1
android:8082	android:10488	1
android:25178	android:601	1
android:10811	android:5652	1
android:10811	android:20199	1
android:10811	android:16806	1
android:10811	android:25016	1
android:10811	android:37788	1
android:10811	android:22435	1
android:56258	android:60194	1
android:56258	android:62684	1
android:56258	android:56415	1
android:56258	android:58326	1
android:56258	android:58089	1
android:56258	android:59673	1
android:56258	android:58115	1
android:56258	android:65954	1
android:56258	android:59210	1
android:56258	android:69557	1
android:56258	android:60705	1
android:56252	android:41922	1
android:65762	android:73217	1
android:61866	android:35452	1
android:81025	android:61540	1
android:81025	android:49509	1
android:81023	android:39548	1
android:81023	android:44128	1
android:58346	android:25491	1
android:68687	android:82487	1
android:68680	android:68676	1
android:609	android:345	1
android:31858	android:25964	1
android:38486	android:13335	1
android:38486	android:24345	1
android:30487	android:18111	1
android:30487	android:11812	1
android:30487	android:20118	1
android:30487	android:17114	1
android:7003	android:44600	1
android:748	android:20456	1
android:22802	android:80692	1
android:12650	android:5113	1
android:69480	android:63630	1
android:69480	android:60022	1
android:69480	android:77134	1
android:69480	android:82359	1
android:69480	android:75344	1
android:69480	android:46857	1
android:69480	android:20364	1
android:69480	android:37839	1
android:19844	android:65135	1
android:44620	android:55025	1
android:40813	android:16257	1
android:8436	android:19939	1
android:34984	android:27690	1
android:9826	android:9997	1
android:2581	android:64255	1
android:36899	android:2958	1
android:36899	android:43605	1
android:24079	android:13452	1
android:68235	android:9108	1
android:37855	android:37874	1
android:6603	android:48574	1
android:33329	android:4117	1
android:33329	android:12616	1
android:33329	android:48906	1
android:33329	android:14278	1
android:33329	android:81880	1
android:33329	android:65989	1
android:33329	android:7504	1
android:40383	android:45695	1
android:30674	android:37580	1
android:44861	android:32673	1
android:44861	android:41518	1
android:44860	android:42347	1
android:44860	android:60664	1
android:60547	android:16389	1
android:46296	android:11407	1
android:46296	android:53997	1
android:46296	android:16515	1
android:63014	android:62963	1
android:63014	android:63028	1
android:63014	android:62756	1
android:63014	android:62959	1
android:63014	android:62969	1
android:53497	android:26846	1
android:2906	android:4491	1
android:11885	android:16870	1
android:11885	android:1051	1
android:11884	android:5495	1
android:11884	android:2097	1
android:11884	android:9627	1
android:20198	android:5228	1
android:54144	android:54902	1
android:54144	android:79030	1
android:54144	android:57810	1
android:66538	android:81906	1
android:74612	android:42983	1
android:8576	android:16472	1
android:8570	android:20826	1
android:8570	android:8738	1
android:3717	android:927	1
android:3717	android:28891	1
android:3717	android:24670	1
android:3717	android:57532	1
android:36468	android:3680	1
android:36468	android:17315	1
android:75916	android:43444	1
android:75916	android:42409	1
android:75916	android:75924	1
android:39424	android:78901	1
android:73415	android:73404	1
android:44270	android:65695	1
android:42820	android:78384	1
android:5084	android:7906	1
android:5084	android:77484	1
android:5084	android:77485	1
android:33515	android:23396	1
android:33515	android:33811	1
android:33512	android:7079	1
android:65097	android:1184	1
android:65097	android:1009	1
android:65097	android:5777	1
android:65097	android:19036	1
android:65097	android:77900	1
android:65097	android:68118	1
android:65097	android:3143	1
android:65097	android:9306	1
android:65097	android:4473	1
android:16078	android:18972	1
android:16078	android:19401	1
android:16078	android:19940	1
android:16078	android:2569	1
android:16078	android:53384	1
android:13605	android:38378	1
android:13605	android:81915	1
android:2310	android:1359	1
android:5855	android:4099	1
android:21296	android:25585	1
android:12233	android:4504	1
android:27387	android:1114	1
android:32009	android:25584	1
android:3521	android:60395	1
android:3521	android:38340	1
android:37787	android:2305	1
android:37787	android:70179	1
android:37787	android:52651	1
android:14651	android:7030	1
android:21556	android:37871	1
android:68459	android:56661	1
android:68459	android:82470	1
android:68459	android:67225	1
android:68459	android:69888	1
android:68459	android:82508	1
android:68459	android:57456	1
android:68459	android:69985	1
android:27816	android:73428	1
android:27816	android:59479	1
android:27816	android:39602	1
android:27816	android:34127	1
android:47202	android:39823	1
android:47202	android:63033	1
android:47202	android:53816	1
android:47202	android:65247	1
android:39583	android:78993	1
android:20728	android:36377	1
android:42325	android:6736	1
android:42325	android:7967	1
android:59632	android:1699	1
android:59632	android:25731	1
android:59632	android:5826	1
android:59632	android:78829	1
android:59632	android:82156	1
android:59632	android:8910	1
android:40897	android:26917	1
android:801	android:2885	1
android:801	android:20656	1
android:801	android:24684	1
android:801	android:68404	1
android:801	android:6028	1
android:801	android:36084	1
android:801	android:6183	1
android:56119	android:78041	1
android:16220	android:38769	1
android:16220	android:19673	1
android:16220	android:75508	1
android:58221	android:50025	1
android:58221	android:50780	1
android:34507	android:12626	1
android:34507	android:51554	1
android:34507	android:64515	1
android:34507	android:33901	1
android:67797	android:58828	1
android:28662	android:54338	1
android:61246	android:26855	1
android:27224	android:36843	1
android:51153	android:58297	1
android:51153	android:75543	1
android:51153	android:59243	1
android:51153	android:20503	1
android:15828	android:982	1
android:33941	android:22997	1
android:33941	android:23097	1
android:33941	android:81014	1
android:33941	android:68120	1
android:5667	android:650	1
android:5667	android:45972	1
android:12047	android:7851	1
android:43795	android:45499	1
android:81145	android:31928	1
android:38806	android:37443	1
android:17402	android:28823	1
android:58793	android:14555	1
android:58793	android:61736	1
android:54237	android:35367	1
android:54237	android:21773	1
android:54237	android:79180	1
android:54237	android:42234	1
android:40917	android:40945	1
android:50448	android:50883	1
android:1102	android:11400	1
android:1102	android:1629	1
android:1102	android:64786	1
android:53672	android:22018	1
android:64569	android:64373	1
android:2773	android:68487	1
android:49271	android:54397	1
android:78576	android:22884	1
android:3072	android:59389	1
android:3079	android:66073	1
android:3079	android:56613	1
android:483	android:30556	1
android:77444	android:5796	1
android:77444	android:71560	1
android:77444	android:28474	1
android:77444	android:81281	1
android:5005	android:1204	1
android:44608	android:56491	1
android:44608	android:65992	1
android:44608	android:79494	1
android:44608	android:75478	1
android:44608	android:81365	1
android:44608	android:74668	1
android:44608	android:66872	1
android:41514	android:77736	1
android:14764	android:36978	1
android:13683	android:15220	1
android:34704	android:82308	1
android:13102	android:8011	1
android:54069	android:164	1
android:54069	android:6009	1
android:54069	android:2207	1
android:54069	android:3339	1
android:54069	android:7224	1
android:54069	android:35943	1
android:54069	android:66777	1
android:54069	android:9168	1
android:67504	android:28599	1
android:29502	android:27484	1
android:55733	android:57091	1
android:8321	android:775	1
android:55887	android:62750	1
android:79214	android:43906	1
android:23404	android:25225	1
android:23404	android:40462	1
android:41496	android:19092	1
android:9545	android:44033	1
android:15404	android:66717	1
android:19184	android:14421	1
android:941	android:14430	1
android:941	android:8764	1
android:941	android:33216	1
android:941	android:19809	1
android:941	android:37447	1
android:64266	android:43707	1
android:59861	android:61155	1
android:29208	android:2603	1
android:29208	android:28581	1
android:21779	android:21967	1
android:67714	android:53757	1
android:1431	android:28148	1
android:1431	android:24268	1
android:35189	android:31933	1
android:26170	android:15932	1
android:26170	android:28887	1
android:26170	android:2622	1
android:33496	android:51232	1
android:33496	android:77228	1
android:33496	android:65382	1
android:40030	android:12332	1
android:15645	android:29165	1
android:15640	android:6896	1
android:78045	android:59528	1
android:43718	android:77494	1
android:80901	android:25065	1
android:41023	android:2086	1
android:41023	android:57064	1
android:41023	android:62653	1
android:14256	android:24429	1
android:72943	android:7169	1
android:72943	android:75807	1
android:72943	android:73253	1
android:72943	android:44615	1
android:69779	android:38129	1
android:69779	android:53803	1
android:69770	android:69552	1
android:22905	android:23989	1
android:27996	android:27508	1
android:28745	android:34227	1
android:32829	android:9905	1
android:73275	android:25502	1
android:65860	android:25200	1
android:65860	android:66280	1
android:75848	android:2392	1
android:75260	android:74973	1
android:549	android:35427	1
android:549	android:23571	1
android:6567	android:7232	1
android:39160	android:57898	1
android:16657	android:2700	1
android:16657	android:26621	1
android:16657	android:37142	1
android:12729	android:12807	1
android:12723	android:80931	1
android:46806	android:8295	1
android:13185	android:9550	1
android:61323	android:36521	1
android:25149	android:46731	1
android:2432	android:38179	1
android:2432	android:21112	1
android:2432	android:49771	1
android:2432	android:53873	1
android:2432	android:38256	1
android:2432	android:38460	1
android:2437	android:11429	1
android:21240	android:12962	1
android:21240	android:45951	1
android:1805	android:5539	1
android:1805	android:17549	1
android:58318	android:57188	1
android:34618	android:19333	1
android:50040	android:3436	1
android:50040	android:6799	1
android:50040	android:6462	1
android:50040	android:5191	1
android:55272	android:10093	1
android:39707	android:63504	1
android:37736	android:20032	1
android:37736	android:36828	1
android:37736	android:63499	1
android:37736	android:81716	1
android:37736	android:65208	1
android:11333	android:3002	1
android:11333	android:49799	1
android:11333	android:4510	1
android:43482	android:45491	1
android:80703	android:58168	1
android:69304	android:59554	1
android:62217	android:49114	1
android:59689	android:14731	1
android:1217	android:1071	1
android:1217	android:8733	1
android:78964	android:63712	1
android:78964	android:78971	1
android:26463	android:26123	1
android:65366	android:65412	1
android:30144	android:7593	1
android:3106	android:20771	1
android:75755	android:4955	1
android:75755	android:79280	1
android:75755	android:34059	1
android:75755	android:82333	1
android:75755	android:48904	1
android:75755	android:45168	1
android:75755	android:45240	1
android:52403	android:34647	1
android:9237	android:29875	1
android:12347	android:55100	1
android:53467	android:64528	1
android:68447	android:68457	1
android:62373	android:40763	1
android:27673	android:6981	1
android:27673	android:11327	1
android:26238	android:5414	1
android:26238	android:66260	1
android:26238	android:63915	1
android:26238	android:55104	1
android:26239	android:25254	1
android:77858	android:25210	1
android:19336	android:29511	1
android:18528	android:14958	1
android:50901	android:2026	1
android:50901	android:22797	1
android:50901	android:23919	1
android:50901	android:43495	1
android:20513	android:12608	1
android:20513	android:40465	1
android:20513	android:77070	1
android:20513	android:79095	1
android:20513	android:9101	1
android:20513	android:81262	1
android:75382	android:26860	1
android:26001	android:27064	1
android:75030	android:58592	1
android:40754	android:50744	1
android:42761	android:26896	1
android:35956	android:35794	1
android:19726	android:18958	1
android:17319	android:33701	1
android:4706	android:7073	1
android:69387	android:44873	1
android:17642	android:17338	1
android:20751	android:65570	1
android:8772	android:8090	1
android:57295	android:56857	1
android:24084	android:33092	1
android:23055	android:79075	1
android:29109	android:62694	1
android:73075	android:73369	1
android:4623	android:44642	1
android:18935	android:18936	1
android:18930	android:18812	1
android:11339	android:13958	1
android:16725	android:81425	1
android:12033	android:54811	1
android:58056	android:41456	1
android:1156	android:8112	1
android:48839	android:4142	1
android:48839	android:16780	1
android:48839	android:69970	1
android:48839	android:59457	1
android:42681	android:40517	1
android:67317	android:28282	1
android:28896	android:21015	1
android:81540	android:81555	1
android:12262	android:18297	1
android:12262	android:18621	1
android:12265	android:19119	1
android:24825	android:53103	1
android:25193	android:23199	1
android:58906	android:71341	1
android:33702	android:35836	1
android:46597	android:45943	1
android:81832	android:81835	1
android:10336	android:18989	1
android:10336	android:11373	1
android:45361	android:4187	1
android:45944	android:45652	1
android:49079	android:46873	1
android:57211	android:2078	1
android:64186	android:9642	1
android:64186	android:51622	1
android:64186	android:54982	1
android:64186	android:37698	1
android:64186	android:21660	1
android:4158	android:3036	1
android:78373	android:70215	1
android:28637	android:20733	1
android:32373	android:29416	1
android:32373	android:31836	1
android:55953	android:66741	1
android:71693	android:2997	1
android:14168	android:15014	1
android:72900	android:51201	1
android:72900	android:75103	1
android:14162	android:21308	1
android:14164	android:12702	1
android:4062	android:43512	1
android:4064	android:2171	1
android:19992	android:19985	1
android:42097	android:26879	1
android:42097	android:73155	1
android:42097	android:40399	1
android:59726	android:23046	1
android:59098	android:59082	1
android:80936	android:29447	1
android:338	android:20215	1
android:65288	android:45178	1
android:53256	android:81293	1
android:67068	android:45834	1
android:26745	android:3930	1
android:24427	android:23742	1
android:18876	android:18243	1
android:22028	android:22034	1
android:18121	android:14546	1
android:38246	android:37992	1
android:30095	android:29706	1
android:15066	android:899	1
android:26372	android:78730	1
android:58322	android:30527	1
android:78711	android:14910	1
android:78711	android:63454	1
android:78711	android:32430	1
android:78711	android:52622	1
android:78711	android:23595	1
android:78711	android:48908	1
android:4251	android:39353	1
android:76976	android:27	1
android:7064	android:19690	1
android:46060	android:45779	1
android:46065	android:81154	1
android:16836	android:45705	1
android:25635	android:37321	1
android:71611	android:48689	1
android:71613	android:64860	1
android:15615	android:4649	1
android:8299	android:4996	1
android:69837	android:17657	1
android:46186	android:77616	1
android:54839	android:5154	1
android:21512	android:22867	1
android:21512	android:29877	1
android:58770	android:63863	1
android:66595	android:22848	1
android:66595	android:81292	1
android:66595	android:65553	1
android:74672	android:39542	1
android:65816	android:46499	1
android:2172	android:3089	1
android:14046	android:8850	1
android:14046	android:28298	1
android:37397	android:33064	1
android:30541	android:40737	1
android:65744	android:45320	1
android:40934	android:45928	1
android:81597	android:45920	1
android:48720	android:48722	1
android:67878	android:21141	1
android:67878	android:30322	1
android:67878	android:47263	1
android:67878	android:44205	1
android:27321	android:27367	1
android:77981	android:21566	1
android:12639	android:61029	1
android:52498	android:25359	1
android:52498	android:79484	1
android:52498	android:44080	1
android:52498	android:37185	1
android:52498	android:28217	1
android:62552	android:5948	1
android:62552	android:13284	1
android:1799	android:27268	1
android:29452	android:6435	1
android:32405	android:17871	1
android:22841	android:8877	1
android:66285	android:41166	1
android:29152	android:53447	1
android:55366	android:6216	1
android:33308	android:68268	1
android:14426	android:2951	1
android:14426	android:34115	1
android:14426	android:17422	1
android:14426	android:11449	1
android:82474	android:7686	1
android:9269	android:7571	1
android:23537	android:15049	1
android:23537	android:20450	1
android:12802	android:26813	1
android:65878	android:65844	1
android:38510	android:38329	1
android:38510	android:73285	1
android:8025	android:8260	1
android:13662	android:15598	1
android:13662	android:224	1
android:13662	android:6432	1
android:21520	android:21550	1
android:53572	android:3219	1
android:53572	android:12275	1
android:26826	android:637	1
android:26826	android:38258	1
android:26826	android:48733	1
android:25707	android:14630	1
android:55866	android:876	1
android:14677	android:4218	1
android:38610	android:12097	1
android:58459	android:50721	1
android:79004	android:79044	1
android:79004	android:79022	1
android:6240	android:13196	1
android:5251	android:11991	1
android:11129	android:9577	1
android:12470	android:33479	1
android:7763	android:23224	1
android:43176	android:79636	1
android:17159	android:34248	1
android:1452	android:25511	1
android:22357	android:7254	1
android:67157	android:67142	1
android:33964	android:17994	1
android:38002	android:14023	1
android:21119	android:13448	1
android:21119	android:27473	1
android:21119	android:34573	1
android:21119	android:25008	1
android:21119	android:63354	1
android:21119	android:57300	1
android:21119	android:20045	1
android:62349	android:77874	1
android:58665	android:58786	1
android:58665	android:57548	1
android:22148	android:22642	1
android:4447	android:72954	1
android:17584	android:17346	1
android:12250	android:15519	1
android:54590	android:43357	1
android:54590	android:43672	1
android:20855	android:46999	1
android:59270	android:59482	1
android:4267	android:5011	1
android:29223	android:32805	1
android:45071	android:39265	1
android:23622	android:32977	1
android:23620	android:23683	1
android:73089	android:2198	1
android:73089	android:6731	1
android:73089	android:13695	1
android:61198	android:61133	1
android:26157	android:38649	1
android:26157	android:28226	1
android:43998	android:44058	1
android:7680	android:13974	1
android:7680	android:15919	1
android:2203	android:89	1
android:2203	android:710	1
android:2203	android:37810	1
android:2203	android:63888	1
android:2203	android:25561	1
android:2203	android:36838	1
android:69759	android:14231	1
android:69759	android:28731	1
android:69759	android:44267	1
android:32115	android:31915	1
android:77838	android:63904	1
android:77838	android:67724	1
android:77838	android:73164	1
android:15953	android:10082	1
android:56269	android:25623	1
android:62749	android:75730	1
android:632	android:216	1
android:632	android:55995	1
android:24646	android:2472	1
android:22778	android:26584	1
android:77670	android:4003	1
android:47290	android:1120	1
android:47290	android:31804	1
android:47290	android:14873	1
android:47290	android:38645	1
android:80723	android:57824	1
android:12665	android:4391	1
android:20946	android:20947	1
android:50611	android:49465	1
android:17640	android:43361	1
android:17210	android:18269	1
android:2916	android:13569	1
android:2916	android:25535	1
android:60940	android:61366	1
android:42854	android:37570	1
android:11099	android:10112	1
android:19094	android:29630	1
android:54337	android:78517	1
android:77542	android:39431	1
android:35541	android:35699	1
android:73392	android:24436	1
android:14628	android:25854	1
android:47213	android:59884	1
android:35931	android:33610	1
android:18823	android:37997	1
android:36822	android:20619	1
android:78397	android:78627	1
android:28652	android:8276	1
android:28652	android:48594	1
android:28652	android:19861	1
android:152	android:967	1
android:39809	android:4132	1
android:39805	android:63680	1
android:15581	android:54005	1
android:39382	android:57658	1
android:21654	android:15383	1
android:40924	android:44398	1
android:40924	android:66055	1
android:53898	android:44249	1
android:52140	android:55993	1
android:7932	android:20165	1
android:37230	android:36629	1
android:37230	android:27156	1
android:53064	android:66431	1
android:53064	android:53395	1
android:30030	android:20230	1
android:8072	android:7970	1
android:20317	android:29384	1
android:25750	android:65086	1
android:35351	android:39372	1
android:5206	android:16	1
android:5206	android:19487	1
android:15434	android:66436	1
android:6908	android:7105	1
android:7731	android:32162	1
android:54919	android:35302	1
android:68889	android:49888	1
android:32979	android:33054	1
android:32974	android:18663	1
android:40028	android:40411	1
android:13368	android:13693	1
android:2254	android:4574	1
android:46259	android:45988	1
android:22912	android:25797	1
android:17736	android:6042	1
android:17736	android:130	1
android:20405	android:20525	1
android:32789	android:22979	1
android:51601	android:51253	1
android:14718	android:12912	1
android:36794	android:23322	1
android:74828	android:69553	1
android:43517	android:22452	1
android:29631	android:6372	1
android:34625	android:57778	1
android:76996	android:77001	1
android:31811	android:1624	1
android:31811	android:56687	1
android:47822	android:42641	1
android:40446	android:75613	1
android:9361	android:2245	1
android:9361	android:20055	1
android:58499	android:18250	1
android:27725	android:2535	1
android:20938	android:13305	1
android:47613	android:3986	1
android:47613	android:35819	1
android:26226	android:14249	1
android:26226	android:28644	1
android:14795	android:10922	1
android:39435	android:24398	1
android:39435	android:29494	1
android:25278	android:3963	1
android:25278	android:7240	1
android:33798	android:37754	1
android:30448	android:62601	1
android:18065	android:28136	1
android:39230	android:47833	1
android:51252	android:52749	1
android:65394	android:10253	1
android:67136	android:2871	1
android:25847	android:32659	1
android:22003	android:4053	1
android:4657	android:4632	1
android:55067	android:56020	1
android:38351	android:11789	1
android:13069	android:21183	1
android:13069	android:21369	1
android:23513	android:18774	1
android:8536	android:33390	1
android:75520	android:13954	1
android:9767	android:9961	1
android:37371	android:37434	1
android:75889	android:49262	1
android:18777	android:46965	1
android:10523	android:48751	1
android:32598	android:35818	1
android:21861	android:7621	1
android:64974	android:41839	1
android:71565	android:33814	1
android:12412	android:1841	1
android:19279	android:6592	1
android:15688	android:770	1
android:15688	android:6922	1
android:16186	android:8301	1
android:64520	android:64380	1
android:32759	android:64366	1
android:36182	android:75822	1
android:7135	android:8061	1
android:39128	android:27516	1
android:17482	android:18919	1
android:45	android:21523	1
android:23440	android:34873	1
android:8449	android:995	1
android:24959	android:25024	1
android:24126	android:3476	1
android:6693	android:14853	1
android:80943	android:81056	1
android:8674	android:55373	1
android:28851	android:58477	1
android:63983	android:64070	1
android:81055	android:40761	1
android:81210	android:8416	1
android:64381	android:77774	1
android:43876	android:24609	1
android:21280	android:3983	1
android:78472	android:10115	1
android:78472	android:78510	1
android:30293	android:57592	1
android:7237	android:3527	1
android:57257	android:58334	1
android:24293	android:25349	1
android:32914	android:3359	1
android:38010	android:27360	1
android:21991	android:7351	1
android:52046	android:80768	1
android:52044	android:34444	1
android:30216	android:19217	1
android:25905	android:6034	1
android:61184	android:61182	1
android:6494	android:14467	1
android:47577	android:418	1
android:1198	android:52990	1
android:64848	android:58273	1
android:25422	android:21965	1
android:32106	android:32046	1
android:16367	android:27658	1
android:2405	android:77155	1
android:38123	android:66985	1
android:78828	android:63481	1
android:6557	android:4738	1
android:63386	android:63381	1
android:29845	android:12114	1
android:20746	android:8290	1
android:73045	android:39687	1
android:64547	android:24342	1
android:25948	android:33065	1
android:10118	android:4345	1
android:61210	android:61212	1
programmers:88392	programmers:203507	1
programmers:16708	programmers:66393	1
programmers:16708	programmers:239180	1
programmers:16708	programmers:29852	1
programmers:88028	programmers:48697	1
programmers:64671	programmers:203618	1
programmers:23507	programmers:194398	1
programmers:8544	programmers:99935	1
programmers:145437	programmers:108240	1
programmers:145437	programmers:229691	1
programmers:145437	programmers:207207	1
programmers:145437	programmers:180001	1
programmers:145437	programmers:131332	1
programmers:145437	programmers:129075	1
programmers:145437	programmers:113313	1
programmers:145437	programmers:245907	1
programmers:145437	programmers:239189	1
programmers:145437	programmers:109602	1
programmers:145437	programmers:41740	1
programmers:145437	programmers:163459	1
programmers:164599	programmers:175824	1
programmers:3747	programmers:100680	1
programmers:3747	programmers:43948	1
programmers:3747	programmers:155488	1
programmers:3747	programmers:131052	1
programmers:3747	programmers:141005	1
programmers:3747	programmers:253273	1
programmers:3747	programmers:47416	1
programmers:3747	programmers:211528	1
programmers:3747	programmers:121844	1
programmers:3747	programmers:78881	1
programmers:3747	programmers:221144	1
programmers:3747	programmers:34227	1
programmers:3747	programmers:167209	1
programmers:3747	programmers:247034	1
programmers:3747	programmers:29788	1
programmers:3747	programmers:228468	1
programmers:3747	programmers:141968	1
programmers:3747	programmers:114316	1
programmers:3747	programmers:170109	1
programmers:3747	programmers:39386	1
programmers:3747	programmers:204639	1
programmers:3747	programmers:114835	1
programmers:3747	programmers:126224	1
programmers:3747	programmers:222641	1
programmers:3747	programmers:102649	1
programmers:3747	programmers:222544	1
programmers:3747	programmers:178856	1
programmers:3747	programmers:6395	1
programmers:3747	programmers:167492	1
programmers:3747	programmers:6268	1
programmers:3747	programmers:237891	1
programmers:3747	programmers:109262	1
programmers:3747	programmers:171295	1
programmers:3747	programmers:68399	1
programmers:3747	programmers:192089	1
programmers:3747	programmers:196847	1
programmers:3747	programmers:16326	1
programmers:3747	programmers:202757	1
programmers:3747	programmers:190048	1
programmers:3747	programmers:115839	1
programmers:3747	programmers:171652	1
programmers:3747	programmers:198244	1
programmers:3747	programmers:220235	1
programmers:3747	programmers:238007	1
programmers:3747	programmers:239018	1
programmers:3747	programmers:21538	1
programmers:3747	programmers:188292	1
programmers:3747	programmers:174770	1
programmers:3747	programmers:132977	1
programmers:3747	programmers:199870	1
programmers:3747	programmers:253622	1
programmers:3747	programmers:228702	1
programmers:3747	programmers:146471	1
programmers:3747	programmers:252588	1
programmers:3747	programmers:95589	1
programmers:3747	programmers:101391	1
programmers:3747	programmers:205786	1
programmers:3747	programmers:199144	1
programmers:3747	programmers:255311	1
programmers:3747	programmers:206404	1
programmers:3747	programmers:211470	1
programmers:3747	programmers:197842	1
programmers:3747	programmers:210078	1
programmers:3747	programmers:201350	1
programmers:3747	programmers:132926	1
programmers:3747	programmers:87114	1
programmers:3747	programmers:163455	1
programmers:3747	programmers:234266	1
programmers:3747	programmers:250746	1
programmers:3747	programmers:245426	1
programmers:3747	programmers:215935	1
programmers:3747	programmers:233169	1
programmers:3747	programmers:236482	1
programmers:3747	programmers:188933	1
programmers:3747	programmers:170894	1
programmers:3747	programmers:180186	1
programmers:3747	programmers:225955	1
programmers:3747	programmers:204872	1
programmers:3747	programmers:199975	1
programmers:3747	programmers:134855	1
programmers:3747	programmers:209124	1
programmers:3747	programmers:205760	1
programmers:3747	programmers:39411	1
programmers:3747	programmers:198124	1
programmers:3747	programmers:177624	1
programmers:3747	programmers:238597	1
programmers:3747	programmers:41409	1
programmers:3747	programmers:177058	1
programmers:3747	programmers:127658	1
programmers:3747	programmers:246688	1
programmers:3747	programmers:50576	1
programmers:3747	programmers:80625	1
programmers:3747	programmers:229690	1
programmers:3747	programmers:40676	1
programmers:3747	programmers:225341	1
programmers:3747	programmers:206475	1
programmers:3747	programmers:254360	1
programmers:3747	programmers:213973	1
programmers:3747	programmers:46272	1
programmers:3747	programmers:194347	1
programmers:3747	programmers:66438	1
programmers:3747	programmers:226534	1
programmers:3747	programmers:228371	1
programmers:3747	programmers:162923	1
programmers:3747	programmers:14492	1
programmers:3747	programmers:86454	1
programmers:3747	programmers:230521	1
programmers:3747	programmers:253834	1
programmers:3747	programmers:246223	1
programmers:3747	programmers:87757	1
programmers:3747	programmers:238734	1
programmers:3747	programmers:135311	1
programmers:3747	programmers:225052	1
programmers:3747	programmers:234763	1
programmers:3747	programmers:105018	1
programmers:3747	programmers:202107	1
programmers:3747	programmers:219467	1
programmers:3747	programmers:139683	1
programmers:3747	programmers:210248	1
programmers:3747	programmers:193553	1
programmers:3747	programmers:29671	1
programmers:3747	programmers:252392	1
programmers:3747	programmers:159662	1
programmers:3747	programmers:196449	1
programmers:3747	programmers:37091	1
programmers:3747	programmers:87460	1
programmers:3747	programmers:235678	1
programmers:3747	programmers:254643	1
programmers:3747	programmers:75866	1
programmers:3747	programmers:223869	1
programmers:3747	programmers:125435	1
programmers:3747	programmers:98930	1
programmers:3747	programmers:181044	1
programmers:3747	programmers:183851	1
programmers:3747	programmers:225860	1
programmers:3747	programmers:106168	1
programmers:3747	programmers:28551	1
programmers:3747	programmers:196414	1
programmers:3747	programmers:129951	1
programmers:3747	programmers:134470	1
programmers:3747	programmers:211755	1
programmers:3747	programmers:39468	1
programmers:3747	programmers:61655	1
programmers:3747	programmers:219834	1
programmers:3747	programmers:193990	1
programmers:3747	programmers:186021	1
programmers:3747	programmers:205515	1
programmers:3747	programmers:254915	1
programmers:3747	programmers:67166	1
programmers:210327	programmers:204711	1
programmers:210327	programmers:231194	1
programmers:170138	programmers:224350	1
programmers:170138	programmers:254398	1
programmers:170138	programmers:229549	1
programmers:170138	programmers:189222	1
programmers:170138	programmers:177831	1
programmers:170138	programmers:145941	1
programmers:170138	programmers:82682	1
programmers:170138	programmers:237843	1
programmers:170138	programmers:132612	1
programmers:170138	programmers:107723	1
programmers:170138	programmers:231300	1
programmers:232812	programmers:150760	1
programmers:232812	programmers:154723	1
programmers:232812	programmers:232145	1
programmers:109279	programmers:230934	1
programmers:206816	programmers:122485	1
programmers:206816	programmers:230451	1
programmers:206816	programmers:220461	1
programmers:206816	programmers:127128	1
programmers:201894	programmers:137165	1
programmers:131314	programmers:44	1
programmers:131314	programmers:56742	1
programmers:131314	programmers:184051	1
programmers:131314	programmers:125222	1
programmers:131314	programmers:107828	1
programmers:131314	programmers:39032	1
programmers:131314	programmers:178552	1
programmers:131314	programmers:204999	1
programmers:131314	programmers:35521	1
programmers:131314	programmers:179004	1
programmers:131314	programmers:99922	1
programmers:131314	programmers:36920	1
programmers:131314	programmers:83079	1
programmers:131314	programmers:126830	1
programmers:131314	programmers:73148	1
programmers:42817	programmers:155055	1
programmers:204443	programmers:227654	1
programmers:38566	programmers:58824	1
programmers:38566	programmers:96421	1
programmers:236903	programmers:89453	1
programmers:36175	programmers:182306	1
programmers:89947	programmers:196946	1
programmers:41545	programmers:103501	1
programmers:41545	programmers:108435	1
programmers:86656	programmers:59928	1
programmers:86656	programmers:99735	1
programmers:89491	programmers:103850	1
programmers:89491	programmers:194939	1
programmers:120628	programmers:163062	1
programmers:155469	programmers:46637	1
programmers:155469	programmers:132214	1
programmers:155469	programmers:96246	1
programmers:154593	programmers:48634	1
programmers:13676	programmers:53302	1
programmers:199303	programmers:154283	1
programmers:56848	programmers:45803	1
programmers:56848	programmers:10656	1
programmers:56848	programmers:15449	1
programmers:56848	programmers:221031	1
programmers:56848	programmers:92337	1
programmers:56848	programmers:78234	1
programmers:56848	programmers:211511	1
programmers:56848	programmers:194497	1
programmers:56848	programmers:94822	1
programmers:56848	programmers:54796	1
programmers:56848	programmers:35890	1
programmers:56848	programmers:46716	1
programmers:56848	programmers:113688	1
programmers:56848	programmers:55238	1
programmers:56848	programmers:202606	1
programmers:56848	programmers:115951	1
programmers:56848	programmers:202642	1
programmers:56848	programmers:109719	1
programmers:56848	programmers:111531	1
programmers:56848	programmers:143271	1
programmers:56848	programmers:24737	1
programmers:56848	programmers:110638	1
programmers:56848	programmers:125746	1
programmers:56848	programmers:63386	1
programmers:56848	programmers:202508	1
programmers:56848	programmers:140423	1
programmers:56848	programmers:70117	1
programmers:56848	programmers:29396	1
programmers:56848	programmers:166540	1
programmers:56848	programmers:131051	1
programmers:56848	programmers:176302	1
programmers:56848	programmers:255542	1
programmers:118301	programmers:122026	1
programmers:161809	programmers:156883	1
programmers:161809	programmers:237845	1
programmers:167890	programmers:133506	1
programmers:223815	programmers:223767	1
programmers:21403	programmers:48117	1
programmers:197251	programmers:33020	1
programmers:197251	programmers:99445	1
programmers:197251	programmers:79938	1
programmers:197251	programmers:45259	1
programmers:197251	programmers:119094	1
programmers:110518	programmers:156877	1
programmers:198995	programmers:8721	1
programmers:198995	programmers:137696	1
programmers:198995	programmers:15742	1
programmers:198995	programmers:216197	1
programmers:198995	programmers:124536	1
programmers:198995	programmers:113947	1
programmers:198995	programmers:117103	1
programmers:198995	programmers:119415	1
programmers:198995	programmers:9598	1
programmers:198995	programmers:43528	1
programmers:198995	programmers:179060	1
programmers:198995	programmers:200730	1
programmers:198995	programmers:151317	1
programmers:198995	programmers:212499	1
programmers:198995	programmers:129918	1
programmers:198995	programmers:119253	1
programmers:115920	programmers:84278	1
programmers:115920	programmers:160896	1
programmers:9944	programmers:3317	1
programmers:9944	programmers:4951	1
programmers:9944	programmers:127545	1
programmers:9944	programmers:13892	1
programmers:9944	programmers:87573	1
programmers:9944	programmers:106365	1
programmers:9944	programmers:200620	1
programmers:9944	programmers:198433	1
programmers:9944	programmers:237868	1
programmers:9944	programmers:174815	1
programmers:9948	programmers:20407	1
programmers:9948	programmers:4180	1
programmers:9948	programmers:20949	1
programmers:57435	programmers:26596	1
programmers:57435	programmers:203896	1
programmers:57435	programmers:45641	1
programmers:57435	programmers:177167	1
programmers:57435	programmers:29062	1
programmers:57435	programmers:142098	1
programmers:57435	programmers:193282	1
programmers:57435	programmers:34122	1
programmers:57435	programmers:194582	1
programmers:57435	programmers:62817	1
programmers:223596	programmers:223624	1
programmers:133872	programmers:35501	1
programmers:4765	programmers:10313	1
programmers:4765	programmers:86502	1
programmers:130743	programmers:150606	1
programmers:202889	programmers:38055	1
programmers:202889	programmers:9	1
programmers:111003	programmers:55536	1
programmers:111003	programmers:14033	1
programmers:111003	programmers:181837	1
programmers:111003	programmers:219747	1
programmers:111003	programmers:73832	1
programmers:111003	programmers:134984	1
programmers:254936	programmers:142065	1
programmers:254936	programmers:231001	1
programmers:129603	programmers:136639	1
programmers:129603	programmers:213763	1
programmers:129603	programmers:18379	1
programmers:129603	programmers:113593	1
programmers:129603	programmers:72806	1
programmers:129603	programmers:7559	1
programmers:129603	programmers:39855	1
programmers:129603	programmers:195045	1
programmers:129603	programmers:196648	1
programmers:129603	programmers:224528	1
programmers:129603	programmers:128202	1
programmers:129603	programmers:193723	1
programmers:129603	programmers:251620	1
programmers:129603	programmers:216347	1
programmers:129603	programmers:237245	1
programmers:129603	programmers:1224	1
programmers:129603	programmers:195107	1
programmers:129603	programmers:49202	1
programmers:129603	programmers:186217	1
programmers:129603	programmers:101528	1
programmers:161303	programmers:21802	1
programmers:161303	programmers:120497	1
programmers:161303	programmers:190181	1
programmers:161303	programmers:38423	1
programmers:161303	programmers:158631	1
programmers:161303	programmers:120828	1
programmers:161303	programmers:187886	1
programmers:161303	programmers:202879	1
programmers:82286	programmers:82035	1
programmers:117766	programmers:48401	1
programmers:117766	programmers:118404	1
programmers:116491	programmers:28139	1
programmers:116491	programmers:35208	1
programmers:201237	programmers:66614	1
programmers:102518	programmers:236323	1
programmers:102518	programmers:195081	1
programmers:223718	programmers:229688	1
programmers:223718	programmers:165754	1
programmers:223718	programmers:154500	1
programmers:223718	programmers:222145	1
programmers:223718	programmers:15820	1
programmers:193996	programmers:65085	1
programmers:193996	programmers:5597	1
programmers:193996	programmers:207004	1
programmers:26642	programmers:117684	1
programmers:92393	programmers:213811	1
programmers:130582	programmers:60926	1
programmers:130582	programmers:95823	1
programmers:145055	programmers:152999	1
programmers:192	programmers:236051	1
programmers:147977	programmers:208224	1
programmers:40063	programmers:235566	1
programmers:40063	programmers:234273	1
programmers:18679	programmers:104945	1
programmers:137344	programmers:232219	1
programmers:6476	programmers:19718	1
programmers:69242	programmers:294	1
programmers:69242	programmers:64958	1
programmers:69242	programmers:113175	1
programmers:69242	programmers:134697	1
programmers:69242	programmers:150853	1
programmers:81131	programmers:81875	1
programmers:100095	programmers:154733	1
programmers:100095	programmers:221498	1
programmers:100095	programmers:63174	1
programmers:100095	programmers:242811	1
programmers:100095	programmers:213963	1
programmers:210532	programmers:209967	1
programmers:218121	programmers:178352	1
programmers:218121	programmers:82159	1
programmers:218121	programmers:99794	1
programmers:218121	programmers:204944	1
programmers:218121	programmers:50387	1
programmers:218121	programmers:210572	1
programmers:218121	programmers:83167	1
programmers:218121	programmers:196441	1
programmers:218121	programmers:238413	1
programmers:218121	programmers:242700	1
programmers:218121	programmers:233040	1
programmers:218121	programmers:81083	1
programmers:218121	programmers:135845	1
programmers:218121	programmers:206802	1
programmers:218121	programmers:208650	1
programmers:218121	programmers:230966	1
programmers:218121	programmers:157251	1
programmers:218121	programmers:99980	1
programmers:218121	programmers:209311	1
programmers:218121	programmers:237894	1
programmers:218121	programmers:228258	1
programmers:218121	programmers:7217	1
programmers:124533	programmers:5267	1
programmers:124533	programmers:98123	1
programmers:253026	programmers:142144	1
programmers:111633	programmers:141592	1
programmers:28050	programmers:42142	1
programmers:147185	programmers:28651	1
programmers:147185	programmers:124526	1
programmers:147185	programmers:195015	1
programmers:163752	programmers:1985	1
programmers:163752	programmers:84120	1
programmers:163752	programmers:13279	1
programmers:163752	programmers:104009	1
programmers:163752	programmers:1386	1
programmers:220023	programmers:24987	1
programmers:110270	programmers:110274	1
programmers:110270	programmers:39284	1
programmers:253650	programmers:127522	1
programmers:253650	programmers:137096	1
programmers:195719	programmers:195718	1
programmers:176471	programmers:158848	1
programmers:51987	programmers:232245	1
programmers:194395	programmers:39798	1
programmers:194395	programmers:193778	1
programmers:81674	programmers:1095	1
programmers:233038	programmers:32526	1
programmers:27410	programmers:67354	1
programmers:27410	programmers:117061	1
programmers:27410	programmers:87182	1
programmers:27410	programmers:141292	1
programmers:115769	programmers:101282	1
programmers:115769	programmers:202675	1
programmers:225931	programmers:242724	1
programmers:189426	programmers:15515	1
programmers:189426	programmers:182171	1
programmers:189426	programmers:235702	1
programmers:189426	programmers:196882	1
programmers:189426	programmers:238896	1
programmers:189426	programmers:138951	1
programmers:189426	programmers:100214	1
programmers:117852	programmers:200538	1
programmers:61558	programmers:102819	1
programmers:212932	programmers:152965	1
programmers:246532	programmers:135718	1
programmers:81478	programmers:44623	1
programmers:133096	programmers:134564	1
programmers:7126	programmers:196673	1
programmers:219198	programmers:126924	1
programmers:38265	programmers:96238	1
programmers:38265	programmers:117179	1
programmers:38265	programmers:39353	1
programmers:214734	programmers:198783	1
programmers:214734	programmers:255687	1
programmers:195416	programmers:171024	1
programmers:153631	programmers:105786	1
programmers:176102	programmers:151229	1
programmers:190955	programmers:250540	1
programmers:211610	programmers:178317	1
programmers:211610	programmers:186549	1
programmers:90217	programmers:204455	1
programmers:20684	programmers:124831	1
programmers:237431	programmers:236668	1
programmers:161711	programmers:74222	1
programmers:29534	programmers:135383	1
programmers:29534	programmers:228686	1
programmers:50755	programmers:237809	1
programmers:50755	programmers:53123	1
programmers:50755	programmers:122689	1
programmers:221234	programmers:79585	1
programmers:95335	programmers:95491	1
programmers:110595	programmers:74764	1
programmers:110595	programmers:136596	1
programmers:110595	programmers:210707	1
programmers:110595	programmers:209401	1
programmers:110595	programmers:83837	1
programmers:110595	programmers:10793	1
programmers:110595	programmers:206979	1
programmers:118108	programmers:43329	1
programmers:141961	programmers:54397	1
programmers:251756	programmers:9810	1
programmers:251756	programmers:132248	1
programmers:251756	programmers:236016	1
programmers:251756	programmers:231891	1
programmers:199698	programmers:132343	1
programmers:196876	programmers:45202	1
programmers:196876	programmers:41990	1
programmers:196876	programmers:191998	1
programmers:37029	programmers:184412	1
programmers:37029	programmers:215687	1
programmers:136629	programmers:182267	1
programmers:136629	programmers:139893	1
programmers:197056	programmers:150045	1
programmers:197056	programmers:159813	1
programmers:197056	programmers:170009	1
programmers:234449	programmers:180777	1
programmers:234449	programmers:34354	1
programmers:108395	programmers:96729	1
programmers:108395	programmers:45230	1
programmers:108395	programmers:194795	1
programmers:204521	programmers:233548	1
programmers:237157	programmers:101157	1
programmers:202804	programmers:155565	1
programmers:136908	programmers:226178	1
programmers:215235	programmers:204786	1
programmers:215235	programmers:224365	1
programmers:215235	programmers:224829	1
programmers:215235	programmers:235045	1
programmers:215235	programmers:221766	1
programmers:215235	programmers:225323	1
programmers:215235	programmers:236492	1
programmers:215235	programmers:232084	1
programmers:9320	programmers:126410	1
programmers:54959	programmers:41473	1
programmers:54959	programmers:173244	1
programmers:54959	programmers:223692	1
programmers:54959	programmers:209055	1
programmers:54959	programmers:96946	1
programmers:54959	programmers:83706	1
programmers:54959	programmers:50818	1
programmers:54959	programmers:25707	1
programmers:54959	programmers:129349	1
programmers:54959	programmers:116028	1
programmers:209857	programmers:39027	1
programmers:54373	programmers:194340	1
programmers:54373	programmers:109192	1
programmers:89819	programmers:65081	1
programmers:89819	programmers:225296	1
programmers:61745	programmers:55351	1
programmers:129520	programmers:141485	1
programmers:117403	programmers:52486	1
programmers:220444	programmers:147480	1
programmers:220444	programmers:64926	1
programmers:105380	programmers:240877	1
programmers:196930	programmers:194353	1
programmers:116730	programmers:207057	1
programmers:18444	programmers:13439	1
programmers:18444	programmers:216296	1
programmers:189824	programmers:21148	1
programmers:89944	programmers:121829	1
programmers:228584	programmers:224859	1
programmers:228584	programmers:62948	1
programmers:133782	programmers:10791	1
programmers:123834	programmers:5153	1
programmers:10998	programmers:223634	1
programmers:158591	programmers:235623	1
programmers:96504	programmers:140691	1
programmers:96504	programmers:136005	1
programmers:190542	programmers:76528	1
programmers:215474	programmers:165543	1
programmers:215474	programmers:138089	1
programmers:215474	programmers:237597	1
programmers:254008	programmers:195104	1
programmers:21397	programmers:134213	1
programmers:21397	programmers:224869	1
programmers:210637	programmers:210645	1
programmers:210635	programmers:148875	1
programmers:193895	programmers:241223	1
programmers:195073	programmers:149868	1
programmers:142612	programmers:194111	1
programmers:194679	programmers:153507	1
programmers:136634	programmers:89158	1
programmers:136634	programmers:139821	1
programmers:136634	programmers:136987	1
programmers:136634	programmers:200960	1
programmers:136634	programmers:213267	1
programmers:136634	programmers:205248	1
programmers:136634	programmers:137088	1
programmers:136634	programmers:55481	1
programmers:136634	programmers:136994	1
programmers:127535	programmers:25969	1
programmers:127535	programmers:193509	1
programmers:127535	programmers:23535	1
programmers:199803	programmers:213826	1
programmers:221615	programmers:209376	1
programmers:221619	programmers:104442	1
programmers:130335	programmers:130173	1
programmers:70755	programmers:39940	1
programmers:102999	programmers:123044	1
programmers:238057	programmers:231199	1
programmers:230199	programmers:207819	1
programmers:225504	programmers:152020	1
programmers:225504	programmers:247084	1
programmers:225504	programmers:97879	1
programmers:225504	programmers:32840	1
programmers:225504	programmers:191524	1
programmers:225504	programmers:206863	1
programmers:225504	programmers:43211	1
programmers:15004	programmers:3139	1
programmers:15004	programmers:130412	1
programmers:239016	programmers:202950	1
programmers:204938	programmers:152654	1
programmers:204938	programmers:61091	1
programmers:229657	programmers:238335	1
programmers:229657	programmers:233399	1
programmers:229657	programmers:252419	1
programmers:229657	programmers:56585	1
programmers:229657	programmers:167938	1
programmers:229657	programmers:233695	1
programmers:235645	programmers:148108	1
programmers:235645	programmers:246225	1
programmers:235645	programmers:192000	1
programmers:140264	programmers:233474	1
programmers:174762	programmers:225705	1
programmers:119367	programmers:42792	1
programmers:119367	programmers:129675	1
programmers:154339	programmers:220	1
programmers:154339	programmers:50658	1
programmers:154339	programmers:105917	1
programmers:154339	programmers:141818	1
programmers:154339	programmers:222389	1
programmers:17898	programmers:209408	1
programmers:114520	programmers:40172	1
programmers:114520	programmers:114727	1
programmers:114520	programmers:100480	1
programmers:114520	programmers:201457	1
programmers:114520	programmers:197983	1
programmers:114520	programmers:137252	1
programmers:229170	programmers:149871	1
programmers:126965	programmers:83716	1
programmers:163933	programmers:166165	1
programmers:163933	programmers:200739	1
programmers:215703	programmers:2776	1
programmers:166884	programmers:137941	1
programmers:166884	programmers:210372	1
programmers:166884	programmers:195989	1
programmers:166884	programmers:206366	1
programmers:166884	programmers:209822	1
programmers:166884	programmers:148849	1
programmers:166884	programmers:198337	1
programmers:166884	programmers:220888	1
programmers:166884	programmers:211363	1
programmers:166884	programmers:191208	1
programmers:166884	programmers:254235	1
programmers:166884	programmers:252568	1
programmers:166884	programmers:94429	1
programmers:166884	programmers:47789	1
programmers:166884	programmers:213284	1
programmers:166884	programmers:205803	1
programmers:166884	programmers:214327	1
programmers:166884	programmers:205425	1
programmers:166884	programmers:255817	1
programmers:166884	programmers:198565	1
programmers:166884	programmers:201636	1
programmers:166884	programmers:243331	1
programmers:166884	programmers:107669	1
programmers:166884	programmers:218429	1
programmers:166884	programmers:201804	1
programmers:166884	programmers:187478	1
programmers:210864	programmers:183645	1
programmers:604	programmers:170573	1
programmers:196366	programmers:7927	1
programmers:196366	programmers:60231	1
programmers:196366	programmers:128023	1
programmers:196366	programmers:72611	1
programmers:114958	programmers:139360	1
programmers:91976	programmers:5232	1
programmers:107326	programmers:38597	1
programmers:73304	programmers:125414	1
programmers:98509	programmers:198458	1
programmers:98509	programmers:226488	1
programmers:98509	programmers:51307	1
programmers:98509	programmers:137177	1
programmers:224835	programmers:139321	1
programmers:74086	programmers:190152	1
programmers:74086	programmers:188384	1
programmers:74086	programmers:212781	1
programmers:74086	programmers:236501	1
programmers:25234	programmers:9991	1
programmers:87082	programmers:35276	1
programmers:215727	programmers:165532	1
programmers:86904	programmers:102353	1
programmers:86904	programmers:127934	1
programmers:144829	programmers:120315	1
programmers:19842	programmers:22073	1
programmers:236415	programmers:132691	1
programmers:10495	programmers:132395	1
programmers:14975	programmers:187556	1
programmers:18371	programmers:109418	1
programmers:18371	programmers:98688	1
programmers:18371	programmers:196865	1
programmers:18371	programmers:186372	1
programmers:18371	programmers:1947	1
programmers:18371	programmers:93384	1
programmers:18371	programmers:80065	1
programmers:18371	programmers:54375	1
programmers:18371	programmers:74650	1
programmers:114286	programmers:207296	1
programmers:114286	programmers:172917	1
programmers:32425	programmers:67295	1
programmers:114755	programmers:102452	1
programmers:114755	programmers:88714	1
programmers:253496	programmers:81624	1
programmers:222464	programmers:222465	1
programmers:193496	programmers:112458	1
programmers:108292	programmers:81718	1
programmers:225153	programmers:225145	1
programmers:181780	programmers:151541	1
programmers:181780	programmers:207423	1
programmers:181780	programmers:183836	1
programmers:23313	programmers:175150	1
programmers:23313	programmers:95213	1
programmers:135701	programmers:135697	1
programmers:99647	programmers:99487	1
programmers:87321	programmers:129478	1
programmers:159666	programmers:159637	1
programmers:159666	programmers:240294	1
programmers:208698	programmers:115520	1
programmers:208698	programmers:213368	1
programmers:230604	programmers:231577	1
programmers:192037	programmers:114782	1
programmers:254083	programmers:179624	1
programmers:99499	programmers:131545	1
programmers:252595	programmers:233461	1
programmers:143127	programmers:133134	1
programmers:253042	programmers:107884	1
programmers:253042	programmers:243205	1
programmers:253042	programmers:213959	1
programmers:253042	programmers:183819	1
programmers:253042	programmers:252712	1
programmers:253042	programmers:246826	1
programmers:209479	programmers:117114	1
programmers:209479	programmers:31753	1
programmers:21907	programmers:105089	1
programmers:104517	programmers:94054	1
programmers:186377	programmers:170246	1
programmers:186377	programmers:118740	1
programmers:186377	programmers:205162	1
programmers:186377	programmers:10736	1
programmers:54451	programmers:136860	1
programmers:146810	programmers:212111	1
programmers:34173	programmers:7482	1
programmers:34173	programmers:222285	1
programmers:34173	programmers:193161	1
programmers:232843	programmers:254717	1
programmers:232843	programmers:198691	1
programmers:232843	programmers:65477	1
programmers:201844	programmers:84822	1
programmers:111846	programmers:142632	1
programmers:236370	programmers:117572	1
programmers:204410	programmers:206734	1
programmers:214784	programmers:214721	1
programmers:214784	programmers:214787	1
programmers:119466	programmers:95212	1
programmers:97446	programmers:240708	1
programmers:195337	programmers:141834	1
programmers:195337	programmers:207196	1
programmers:195337	programmers:228095	1
programmers:195337	programmers:223471	1
programmers:53517	programmers:200930	1
programmers:225870	programmers:125182	1
programmers:240612	programmers:75436	1
programmers:142974	programmers:142970	1
programmers:223027	programmers:42200	1
programmers:223027	programmers:110452	1
programmers:223027	programmers:27147	1
programmers:223027	programmers:108476	1
programmers:223027	programmers:85612	1
programmers:223027	programmers:209015	1
programmers:223027	programmers:145583	1
programmers:57405	programmers:186605	1
programmers:26030	programmers:88158	1
programmers:250707	programmers:215874	1
programmers:234962	programmers:182314	1
programmers:234962	programmers:243090	1
programmers:234962	programmers:242889	1
programmers:234962	programmers:89841	1
programmers:233615	programmers:196257	1
programmers:233615	programmers:132952	1
programmers:35925	programmers:211173	1
programmers:35925	programmers:194820	1
programmers:35925	programmers:38165	1
programmers:159089	programmers:159096	1
programmers:175583	programmers:65179	1
programmers:175583	programmers:12439	1
programmers:175583	programmers:187876	1
programmers:175583	programmers:234881	1
programmers:20092	programmers:242742	1
programmers:179618	programmers:49550	1
programmers:179618	programmers:202639	1
programmers:80826	programmers:10580	1
programmers:80826	programmers:66040	1
programmers:220872	programmers:127118	1
programmers:220872	programmers:59810	1
programmers:220872	programmers:193807	1
programmers:220872	programmers:225093	1
programmers:220872	programmers:149539	1
programmers:122233	programmers:240763	1
programmers:122233	programmers:237387	1
programmers:238325	programmers:122477	1
programmers:238325	programmers:87696	1
programmers:110788	programmers:9099	1
programmers:118558	programmers:54018	1
programmers:111788	programmers:2682	1
programmers:111788	programmers:130341	1
programmers:193415	programmers:196811	1
programmers:193415	programmers:224769	1
programmers:193415	programmers:236489	1
programmers:193415	programmers:198852	1
programmers:193415	programmers:204871	1
programmers:206754	programmers:143161	1
programmers:206754	programmers:41539	1
programmers:206754	programmers:99255	1
programmers:206754	programmers:53714	1
programmers:206754	programmers:29488	1
programmers:206754	programmers:12186	1
programmers:206754	programmers:218988	1
programmers:206754	programmers:206102	1
programmers:206755	programmers:20950	1
programmers:206755	programmers:61738	1
programmers:206755	programmers:195226	1
programmers:206755	programmers:69050	1
programmers:206755	programmers:83688	1
programmers:57243	programmers:158936	1
programmers:158359	programmers:166171	1
programmers:158359	programmers:139497	1
programmers:150633	programmers:246777	1
programmers:150633	programmers:114331	1
programmers:153581	programmers:23891	1
programmers:167277	programmers:105313	1
programmers:167277	programmers:201971	1
programmers:167277	programmers:141554	1
programmers:81705	programmers:205180	1
programmers:81705	programmers:253552	1
programmers:152678	programmers:101893	1
programmers:222362	programmers:188712	1
programmers:222362	programmers:232321	1
programmers:61798	programmers:246618	1
programmers:61798	programmers:207987	1
programmers:61798	programmers:251418	1
programmers:227720	programmers:147214	1
programmers:227720	programmers:187009	1
programmers:223250	programmers:238250	1
programmers:15829	programmers:230462	1
programmers:79624	programmers:41999	1
programmers:45378	programmers:53669	1
programmers:45378	programmers:190096	1
programmers:45378	programmers:213684	1
programmers:119814	programmers:188154	1
programmers:43796	programmers:181933	1
programmers:14831	programmers:48895	1
programmers:175561	programmers:171066	1
programmers:67960	programmers:106909	1
programmers:199838	programmers:229311	1
programmers:154954	programmers:220219	1
programmers:165668	programmers:3199	1
programmers:165668	programmers:23019	1
programmers:165668	programmers:166215	1
programmers:165668	programmers:77206	1
programmers:165668	programmers:77637	1
programmers:222508	programmers:156722	1
programmers:222508	programmers:195155	1
programmers:210049	programmers:10675	1
programmers:166314	programmers:214018	1
programmers:52158	programmers:65316	1
programmers:169962	programmers:180371	1
programmers:189983	programmers:167752	1
programmers:190649	programmers:253678	1
programmers:145722	programmers:36367	1
programmers:246568	programmers:110380	1
programmers:246568	programmers:234057	1
programmers:235283	programmers:235361	1
programmers:133664	programmers:135873	1
programmers:135993	programmers:50819	1
programmers:135993	programmers:95310	1
programmers:135993	programmers:167080	1
programmers:37677	programmers:214059	1
programmers:208867	programmers:17675	1
programmers:191759	programmers:102507	1
programmers:191759	programmers:154796	1
programmers:191759	programmers:150432	1
programmers:191759	programmers:173624	1
programmers:191759	programmers:188208	1
programmers:191759	programmers:100637	1
programmers:95465	programmers:196043	1
programmers:1319	programmers:85573	1
programmers:114629	programmers:54568	1
programmers:103471	programmers:206312	1
programmers:237577	programmers:7823	1
programmers:116148	programmers:89092	1
programmers:138396	programmers:78028	1
programmers:138396	programmers:198592	1
programmers:246066	programmers:47032	1
programmers:120488	programmers:119470	1
programmers:215248	programmers:164050	1
programmers:940	programmers:74258	1
programmers:193929	programmers:194765	1
programmers:193929	programmers:238749	1
programmers:95637	programmers:58515	1
programmers:95637	programmers:209615	1
programmers:160628	programmers:240965	1
programmers:196990	programmers:206256	1
programmers:247103	programmers:59713	1
programmers:247103	programmers:63048	1
programmers:247103	programmers:232627	1
programmers:247103	programmers:87152	1
programmers:113209	programmers:30254	1
programmers:113209	programmers:108546	1
programmers:113209	programmers:220822	1
programmers:164665	programmers:166640	1
programmers:164665	programmers:215013	1
programmers:136449	programmers:116678	1
programmers:170966	programmers:143736	1
programmers:170966	programmers:176876	1
programmers:170966	programmers:249701	1
programmers:170966	programmers:57491	1
programmers:254339	programmers:173518	1
programmers:254339	programmers:228711	1
programmers:179554	programmers:199657	1
programmers:1180	programmers:114078	1
programmers:175309	programmers:228043	1
programmers:111663	programmers:49	1
programmers:119513	programmers:144385	1
programmers:211319	programmers:113430	1
programmers:94024	programmers:86636	1
programmers:191191	programmers:191867	1
programmers:220890	programmers:184695	1
programmers:20653	programmers:19987	1
programmers:20653	programmers:37317	1
programmers:20653	programmers:126359	1
programmers:20653	programmers:81160	1
programmers:147273	programmers:234657	1
programmers:92465	programmers:115958	1
programmers:92465	programmers:191293	1
programmers:194646	programmers:215260	1
programmers:228848	programmers:151055	1
programmers:205638	programmers:16807	1
programmers:205638	programmers:220365	1
programmers:203776	programmers:132331	1
programmers:178916	programmers:105191	1
programmers:230250	programmers:152753	1
programmers:233503	programmers:233515	1
programmers:76182	programmers:134523	1
programmers:213173	programmers:49067	1
programmers:57576	programmers:80167	1
programmers:154679	programmers:211448	1
programmers:234820	programmers:180585	1
programmers:234820	programmers:24485	1
programmers:234820	programmers:158373	1
programmers:234820	programmers:215586	1
programmers:234820	programmers:198228	1
programmers:234820	programmers:202443	1
programmers:162583	programmers:204488	1
programmers:255912	programmers:135234	1
programmers:39378	programmers:253165	1
programmers:95363	programmers:92385	1
programmers:19558	programmers:69215	1
programmers:19558	programmers:199085	1
programmers:19558	programmers:23604	1
programmers:19558	programmers:128911	1
programmers:19558	programmers:115282	1
programmers:19558	programmers:39499	1
programmers:19558	programmers:106284	1
programmers:245274	programmers:243154	1
programmers:142292	programmers:12087	1
programmers:111802	programmers:35594	1
programmers:111802	programmers:210913	1
programmers:111802	programmers:94643	1
programmers:156771	programmers:204335	1
programmers:196356	programmers:139377	1
programmers:196356	programmers:103318	1
programmers:180012	programmers:86461	1
programmers:233981	programmers:176497	1
programmers:32617	programmers:96809	1
programmers:200360	programmers:240565	1
programmers:204840	programmers:200885	1
programmers:138642	programmers:103233	1
programmers:138643	programmers:74832	1
programmers:138643	programmers:190414	1
programmers:128548	programmers:370	1
programmers:128548	programmers:100656	1
programmers:128548	programmers:61678	1
programmers:125715	programmers:566	1
programmers:246354	programmers:14744	1
programmers:246354	programmers:170704	1
programmers:246354	programmers:136133	1
programmers:246354	programmers:115783	1
programmers:246354	programmers:123088	1
programmers:246354	programmers:30974	1
programmers:84638	programmers:140156	1
programmers:236853	programmers:59880	1
programmers:163822	programmers:27686	1
programmers:123456	programmers:132436	1
programmers:202273	programmers:111932	1
programmers:202273	programmers:99389	1
programmers:226233	programmers:205925	1
programmers:171701	programmers:194354	1
programmers:238546	programmers:170791	1
programmers:251707	programmers:255903	1
programmers:152094	programmers:228287	1
programmers:211477	programmers:164756	1
programmers:211477	programmers:135218	1
programmers:211477	programmers:53585	1
programmers:211477	programmers:111837	1
programmers:164799	programmers:42181	1
programmers:164799	programmers:210503	1
programmers:143722	programmers:145989	1
programmers:20023	programmers:14673	1
programmers:20023	programmers:255531	1
programmers:111757	programmers:40845	1
programmers:9813	programmers:98999	1
programmers:36961	programmers:80587	1
programmers:37249	programmers:252	1
programmers:37249	programmers:190801	1
programmers:37249	programmers:235527	1
programmers:37249	programmers:159003	1
programmers:37249	programmers:107698	1
programmers:115425	programmers:115359	1
programmers:186690	programmers:238270	1
programmers:136195	programmers:76376	1
programmers:76801	programmers:51712	1
programmers:194958	programmers:163203	1
programmers:139418	programmers:133015	1
programmers:125108	programmers:213738	1
programmers:125108	programmers:90057	1
programmers:125108	programmers:44842	1
programmers:237226	programmers:255486	1
programmers:110471	programmers:22809	1
programmers:110471	programmers:121798	1
programmers:110471	programmers:11257	1
programmers:98749	programmers:7686	1
programmers:98651	programmers:151375	1
programmers:194373	programmers:3519	1
programmers:194373	programmers:119155	1
programmers:194373	programmers:78175	1
programmers:210346	programmers:176153	1
programmers:147134	programmers:152407	1
programmers:147134	programmers:161389	1
programmers:137439	programmers:64544	1
programmers:228187	programmers:69254	1
programmers:253453	programmers:76123	1
programmers:247135	programmers:219438	1
programmers:125373	programmers:12807	1
programmers:125373	programmers:119968	1
programmers:134037	programmers:97824	1
programmers:133565	programmers:221000	1
programmers:252495	programmers:230933	1
programmers:179763	programmers:190978	1
programmers:200362	programmers:108085	1
programmers:200362	programmers:161384	1
programmers:200362	programmers:113306	1
programmers:200362	programmers:128691	1
programmers:200362	programmers:101785	1
programmers:121998	programmers:196000	1
programmers:251126	programmers:237237	1
programmers:78431	programmers:72271	1
programmers:150888	programmers:245621	1
programmers:150888	programmers:179003	1
programmers:198936	programmers:134241	1
programmers:104111	programmers:25564	1
programmers:104111	programmers:91196	1
programmers:104111	programmers:14914	1
programmers:104111	programmers:136163	1
programmers:74386	programmers:58432	1
programmers:141411	programmers:159870	1
programmers:182009	programmers:256181	1
programmers:209129	programmers:118295	1
programmers:209129	programmers:240767	1
programmers:138026	programmers:28314	1
programmers:18059	programmers:182105	1
programmers:18059	programmers:201396	1
programmers:18059	programmers:157928	1
programmers:144892	programmers:67632	1
programmers:210623	programmers:93269	1
programmers:210623	programmers:132485	1
programmers:210623	programmers:213076	1
programmers:210623	programmers:210212	1
programmers:210623	programmers:131264	1
programmers:173320	programmers:80045	1
programmers:173320	programmers:213411	1
programmers:127867	programmers:96322	1
programmers:127867	programmers:130070	1
programmers:201119	programmers:201108	1
programmers:254424	programmers:83797	1
programmers:139037	programmers:251743	1
programmers:59606	programmers:198085	1
programmers:28379	programmers:104975	1
programmers:28379	programmers:105862	1
programmers:28379	programmers:77466	1
programmers:114258	programmers:199368	1
programmers:51268	programmers:114484	1
programmers:25063	programmers:141860	1
programmers:82227	programmers:756	1
programmers:82227	programmers:191990	1
programmers:82227	programmers:131969	1
programmers:82227	programmers:132806	1
programmers:82227	programmers:113273	1
programmers:82227	programmers:90228	1
programmers:194106	programmers:138561	1
programmers:97338	programmers:165625	1
programmers:91064	programmers:198384	1
programmers:29109	programmers:137011	1
programmers:34559	programmers:101762	1
programmers:34559	programmers:126230	1
programmers:55334	programmers:109087	1
programmers:66764	programmers:85506	1
programmers:66764	programmers:125689	1
programmers:100959	programmers:199309	1
programmers:138726	programmers:138860	1
programmers:130256	programmers:27454	1
programmers:130256	programmers:132173	1
programmers:130256	programmers:141654	1
programmers:185671	programmers:118703	1
programmers:185671	programmers:77530	1
programmers:185671	programmers:233410	1
programmers:185671	programmers:18454	1
programmers:185671	programmers:198587	1
programmers:185671	programmers:250653	1
programmers:185671	programmers:104551	1
programmers:185671	programmers:201320	1
programmers:55065	programmers:96934	1
programmers:245115	programmers:199735	1
programmers:245115	programmers:234412	1
programmers:155659	programmers:51115	1
programmers:155659	programmers:187787	1
programmers:155659	programmers:106647	1
programmers:155659	programmers:141144	1
programmers:257	programmers:39594	1
programmers:97912	programmers:17443	1
programmers:52833	programmers:1	1
programmers:52833	programmers:201657	1
programmers:52833	programmers:119600	1
programmers:52833	programmers:121775	1
programmers:52833	programmers:173118	1
programmers:220049	programmers:37294	1
programmers:102348	programmers:78547	1
programmers:37987	programmers:186269	1
programmers:140876	programmers:70822	1
programmers:140876	programmers:194979	1
programmers:140876	programmers:88707	1
programmers:206199	programmers:145784	1
programmers:8886	programmers:122763	1
programmers:211678	programmers:106568	1
programmers:211678	programmers:39368	1
programmers:211678	programmers:78478	1
programmers:211678	programmers:238452	1
programmers:211678	programmers:203320	1
programmers:220343	programmers:124821	1
programmers:186438	programmers:184654	1
programmers:186438	programmers:220252	1
programmers:186438	programmers:237492	1
programmers:27022	programmers:29149	1
programmers:35074	programmers:142652	1
programmers:35074	programmers:74815	1
programmers:251222	programmers:177651	1
programmers:78903	programmers:79189	1
programmers:78903	programmers:64818	1
programmers:23276	programmers:191103	1
programmers:23276	programmers:137285	1
programmers:166798	programmers:166374	1
programmers:78176	programmers:88416	1
programmers:39282	programmers:199852	1
programmers:100685	programmers:100671	1
programmers:100685	programmers:233470	1
programmers:73541	programmers:71358	1
programmers:73541	programmers:211636	1
programmers:81838	programmers:231963	1
programmers:81838	programmers:233044	1
programmers:182207	programmers:162853	1
programmers:247382	programmers:229968	1
programmers:94932	programmers:56772	1
programmers:94932	programmers:254077	1
programmers:110730	programmers:110804	1
programmers:110730	programmers:244381	1
programmers:110730	programmers:250337	1
programmers:191358	programmers:235206	1
programmers:191358	programmers:197996	1
programmers:97511	programmers:118571	1
programmers:60409	programmers:198836	1
programmers:59520	programmers:143069	1
programmers:197443	programmers:114846	1
programmers:32956	programmers:213942	1
programmers:104096	programmers:125712	1
programmers:104096	programmers:100553	1
programmers:65918	programmers:114002	1
programmers:189096	programmers:26349	1
programmers:189096	programmers:246648	1
programmers:189096	programmers:97758	1
programmers:189096	programmers:195373	1
programmers:189096	programmers:33851	1
programmers:189096	programmers:140125	1
programmers:189096	programmers:16365	1
programmers:189096	programmers:251592	1
programmers:93016	programmers:26454	1
programmers:84778	programmers:198241	1
programmers:144058	programmers:139482	1
programmers:102679	programmers:51553	1
programmers:87452	programmers:231434	1
programmers:87452	programmers:95202	1
programmers:43729	programmers:22153	1
programmers:43729	programmers:205877	1
programmers:43729	programmers:196391	1
programmers:200031	programmers:205716	1
programmers:237584	programmers:79755	1
programmers:59091	programmers:98786	1
programmers:127201	programmers:127158	1
programmers:207815	programmers:172879	1
programmers:207815	programmers:207111	1
programmers:158534	programmers:103779	1
programmers:158534	programmers:210393	1
programmers:158534	programmers:194446	1
programmers:158534	programmers:170808	1
programmers:210693	programmers:118479	1
programmers:116242	programmers:1483	1
programmers:116242	programmers:152891	1
programmers:116242	programmers:113936	1
programmers:116242	programmers:245455	1
programmers:116242	programmers:147156	1
programmers:71904	programmers:72079	1
programmers:147240	programmers:76151	1
programmers:147240	programmers:113763	1
programmers:147240	programmers:117276	1
programmers:132578	programmers:74020	1
programmers:91816	programmers:188875	1
programmers:67931	programmers:232940	1
programmers:67931	programmers:202541	1
programmers:136382	programmers:88784	1
programmers:140561	programmers:38382	1
programmers:56031	programmers:157590	1
programmers:139171	programmers:141522	1
programmers:139171	programmers:166039	1
programmers:249892	programmers:54591	1
programmers:230280	programmers:85235	1
programmers:234620	programmers:102856	1
programmers:234620	programmers:33379	1
programmers:234620	programmers:210788	1
programmers:12773	programmers:124109	1
programmers:236571	programmers:120019	1
programmers:236571	programmers:198675	1
programmers:221030	programmers:34959	1
programmers:26371	programmers:51586	1
programmers:120541	programmers:102906	1
programmers:163924	programmers:149491	1
programmers:42938	programmers:119228	1
programmers:53572	programmers:128725	1
programmers:104122	programmers:96331	1
programmers:128044	programmers:10340	1
programmers:206254	programmers:34440	1
programmers:206254	programmers:171203	1
programmers:206254	programmers:245895	1
programmers:206254	programmers:188561	1
programmers:208976	programmers:186581	1
programmers:191539	programmers:121328	1
programmers:191539	programmers:210331	1
programmers:46685	programmers:198741	1
programmers:121167	programmers:184376	1
programmers:197838	programmers:57	1
programmers:197838	programmers:114560	1
programmers:178018	programmers:180552	1
programmers:129543	programmers:238362	1
programmers:32482	programmers:247251	1
programmers:92339	programmers:178512	1
programmers:113726	programmers:83553	1
programmers:196913	programmers:159964	1
programmers:146065	programmers:229897	1
programmers:146065	programmers:10424	1
programmers:36561	programmers:71593	1
programmers:218184	programmers:99306	1
programmers:139442	programmers:6790	1
programmers:255031	programmers:220296	1
programmers:123851	programmers:648	1
programmers:123851	programmers:22854	1
programmers:123851	programmers:120281	1
programmers:123270	programmers:69788	1
programmers:123270	programmers:221	1
programmers:7565	programmers:7859	1
programmers:7565	programmers:83507	1
programmers:7565	programmers:135175	1
programmers:175014	programmers:170981	1
programmers:181527	programmers:195140	1
programmers:60994	programmers:34843	1
programmers:55697	programmers:103285	1
programmers:55697	programmers:33816	1
programmers:230206	programmers:72259	1
programmers:103133	programmers:53970	1
programmers:225387	programmers:225375	1
programmers:234001	programmers:42795	1
programmers:234001	programmers:196996	1
programmers:46434	programmers:221075	1
programmers:246813	programmers:183865	1
programmers:203469	programmers:6662	1
programmers:203469	programmers:214528	1
programmers:28825	programmers:79561	1
programmers:214494	programmers:16646	1
programmers:213449	programmers:246278	1
programmers:250203	programmers:185130	1
programmers:81591	programmers:191549	1
programmers:21230	programmers:120094	1
programmers:148747	programmers:38642	1
programmers:663	programmers:10920	1
programmers:98691	programmers:48413	1
programmers:98691	programmers:115690	1
programmers:14582	programmers:21336	1
programmers:213603	programmers:213135	1
programmers:15239	programmers:52608	1
programmers:16528	programmers:177979	1
programmers:241411	programmers:216765	1
programmers:17696	programmers:133186	1
programmers:17696	programmers:49741	1
programmers:122437	programmers:9730	1
programmers:122437	programmers:121830	1
programmers:122437	programmers:218558	1
programmers:98324	programmers:98485	1
programmers:2654	programmers:15636	1
programmers:6625	programmers:56508	1
programmers:202903	programmers:14968	1
programmers:203362	programmers:255390	1
programmers:38087	programmers:198405	1
programmers:103089	programmers:131122	1
programmers:43086	programmers:118342	1
programmers:221365	programmers:229003	1
programmers:194321	programmers:170003	1
programmers:234511	programmers:125836	1
programmers:234511	programmers:233495	1
programmers:101164	programmers:10035	1
programmers:101164	programmers:109171	1
programmers:203970	programmers:240379	1
programmers:135970	programmers:70919	1
programmers:190758	programmers:10581	1
programmers:108855	programmers:223236	1
programmers:233342	programmers:40439	1
programmers:233342	programmers:166530	1
programmers:233342	programmers:149782	1
programmers:244866	programmers:178886	1
programmers:212575	programmers:163240	1
programmers:16010	programmers:231208	1
programmers:204206	programmers:51997	1
programmers:168685	programmers:255866	1
programmers:24542	programmers:114885	1
programmers:59496	programmers:73667	1
programmers:115910	programmers:232391	1
programmers:196139	programmers:200936	1
programmers:133330	programmers:68058	1
programmers:224752	programmers:19649	1
programmers:131408	programmers:52534	1
programmers:131408	programmers:199116	1
programmers:108309	programmers:143629	1
programmers:19750	programmers:234889	1
programmers:94780	programmers:126205	1
programmers:230778	programmers:181567	1
programmers:230778	programmers:78334	1
programmers:12472	programmers:11523	1
programmers:211276	programmers:53037	1
programmers:215427	programmers:218487	1
programmers:154155	programmers:201156	1
programmers:90438	programmers:105137	1
programmers:235468	programmers:112402	1
programmers:244705	programmers:66480	1
programmers:244705	programmers:147055	1
programmers:244705	programmers:5560	1
programmers:244705	programmers:157155	1
programmers:244705	programmers:221536	1
programmers:244705	programmers:234753	1
programmers:251643	programmers:233492	1
programmers:2757	programmers:104346	1
programmers:2757	programmers:9403	1
programmers:2757	programmers:50545	1
programmers:132520	programmers:84866	1
programmers:196546	programmers:124146	1
programmers:34485	programmers:141147	1
programmers:34485	programmers:56674	1
programmers:224036	programmers:184464	1
programmers:117825	programmers:109409	1
programmers:117825	programmers:220233	1
programmers:22146	programmers:143390	1
programmers:131381	programmers:7157	1
programmers:93462	programmers:5780	1
programmers:205562	programmers:176078	1
programmers:241389	programmers:214340	1
programmers:179162	programmers:236362	1
programmers:179162	programmers:234851	1
programmers:78956	programmers:115257	1
programmers:151103	programmers:157096	1
programmers:32571	programmers:63970	1
programmers:165725	programmers:199345	1
programmers:190853	programmers:58237	1
programmers:190853	programmers:250706	1
programmers:141973	programmers:152486	1
programmers:132281	programmers:53624	1
programmers:132281	programmers:213391	1
programmers:115525	programmers:170348	1
programmers:121218	programmers:119488	1
programmers:121218	programmers:225744	1
programmers:40297	programmers:163321	1
programmers:238386	programmers:187613	1
programmers:8958	programmers:1371	1
programmers:26901	programmers:178384	1
programmers:111881	programmers:66389	1
programmers:111881	programmers:114303	1
programmers:111881	programmers:58031	1
programmers:111881	programmers:111890	1
programmers:111881	programmers:26191	1
programmers:111881	programmers:108258	1
programmers:51465	programmers:244941	1
programmers:198549	programmers:198539	1
programmers:201041	programmers:228516	1
programmers:184874	programmers:194746	1
programmers:125252	programmers:247	1
programmers:89554	programmers:96524	1
programmers:7536	programmers:7305	1
programmers:200064	programmers:147689	1
programmers:97660	programmers:9161	1
programmers:97660	programmers:103418	1
programmers:97660	programmers:209017	1
programmers:250953	programmers:233401	1
programmers:84001	programmers:18303	1
programmers:85019	programmers:84939	1
programmers:85019	programmers:119249	1
programmers:139663	programmers:208805	1
programmers:166895	programmers:220479	1
programmers:198240	programmers:101273	1
programmers:156794	programmers:156795	1
programmers:91945	programmers:197131	1
programmers:187026	programmers:11726	1
programmers:218447	programmers:213768	1
programmers:750	programmers:246058	1
programmers:136993	programmers:157236	1
programmers:13786	programmers:195012	1
programmers:13786	programmers:65080	1
programmers:239210	programmers:242768	1
programmers:240454	programmers:180216	1
programmers:179002	programmers:66035	1
programmers:246634	programmers:246627	1
programmers:97832	programmers:13006	1
programmers:131451	programmers:131324	1
programmers:97357	programmers:4325	1
programmers:102008	programmers:109436	1
programmers:140004	programmers:198714	1
programmers:72768	programmers:184202	1
programmers:194975	programmers:75905	1
programmers:240734	programmers:222403	1
programmers:77731	programmers:14706	1
programmers:134244	programmers:155943	1
programmers:252532	programmers:252938	1
programmers:49836	programmers:20262	1
programmers:175594	programmers:66858	1
programmers:210360	programmers:244912	1
programmers:109818	programmers:208713	1
programmers:221009	programmers:146070	1
programmers:205359	programmers:241506	1
programmers:66834	programmers:874	1
programmers:66834	programmers:216915	1
programmers:193586	programmers:88145	1
programmers:97785	programmers:146160	1
programmers:80694	programmers:106705	1
programmers:180165	programmers:206878	1
programmers:15286	programmers:160173	1
programmers:84909	programmers:138905	1
programmers:224434	programmers:87457	1
programmers:201130	programmers:206610	1
programmers:242610	programmers:135313	1
programmers:242610	programmers:164353	1
programmers:185712	programmers:121326	1
programmers:237738	programmers:226229	1
programmers:162931	programmers:145446	1
programmers:166136	programmers:193565	1
programmers:46513	programmers:47558	1
programmers:209764	programmers:164256	1
programmers:188381	programmers:119168	1
programmers:31558	programmers:255248	1
programmers:31558	programmers:89025	1
programmers:140266	programmers:48698	1
programmers:73934	programmers:19006	1
programmers:129141	programmers:28098	1
programmers:191961	programmers:71148	1
programmers:126130	programmers:96192	1
programmers:93826	programmers:25052	1
programmers:93826	programmers:206745	1
programmers:95942	programmers:95946	1
programmers:225354	programmers:126721	1
programmers:186465	programmers:215253	1
programmers:44959	programmers:203375	1
programmers:209070	programmers:10644	1
programmers:209070	programmers:5435	1
programmers:208815	programmers:147423	1
programmers:103263	programmers:130073	1
programmers:60216	programmers:55373	1
programmers:79765	programmers:94651	1
programmers:24804	programmers:243279	1
programmers:36731	programmers:170731	1
programmers:138182	programmers:237853	1
programmers:182229	programmers:77897	1
programmers:133424	programmers:24681	1
programmers:122244	programmers:2715	1
programmers:122244	programmers:140027	1
programmers:111475	programmers:104867	1
programmers:118064	programmers:70877	1
programmers:118064	programmers:107834	1
programmers:118064	programmers:49379	1
programmers:118064	programmers:224934	1
programmers:118064	programmers:95718	1
programmers:118064	programmers:219767	1
programmers:196700	programmers:75072	1
programmers:196700	programmers:119477	1
programmers:95626	programmers:123495	1
programmers:216195	programmers:219531	1
programmers:243347	programmers:245693	1
programmers:67707	programmers:99051	1
programmers:91629	programmers:73233	1
programmers:91629	programmers:111215	1
programmers:91629	programmers:114963	1
programmers:77146	programmers:103095	1
programmers:136774	programmers:136762	1
programmers:136774	programmers:239036	1
programmers:138447	programmers:134028	1
programmers:8588	programmers:108518	1
programmers:121887	programmers:57197	1
programmers:61980	programmers:137896	1
programmers:46252	programmers:105891	1
programmers:57047	programmers:207030	1
programmers:159373	programmers:255891	1
programmers:114819	programmers:26537	1
programmers:209609	programmers:203408	1
programmers:3997	programmers:46920	1
programmers:223148	programmers:145034	1
programmers:216301	programmers:78675	1
programmers:95373	programmers:4183	1
programmers:195656	programmers:127215	1
programmers:118140	programmers:194922	1
programmers:124817	programmers:21697	1
programmers:124817	programmers:121073	1
programmers:97269	programmers:129069	1
programmers:21256	programmers:108601	1
programmers:55267	programmers:162786	1
programmers:23652	programmers:175066	1
programmers:52961	programmers:49488	1
programmers:113295	programmers:126121	1
programmers:210472	programmers:198485	1
programmers:210472	programmers:227812	1
programmers:144556	programmers:64592	1
programmers:144556	programmers:77610	1
programmers:137973	programmers:19244	1
programmers:213070	programmers:190528	1
programmers:215042	programmers:14596	1
programmers:216639	programmers:174733	1
programmers:144717	programmers:231062	1
programmers:107774	programmers:54536	1
programmers:233592	programmers:188609	1
programmers:135047	programmers:170740	1
programmers:193269	programmers:177539	1
programmers:117030	programmers:178154	1
programmers:117030	programmers:173466	1
programmers:10857	programmers:230398	1
programmers:81062	programmers:101496	1
programmers:81062	programmers:121864	1
programmers:131701	programmers:221662	1
programmers:228973	programmers:68455	1
programmers:107986	programmers:224307	1
programmers:234066	programmers:109295	1
programmers:227993	programmers:7629	1
programmers:227993	programmers:76392	1
programmers:199162	programmers:185925	1
programmers:7242	programmers:119652	1
programmers:213452	programmers:198284	1
programmers:58887	programmers:205557	1
programmers:74493	programmers:20466	1
programmers:74493	programmers:201716	1
programmers:159626	programmers:164991	1
programmers:95786	programmers:40350	1
programmers:93124	programmers:214970	1
programmers:24170	programmers:207436	1
programmers:203483	programmers:118376	1
programmers:237065	programmers:206	1
programmers:66735	programmers:194146	1
programmers:17341	programmers:246584	1
programmers:226357	programmers:64306	1
programmers:230534	programmers:230634	1
programmers:230534	programmers:78083	1
programmers:230534	programmers:165380	1
programmers:7747	programmers:127932	1
programmers:215826	programmers:253442	1
programmers:23021	programmers:253301	1
programmers:219028	programmers:220080	1
programmers:218869	programmers:87965	1
programmers:237593	programmers:237543	1
programmers:156848	programmers:156592	1
programmers:71917	programmers:39247	1
programmers:71917	programmers:61530	1
programmers:199873	programmers:4107	1
programmers:130948	programmers:251533	1
programmers:47370	programmers:142186	1
programmers:64722	programmers:141427	1
programmers:212300	programmers:216107	1
programmers:93245	programmers:101300	1
programmers:250291	programmers:84514	1
programmers:98905	programmers:196987	1
programmers:141232	programmers:182077	1
programmers:146272	programmers:27798	1
programmers:158397	programmers:194873	1
programmers:53612	programmers:110242	1
programmers:49959	programmers:126950	1
programmers:163408	programmers:154022	1
programmers:67750	programmers:53948	1
programmers:227818	programmers:225893	1
programmers:25600	programmers:103102	1
programmers:17568	programmers:220129	1
programmers:150479	programmers:9885	1
programmers:36925	programmers:105283	1
programmers:62765	programmers:83117	1
programmers:253267	programmers:133404	1
programmers:200497	programmers:195571	1
programmers:200861	programmers:82432	1
programmers:84966	programmers:231201	1
programmers:120477	programmers:192113	1
programmers:112974	programmers:20204	1
programmers:62060	programmers:224104	1
programmers:3766	programmers:71619	1
programmers:200709	programmers:253995	1
programmers:197746	programmers:229095	1
programmers:17826	programmers:116369	1
programmers:116330	programmers:81072	1
programmers:14645	programmers:131370	1
programmers:205279	programmers:1015	1
programmers:68867	programmers:95719	1
programmers:231491	programmers:158640	1
programmers:237935	programmers:195252	1
programmers:93848	programmers:219091	1
programmers:492	programmers:95355	1
programmers:492	programmers:201529	1
programmers:122071	programmers:55284	1
programmers:85691	programmers:168315	1
programmers:29513	programmers:55653	1
programmers:29513	programmers:200303	1
programmers:145518	programmers:8968	1
programmers:165735	programmers:194792	1
programmers:116988	programmers:4319	1
programmers:196260	programmers:180824	1
programmers:57068	programmers:155210	1
programmers:107265	programmers:201312	1
programmers:107265	programmers:130186	1
programmers:199827	programmers:117692	1
programmers:186932	programmers:1376	1
programmers:132074	programmers:34356	1
programmers:177907	programmers:9351	1
programmers:204580	programmers:196628	1
programmers:236473	programmers:109629	1
programmers:1200	programmers:55991	1
programmers:210496	programmers:66708	1
programmers:180904	programmers:233484	1
programmers:195094	programmers:19007	1
programmers:98758	programmers:23270	1
programmers:202770	programmers:105352	1
programmers:95933	programmers:75476	1
programmers:196615	programmers:154510	1
programmers:96638	programmers:105196	1
programmers:250164	programmers:127624	1
programmers:200545	programmers:97985	1
programmers:16732	programmers:250078	1
programmers:110190	programmers:205797	1
programmers:112485	programmers:65384	1
programmers:112485	programmers:211087	1
programmers:106693	programmers:232652	1
programmers:36297	programmers:55493	1
programmers:230145	programmers:111920	1
programmers:41981	programmers:113079	1
programmers:211640	programmers:211647	1
programmers:35610	programmers:206673	1
programmers:74580	programmers:224520	1
programmers:138908	programmers:140364	1
programmers:133937	programmers:27335	1
webmasters:28994	webmasters:53865	1
webmasters:11544	webmasters:503	1
webmasters:11544	webmasters:18547	1
webmasters:11544	webmasters:26908	1
webmasters:11544	webmasters:61307	1
webmasters:11544	webmasters:68588	1
webmasters:11544	webmasters:44308	1
webmasters:11544	webmasters:49966	1
webmasters:11544	webmasters:60680	1
webmasters:11544	webmasters:52031	1
webmasters:11544	webmasters:55814	1
webmasters:11544	webmasters:57308	1
webmasters:11544	webmasters:60875	1
webmasters:11544	webmasters:22430	1
webmasters:11544	webmasters:61682	1
webmasters:11544	webmasters:978	1
webmasters:11544	webmasters:19518	1
webmasters:11544	webmasters:42439	1
webmasters:11544	webmasters:47982	1
webmasters:11544	webmasters:29411	1
webmasters:11544	webmasters:25590	1
webmasters:11544	webmasters:35738	1
webmasters:11544	webmasters:50877	1
webmasters:11544	webmasters:58164	1
webmasters:11544	webmasters:45424	1
webmasters:11544	webmasters:56395	1
webmasters:11544	webmasters:61555	1
webmasters:11544	webmasters:67795	1
webmasters:11544	webmasters:9090	1
webmasters:11544	webmasters:50142	1
webmasters:11544	webmasters:20936	1
webmasters:11544	webmasters:9908	1
webmasters:11544	webmasters:55873	1
webmasters:11544	webmasters:18443	1
webmasters:11544	webmasters:67965	1
webmasters:11544	webmasters:27490	1
webmasters:11544	webmasters:54942	1
webmasters:11544	webmasters:67816	1
webmasters:25062	webmasters:19	1
webmasters:25062	webmasters:45570	1
webmasters:19714	webmasters:20838	1
webmasters:19714	webmasters:56206	1
webmasters:19714	webmasters:65568	1
webmasters:19714	webmasters:47162	1
webmasters:19714	webmasters:15501	1
webmasters:19714	webmasters:61384	1
webmasters:19714	webmasters:51878	1
webmasters:19714	webmasters:11815	1
webmasters:19714	webmasters:34227	1
webmasters:19714	webmasters:154	1
webmasters:19714	webmasters:31739	1
webmasters:19714	webmasters:39898	1
webmasters:19714	webmasters:3505	1
webmasters:19714	webmasters:45214	1
webmasters:19714	webmasters:54034	1
webmasters:19714	webmasters:30180	1
webmasters:19714	webmasters:11248	1
webmasters:19714	webmasters:10951	1
webmasters:19714	webmasters:36180	1
webmasters:19714	webmasters:14982	1
webmasters:19714	webmasters:25362	1
webmasters:19714	webmasters:20856	1
webmasters:19714	webmasters:16050	1
webmasters:19714	webmasters:33087	1
webmasters:19714	webmasters:33887	1
webmasters:19714	webmasters:18480	1
webmasters:19714	webmasters:42175	1
webmasters:19714	webmasters:6495	1
webmasters:19714	webmasters:12743	1
webmasters:19714	webmasters:54756	1
webmasters:19714	webmasters:48242	1
webmasters:19714	webmasters:26774	1
webmasters:19714	webmasters:11356	1
webmasters:19714	webmasters:18389	1
webmasters:19714	webmasters:6938	1
webmasters:19714	webmasters:13537	1
webmasters:19714	webmasters:26667	1
webmasters:19714	webmasters:23942	1
webmasters:19714	webmasters:11112	1
webmasters:19714	webmasters:19585	1
webmasters:19714	webmasters:31022	1
webmasters:19714	webmasters:25648	1
webmasters:19714	webmasters:54962	1
webmasters:19714	webmasters:13364	1
webmasters:19714	webmasters:56341	1
webmasters:19714	webmasters:59602	1
webmasters:19714	webmasters:6425	1
webmasters:19714	webmasters:6203	1
webmasters:19714	webmasters:5643	1
webmasters:19714	webmasters:4908	1
webmasters:19714	webmasters:23668	1
webmasters:19714	webmasters:39357	1
webmasters:19714	webmasters:13367	1
webmasters:19714	webmasters:5641	1
webmasters:19714	webmasters:28381	1
webmasters:19714	webmasters:34591	1
webmasters:19714	webmasters:27728	1
webmasters:19714	webmasters:5098	1
webmasters:19714	webmasters:59974	1
webmasters:19714	webmasters:63513	1
webmasters:19714	webmasters:67525	1
webmasters:19714	webmasters:7712	1
webmasters:19714	webmasters:54455	1
webmasters:19714	webmasters:63115	1
webmasters:19714	webmasters:9427	1
webmasters:19714	webmasters:6339	1
webmasters:19714	webmasters:3504	1
webmasters:19714	webmasters:14995	1
webmasters:19714	webmasters:19851	1
webmasters:19714	webmasters:30709	1
webmasters:19714	webmasters:18297	1
webmasters:19714	webmasters:59229	1
webmasters:19714	webmasters:59732	1
webmasters:19714	webmasters:29935	1
webmasters:19714	webmasters:44720	1
webmasters:19714	webmasters:12421	1
webmasters:19714	webmasters:8365	1
webmasters:19714	webmasters:9061	1
webmasters:19714	webmasters:5441	1
webmasters:19714	webmasters:9010	1
webmasters:19714	webmasters:25112	1
webmasters:19714	webmasters:53588	1
webmasters:19714	webmasters:7200	1
webmasters:19714	webmasters:6815	1
webmasters:19714	webmasters:12391	1
webmasters:19714	webmasters:12576	1
webmasters:19714	webmasters:12889	1
webmasters:19714	webmasters:19416	1
webmasters:19714	webmasters:7815	1
webmasters:19714	webmasters:25675	1
webmasters:19714	webmasters:30523	1
webmasters:19714	webmasters:59231	1
webmasters:19714	webmasters:55997	1
webmasters:19714	webmasters:6155	1
webmasters:19714	webmasters:55792	1
webmasters:19714	webmasters:53829	1
webmasters:19714	webmasters:45334	1
webmasters:19714	webmasters:54020	1
webmasters:19714	webmasters:29823	1
webmasters:19714	webmasters:5001	1
webmasters:19714	webmasters:22023	1
webmasters:19714	webmasters:10236	1
webmasters:19714	webmasters:18497	1
webmasters:19714	webmasters:9541	1
webmasters:19714	webmasters:3524	1
webmasters:19714	webmasters:27735	1
webmasters:19714	webmasters:17848	1
webmasters:19714	webmasters:67933	1
webmasters:19714	webmasters:56975	1
webmasters:19714	webmasters:47363	1
webmasters:19714	webmasters:22141	1
webmasters:19714	webmasters:19630	1
webmasters:19714	webmasters:14251	1
webmasters:19714	webmasters:38316	1
webmasters:19714	webmasters:47948	1
webmasters:19714	webmasters:19653	1
webmasters:19714	webmasters:45335	1
webmasters:19714	webmasters:58945	1
webmasters:19714	webmasters:6310	1
webmasters:19714	webmasters:29615	1
webmasters:19714	webmasters:49303	1
webmasters:19714	webmasters:10571	1
webmasters:19714	webmasters:18671	1
webmasters:19714	webmasters:19636	1
webmasters:19714	webmasters:47993	1
webmasters:19714	webmasters:13713	1
webmasters:19714	webmasters:43177	1
webmasters:19714	webmasters:15141	1
webmasters:19714	webmasters:17588	1
webmasters:19714	webmasters:10772	1
webmasters:19714	webmasters:13058	1
webmasters:19714	webmasters:12740	1
webmasters:19714	webmasters:20086	1
webmasters:19714	webmasters:15378	1
webmasters:19714	webmasters:43924	1
webmasters:19714	webmasters:12897	1
webmasters:19714	webmasters:3972	1
webmasters:19714	webmasters:17810	1
webmasters:19714	webmasters:20452	1
webmasters:19714	webmasters:68689	1
webmasters:19714	webmasters:16119	1
webmasters:19714	webmasters:10200	1
webmasters:19714	webmasters:20782	1
webmasters:19714	webmasters:54095	1
webmasters:19714	webmasters:46884	1
webmasters:19714	webmasters:47836	1
webmasters:19714	webmasters:9170	1
webmasters:19714	webmasters:57417	1
webmasters:19714	webmasters:23806	1
webmasters:19714	webmasters:16564	1
webmasters:19714	webmasters:27644	1
webmasters:19714	webmasters:18678	1
webmasters:19714	webmasters:17142	1
webmasters:19714	webmasters:53866	1
webmasters:19714	webmasters:64672	1
webmasters:19714	webmasters:16856	1
webmasters:19714	webmasters:23521	1
webmasters:19714	webmasters:42528	1
webmasters:19714	webmasters:47986	1
webmasters:19714	webmasters:28320	1
webmasters:19714	webmasters:25124	1
webmasters:19714	webmasters:29384	1
webmasters:19714	webmasters:10711	1
webmasters:19714	webmasters:7606	1
webmasters:19714	webmasters:14802	1
webmasters:19714	webmasters:10980	1
webmasters:19714	webmasters:52302	1
webmasters:19714	webmasters:9880	1
webmasters:19714	webmasters:56412	1
webmasters:19714	webmasters:6829	1
webmasters:19714	webmasters:22585	1
webmasters:19714	webmasters:7525	1
webmasters:19714	webmasters:57486	1
webmasters:19714	webmasters:11182	1
webmasters:19714	webmasters:7660	1
webmasters:19714	webmasters:61463	1
webmasters:19714	webmasters:921	1
webmasters:19714	webmasters:26135	1
webmasters:19714	webmasters:20570	1
webmasters:19714	webmasters:15454	1
webmasters:19714	webmasters:10867	1
webmasters:19714	webmasters:23819	1
webmasters:19714	webmasters:4882	1
webmasters:19714	webmasters:34722	1
webmasters:19714	webmasters:18892	1
webmasters:19714	webmasters:50401	1
webmasters:19714	webmasters:3857	1
webmasters:19714	webmasters:2344	1
webmasters:19714	webmasters:22855	1
webmasters:19714	webmasters:9308	1
webmasters:19714	webmasters:67467	1
webmasters:19714	webmasters:9422	1
webmasters:19714	webmasters:11460	1
webmasters:19714	webmasters:66947	1
webmasters:19714	webmasters:57282	1
webmasters:19714	webmasters:64663	1
webmasters:19714	webmasters:8463	1
webmasters:19714	webmasters:27139	1
webmasters:19714	webmasters:21275	1
webmasters:19714	webmasters:19439	1
webmasters:19714	webmasters:1217	1
webmasters:19714	webmasters:18677	1
webmasters:19714	webmasters:9945	1
webmasters:19714	webmasters:20325	1
webmasters:19714	webmasters:5306	1
webmasters:19714	webmasters:62955	1
webmasters:19714	webmasters:13757	1
webmasters:6796	webmasters:6793	1
webmasters:6790	webmasters:25745	1
webmasters:6790	webmasters:16930	1
webmasters:6790	webmasters:8438	1
webmasters:6790	webmasters:21144	1
webmasters:6790	webmasters:8412	1
webmasters:6790	webmasters:61090	1
webmasters:6790	webmasters:12389	1
webmasters:6790	webmasters:7549	1
webmasters:6790	webmasters:3398	1
webmasters:6790	webmasters:16949	1
webmasters:6790	webmasters:42802	1
webmasters:6790	webmasters:16837	1
webmasters:6790	webmasters:67783	1
webmasters:6790	webmasters:12929	1
webmasters:6790	webmasters:15553	1
webmasters:6790	webmasters:28499	1
webmasters:6790	webmasters:26150	1
webmasters:6790	webmasters:24115	1
webmasters:6790	webmasters:38849	1
webmasters:6790	webmasters:26632	1
webmasters:6790	webmasters:1540	1
webmasters:6790	webmasters:22362	1
webmasters:6790	webmasters:43941	1
webmasters:6790	webmasters:53026	1
webmasters:6790	webmasters:54836	1
webmasters:6790	webmasters:21371	1
webmasters:6790	webmasters:39731	1
webmasters:6790	webmasters:18141	1
webmasters:6790	webmasters:16265	1
webmasters:6790	webmasters:30444	1
webmasters:6790	webmasters:36409	1
webmasters:6790	webmasters:23494	1
webmasters:6790	webmasters:13522	1
webmasters:6790	webmasters:1622	1
webmasters:6790	webmasters:56443	1
webmasters:6790	webmasters:10187	1
webmasters:6790	webmasters:53760	1
webmasters:6790	webmasters:50410	1
webmasters:6790	webmasters:25652	1
webmasters:6790	webmasters:23577	1
webmasters:6790	webmasters:42228	1
webmasters:6790	webmasters:47794	1
webmasters:6790	webmasters:30142	1
webmasters:6790	webmasters:24058	1
webmasters:6790	webmasters:33706	1
webmasters:6790	webmasters:19948	1
webmasters:6790	webmasters:16046	1
webmasters:6790	webmasters:31658	1
webmasters:6790	webmasters:24420	1
webmasters:6790	webmasters:45167	1
webmasters:6790	webmasters:18645	1
webmasters:6790	webmasters:68867	1
webmasters:6790	webmasters:8769	1
webmasters:6790	webmasters:13456	1
webmasters:6790	webmasters:23173	1
webmasters:6790	webmasters:61642	1
webmasters:6790	webmasters:11442	1
webmasters:6790	webmasters:9584	1
webmasters:6790	webmasters:7322	1
webmasters:6790	webmasters:46793	1
webmasters:6790	webmasters:11316	1
webmasters:6790	webmasters:24140	1
webmasters:6790	webmasters:36349	1
webmasters:6790	webmasters:48850	1
webmasters:6790	webmasters:56419	1
webmasters:6790	webmasters:19627	1
webmasters:6790	webmasters:13791	1
webmasters:6790	webmasters:5540	1
webmasters:6790	webmasters:22282	1
webmasters:6790	webmasters:46994	1
webmasters:6790	webmasters:29869	1
webmasters:6790	webmasters:33298	1
webmasters:6790	webmasters:24705	1
webmasters:6790	webmasters:38668	1
webmasters:6790	webmasters:32530	1
webmasters:6790	webmasters:56279	1
webmasters:6790	webmasters:12277	1
webmasters:6790	webmasters:10600	1
webmasters:6790	webmasters:44222	1
webmasters:6790	webmasters:53707	1
webmasters:6790	webmasters:16862	1
webmasters:6790	webmasters:53325	1
webmasters:6790	webmasters:22438	1
webmasters:6790	webmasters:24351	1
webmasters:6790	webmasters:48329	1
webmasters:6790	webmasters:44861	1
webmasters:6790	webmasters:2006	1
webmasters:6790	webmasters:11066	1
webmasters:6790	webmasters:11687	1
webmasters:6790	webmasters:26144	1
webmasters:6790	webmasters:10681	1
webmasters:6790	webmasters:8513	1
webmasters:6790	webmasters:24987	1
webmasters:6790	webmasters:14878	1
webmasters:6790	webmasters:34946	1
webmasters:6790	webmasters:17959	1
webmasters:6790	webmasters:57119	1
webmasters:6791	webmasters:6912	1
webmasters:274	webmasters:18110	1
webmasters:22483	webmasters:15909	1
webmasters:30705	webmasters:3466	1
webmasters:64909	webmasters:403	1
webmasters:64909	webmasters:34185	1
webmasters:64909	webmasters:53771	1
webmasters:64909	webmasters:27723	1
webmasters:64909	webmasters:58797	1
webmasters:64909	webmasters:56702	1
webmasters:64909	webmasters:55629	1
webmasters:64909	webmasters:63111	1
webmasters:64909	webmasters:55352	1
webmasters:64909	webmasters:33068	1
webmasters:64909	webmasters:1833	1
webmasters:64909	webmasters:28895	1
webmasters:64909	webmasters:30339	1
webmasters:64909	webmasters:55821	1
webmasters:64909	webmasters:28399	1
webmasters:44798	webmasters:28322	1
webmasters:44240	webmasters:44155	1
webmasters:22877	webmasters:2	1
webmasters:22877	webmasters:237	1
webmasters:22877	webmasters:28884	1
webmasters:22877	webmasters:43973	1
webmasters:22877	webmasters:56674	1
webmasters:22877	webmasters:49377	1
webmasters:22877	webmasters:29653	1
webmasters:22877	webmasters:23798	1
webmasters:22877	webmasters:67140	1
webmasters:22877	webmasters:24206	1
webmasters:22877	webmasters:30320	1
webmasters:22877	webmasters:6351	1
webmasters:22877	webmasters:64784	1
webmasters:22877	webmasters:26485	1
webmasters:22877	webmasters:47854	1
webmasters:22877	webmasters:10281	1
webmasters:22877	webmasters:49394	1
webmasters:22877	webmasters:7587	1
webmasters:22877	webmasters:30725	1
webmasters:22877	webmasters:59515	1
webmasters:22877	webmasters:59733	1
webmasters:22877	webmasters:20407	1
webmasters:22877	webmasters:53591	1
webmasters:22877	webmasters:25950	1
webmasters:22877	webmasters:55804	1
webmasters:22877	webmasters:13081	1
webmasters:22877	webmasters:58603	1
webmasters:22877	webmasters:61792	1
webmasters:22877	webmasters:47309	1
webmasters:22877	webmasters:53102	1
webmasters:22877	webmasters:33544	1
webmasters:22877	webmasters:58594	1
webmasters:22877	webmasters:47142	1
webmasters:22877	webmasters:33344	1
webmasters:22877	webmasters:54522	1
webmasters:22877	webmasters:55612	1
webmasters:22877	webmasters:53354	1
webmasters:22877	webmasters:29530	1
webmasters:22877	webmasters:30798	1
webmasters:22877	webmasters:30892	1
webmasters:22877	webmasters:52102	1
webmasters:22877	webmasters:53206	1
webmasters:22877	webmasters:16885	1
webmasters:22877	webmasters:3486	1
webmasters:22877	webmasters:10546	1
webmasters:22877	webmasters:25210	1
webmasters:22877	webmasters:63362	1
webmasters:22877	webmasters:53145	1
webmasters:22877	webmasters:30451	1
webmasters:22877	webmasters:54559	1
webmasters:22877	webmasters:38471	1
webmasters:22877	webmasters:30919	1
webmasters:22877	webmasters:65402	1
webmasters:22877	webmasters:58939	1
webmasters:22877	webmasters:32823	1
webmasters:22877	webmasters:52140	1
webmasters:22877	webmasters:16873	1
webmasters:22877	webmasters:36109	1
webmasters:22877	webmasters:22017	1
webmasters:22877	webmasters:59876	1
webmasters:22877	webmasters:48303	1
webmasters:22877	webmasters:30485	1
webmasters:22877	webmasters:57425	1
webmasters:22877	webmasters:22086	1
webmasters:22877	webmasters:10548	1
webmasters:22877	webmasters:17791	1
webmasters:22877	webmasters:48919	1
webmasters:22877	webmasters:67687	1
webmasters:22877	webmasters:22837	1
webmasters:22877	webmasters:54052	1
webmasters:22877	webmasters:52634	1
webmasters:22877	webmasters:43356	1
webmasters:22877	webmasters:65336	1
webmasters:22877	webmasters:56520	1
webmasters:22877	webmasters:53822	1
webmasters:22877	webmasters:10533	1
webmasters:22877	webmasters:25656	1
webmasters:22877	webmasters:21976	1
webmasters:22877	webmasters:37599	1
webmasters:22877	webmasters:52834	1
webmasters:22877	webmasters:19356	1
webmasters:22877	webmasters:43350	1
webmasters:22877	webmasters:68513	1
webmasters:22877	webmasters:11623	1
webmasters:22877	webmasters:18730	1
webmasters:22877	webmasters:47231	1
webmasters:22877	webmasters:47766	1
webmasters:22877	webmasters:23501	1
webmasters:22877	webmasters:3472	1
webmasters:22877	webmasters:33343	1
webmasters:22877	webmasters:68954	1
webmasters:22877	webmasters:39529	1
webmasters:22877	webmasters:30915	1
webmasters:22877	webmasters:10265	1
webmasters:22877	webmasters:34151	1
webmasters:22877	webmasters:55223	1
webmasters:22877	webmasters:35284	1
webmasters:22877	webmasters:15568	1
webmasters:22877	webmasters:217	1
webmasters:22877	webmasters:47193	1
webmasters:22877	webmasters:16288	1
webmasters:22877	webmasters:50023	1
webmasters:22877	webmasters:35517	1
webmasters:22877	webmasters:54482	1
webmasters:22877	webmasters:55014	1
webmasters:22877	webmasters:21845	1
webmasters:22877	webmasters:25417	1
webmasters:22877	webmasters:57786	1
webmasters:22877	webmasters:61673	1
webmasters:22877	webmasters:47923	1
webmasters:22877	webmasters:25585	1
webmasters:22877	webmasters:8507	1
webmasters:24083	webmasters:27808	1
webmasters:51823	webmasters:1198	1
webmasters:51823	webmasters:68593	1
webmasters:51823	webmasters:50269	1
webmasters:51823	webmasters:65539	1
webmasters:51823	webmasters:16468	1
webmasters:51823	webmasters:41003	1
webmasters:51823	webmasters:23733	1
webmasters:51823	webmasters:56492	1
webmasters:51823	webmasters:61729	1
webmasters:51823	webmasters:13586	1
webmasters:51823	webmasters:56182	1
webmasters:51823	webmasters:22756	1
webmasters:30412	webmasters:29386	1
webmasters:13056	webmasters:9	1
webmasters:13056	webmasters:10746	1
webmasters:13056	webmasters:46962	1
webmasters:58703	webmasters:54468	1
webmasters:20252	webmasters:3777	1
webmasters:20252	webmasters:12592	1
webmasters:20252	webmasters:57052	1
webmasters:20252	webmasters:60166	1
webmasters:20252	webmasters:30929	1
webmasters:20252	webmasters:19386	1
webmasters:20252	webmasters:25367	1
webmasters:20252	webmasters:39412	1
webmasters:20252	webmasters:47709	1
webmasters:20252	webmasters:59005	1
webmasters:20252	webmasters:24026	1
webmasters:20252	webmasters:50680	1
webmasters:61201	webmasters:374	1
webmasters:61201	webmasters:49958	1
webmasters:61201	webmasters:11773	1
webmasters:20257	webmasters:20206	1
webmasters:44420	webmasters:14031	1
webmasters:44420	webmasters:34774	1
webmasters:44420	webmasters:56953	1
webmasters:29766	webmasters:8487	1
webmasters:29766	webmasters:32289	1
webmasters:29766	webmasters:60612	1
webmasters:29762	webmasters:22540	1
webmasters:29762	webmasters:59417	1
webmasters:29762	webmasters:66914	1
webmasters:47811	webmasters:64889	1
webmasters:44936	webmasters:52434	1
webmasters:7451	webmasters:18881	1
webmasters:7451	webmasters:30218	1
webmasters:35939	webmasters:1377	1
webmasters:35939	webmasters:65065	1
webmasters:35939	webmasters:43926	1
webmasters:35939	webmasters:64649	1
webmasters:35939	webmasters:17666	1
webmasters:35939	webmasters:45356	1
webmasters:35939	webmasters:53616	1
webmasters:35939	webmasters:13408	1
webmasters:35939	webmasters:33577	1
webmasters:35939	webmasters:68241	1
webmasters:35939	webmasters:49139	1
webmasters:35939	webmasters:68245	1
webmasters:35939	webmasters:18385	1
webmasters:34810	webmasters:56920	1
webmasters:34810	webmasters:53960	1
webmasters:34810	webmasters:57280	1
webmasters:34810	webmasters:56524	1
webmasters:34810	webmasters:53065	1
webmasters:35933	webmasters:16723	1
webmasters:50415	webmasters:3131	1
webmasters:55334	webmasters:63493	1
webmasters:10886	webmasters:25771	1
webmasters:10886	webmasters:26804	1
webmasters:10886	webmasters:9612	1
webmasters:10886	webmasters:2097	1
webmasters:10886	webmasters:4891	1
webmasters:10886	webmasters:14425	1
webmasters:10886	webmasters:5321	1
webmasters:10886	webmasters:6983	1
webmasters:10886	webmasters:53610	1
webmasters:10886	webmasters:8650	1
webmasters:10886	webmasters:24036	1
webmasters:10886	webmasters:1965	1
webmasters:10886	webmasters:25160	1
webmasters:10886	webmasters:9997	1
webmasters:10886	webmasters:8973	1
webmasters:10886	webmasters:10863	1
webmasters:10886	webmasters:6059	1
webmasters:10886	webmasters:23004	1
webmasters:10886	webmasters:14570	1
webmasters:10886	webmasters:11467	1
webmasters:10886	webmasters:9082	1
webmasters:10886	webmasters:28104	1
webmasters:10886	webmasters:21132	1
webmasters:10886	webmasters:56571	1
webmasters:10886	webmasters:7668	1
webmasters:52812	webmasters:68979	1
webmasters:42884	webmasters:65793	1
webmasters:58382	webmasters:47159	1
webmasters:53891	webmasters:43975	1
webmasters:53891	webmasters:53954	1
webmasters:53891	webmasters:55972	1
webmasters:53891	webmasters:44002	1
webmasters:43468	webmasters:43077	1
webmasters:5845	webmasters:57023	1
webmasters:5845	webmasters:47921	1
webmasters:56820	webmasters:4803	1
webmasters:56820	webmasters:56778	1
webmasters:56820	webmasters:49549	1
webmasters:56820	webmasters:58636	1
webmasters:16390	webmasters:30854	1
webmasters:16390	webmasters:35486	1
webmasters:16396	webmasters:16395	1
webmasters:16398	webmasters:15060	1
webmasters:16398	webmasters:36320	1
webmasters:34173	webmasters:49117	1
webmasters:57085	webmasters:5704	1
webmasters:57085	webmasters:65776	1
webmasters:57085	webmasters:25291	1
webmasters:57085	webmasters:52019	1
webmasters:57085	webmasters:22804	1
webmasters:57085	webmasters:57616	1
webmasters:12228	webmasters:60245	1
webmasters:15878	webmasters:35652	1
webmasters:15878	webmasters:16988	1
webmasters:15878	webmasters:57752	1
webmasters:15878	webmasters:35002	1
webmasters:15878	webmasters:28629	1
webmasters:15878	webmasters:31821	1
webmasters:15878	webmasters:65295	1
webmasters:15878	webmasters:16187	1
webmasters:15878	webmasters:48715	1
webmasters:15878	webmasters:31814	1
webmasters:15878	webmasters:12269	1
webmasters:15878	webmasters:9690	1
webmasters:15878	webmasters:6269	1
webmasters:15878	webmasters:8401	1
webmasters:15878	webmasters:38789	1
webmasters:15878	webmasters:14284	1
webmasters:15878	webmasters:28760	1
webmasters:15878	webmasters:14775	1
webmasters:15878	webmasters:7935	1
webmasters:15878	webmasters:13480	1
webmasters:15878	webmasters:17154	1
webmasters:15878	webmasters:21885	1
webmasters:15878	webmasters:56485	1
webmasters:15878	webmasters:58980	1
webmasters:15878	webmasters:60867	1
webmasters:15878	webmasters:12057	1
webmasters:15878	webmasters:4660	1
webmasters:15878	webmasters:19032	1
webmasters:15878	webmasters:3078	1
webmasters:15878	webmasters:35567	1
webmasters:15878	webmasters:34855	1
webmasters:15878	webmasters:25174	1
webmasters:15878	webmasters:19522	1
webmasters:15878	webmasters:53919	1
webmasters:15878	webmasters:26974	1
webmasters:15878	webmasters:55596	1
webmasters:57886	webmasters:20119	1
webmasters:21427	webmasters:244	1
webmasters:21427	webmasters:25999	1
webmasters:19978	webmasters:53577	1
webmasters:21423	webmasters:15380	1
webmasters:21423	webmasters:41139	1
webmasters:21423	webmasters:56090	1
webmasters:21423	webmasters:67353	1
webmasters:58280	webmasters:15393	1
webmasters:58280	webmasters:38628	1
webmasters:58280	webmasters:28421	1
webmasters:58280	webmasters:35595	1
webmasters:58280	webmasters:65423	1
webmasters:58280	webmasters:49389	1
webmasters:58280	webmasters:67202	1
webmasters:43228	webmasters:13891	1
webmasters:53468	webmasters:26364	1
webmasters:1766	webmasters:1413	1
webmasters:1766	webmasters:25052	1
webmasters:1766	webmasters:39746	1
webmasters:24550	webmasters:30150	1
webmasters:24550	webmasters:21335	1
webmasters:24550	webmasters:21559	1
webmasters:24550	webmasters:17438	1
webmasters:24550	webmasters:2182	1
webmasters:24550	webmasters:5753	1
webmasters:24550	webmasters:11472	1
webmasters:24550	webmasters:18100	1
webmasters:24550	webmasters:22094	1
webmasters:24550	webmasters:11590	1
webmasters:24550	webmasters:1625	1
webmasters:24550	webmasters:16665	1
webmasters:24550	webmasters:21659	1
webmasters:24550	webmasters:26859	1
webmasters:24550	webmasters:10643	1
webmasters:24550	webmasters:8656	1
webmasters:24550	webmasters:8867	1
webmasters:24550	webmasters:28139	1
webmasters:24550	webmasters:9376	1
webmasters:24550	webmasters:50300	1
webmasters:24550	webmasters:12096	1
webmasters:24550	webmasters:53175	1
webmasters:24550	webmasters:18776	1
webmasters:8710	webmasters:69050	1
webmasters:8710	webmasters:65767	1
webmasters:8710	webmasters:32171	1
webmasters:8710	webmasters:29469	1
webmasters:8710	webmasters:27658	1
webmasters:66979	webmasters:1326	1
webmasters:55509	webmasters:6022	1
webmasters:55509	webmasters:53750	1
webmasters:52642	webmasters:4145	1
webmasters:35212	webmasters:34718	1
webmasters:11560	webmasters:45451	1
webmasters:11560	webmasters:20302	1
webmasters:9968	webmasters:9847	1
webmasters:57273	webmasters:18287	1
webmasters:57273	webmasters:23847	1
webmasters:21633	webmasters:53436	1
webmasters:21636	webmasters:2010	1
webmasters:45465	webmasters:47352	1
webmasters:64907	webmasters:28544	1
webmasters:38562	webmasters:3079	1
webmasters:38562	webmasters:7168	1
webmasters:38562	webmasters:42210	1
webmasters:38562	webmasters:7797	1
webmasters:38562	webmasters:65298	1
webmasters:32519	webmasters:29607	1
webmasters:14644	webmasters:45566	1
webmasters:18763	webmasters:59355	1
webmasters:59788	webmasters:3544	1
webmasters:59788	webmasters:16324	1
webmasters:59788	webmasters:9785	1
webmasters:59788	webmasters:20636	1
webmasters:47931	webmasters:58370	1
webmasters:12583	webmasters:50486	1
webmasters:22658	webmasters:26807	1
webmasters:23382	webmasters:57546	1
webmasters:23382	webmasters:45267	1
webmasters:28653	webmasters:29944	1
webmasters:54423	webmasters:57795	1
webmasters:54423	webmasters:57788	1
webmasters:13510	webmasters:410	1
webmasters:13510	webmasters:57654	1
webmasters:13510	webmasters:25570	1
webmasters:13510	webmasters:55916	1
webmasters:13510	webmasters:62904	1
webmasters:13510	webmasters:15019	1
webmasters:13510	webmasters:14475	1
webmasters:13510	webmasters:68163	1
webmasters:27237	webmasters:5531	1
webmasters:27237	webmasters:60986	1
webmasters:27237	webmasters:12700	1
webmasters:27237	webmasters:53256	1
webmasters:27237	webmasters:45248	1
webmasters:42576	webmasters:45562	1
webmasters:6185	webmasters:23043	1
webmasters:2726	webmasters:23123	1
webmasters:2726	webmasters:53330	1
webmasters:2726	webmasters:3786	1
webmasters:2726	webmasters:23117	1
webmasters:2726	webmasters:23112	1
webmasters:48200	webmasters:25373	1
webmasters:48200	webmasters:24960	1
webmasters:48200	webmasters:25803	1
webmasters:48200	webmasters:56558	1
webmasters:48200	webmasters:22892	1
webmasters:48200	webmasters:4202	1
webmasters:48200	webmasters:47995	1
webmasters:48200	webmasters:8046	1
webmasters:48200	webmasters:28225	1
webmasters:48200	webmasters:53823	1
webmasters:48200	webmasters:719	1
webmasters:48200	webmasters:25586	1
webmasters:48200	webmasters:194	1
webmasters:23993	webmasters:22303	1
webmasters:56101	webmasters:16941	1
webmasters:56101	webmasters:58481	1
webmasters:56101	webmasters:58825	1
webmasters:56101	webmasters:52282	1
webmasters:56101	webmasters:18884	1
webmasters:56101	webmasters:54278	1
webmasters:56101	webmasters:21136	1
webmasters:56101	webmasters:54341	1
webmasters:56101	webmasters:64748	1
webmasters:56101	webmasters:64634	1
webmasters:56101	webmasters:68431	1
webmasters:56101	webmasters:53281	1
webmasters:56101	webmasters:21153	1
webmasters:56101	webmasters:48258	1
webmasters:56101	webmasters:45305	1
webmasters:56101	webmasters:57830	1
webmasters:56101	webmasters:58628	1
webmasters:9777	webmasters:3480	1
webmasters:8861	webmasters:4852	1
webmasters:49781	webmasters:57986	1
webmasters:5265	webmasters:55421	1
webmasters:5269	webmasters:34383	1
webmasters:54038	webmasters:35809	1
webmasters:54038	webmasters:56576	1
webmasters:19813	webmasters:15973	1
webmasters:19813	webmasters:35780	1
webmasters:19813	webmasters:3923	1
webmasters:19813	webmasters:26261	1
webmasters:19813	webmasters:68804	1
webmasters:19813	webmasters:20971	1
webmasters:31008	webmasters:30186	1
webmasters:34481	webmasters:14824	1
webmasters:34481	webmasters:43057	1
webmasters:34481	webmasters:25396	1
webmasters:34481	webmasters:67456	1
webmasters:34481	webmasters:39497	1
webmasters:34481	webmasters:45056	1
webmasters:34481	webmasters:48170	1
webmasters:34481	webmasters:31975	1
webmasters:35272	webmasters:58710	1
webmasters:55780	webmasters:16838	1
webmasters:9943	webmasters:26825	1
webmasters:9947	webmasters:6643	1
webmasters:9947	webmasters:12397	1
webmasters:9947	webmasters:49004	1
webmasters:64632	webmasters:4941	1
webmasters:64632	webmasters:55979	1
webmasters:64632	webmasters:64625	1
webmasters:53305	webmasters:8429	1
webmasters:53305	webmasters:20155	1
webmasters:45402	webmasters:2402	1
webmasters:45402	webmasters:45264	1
webmasters:45402	webmasters:34231	1
webmasters:45402	webmasters:68947	1
webmasters:45402	webmasters:18651	1
webmasters:45402	webmasters:54433	1
webmasters:45402	webmasters:22613	1
webmasters:45402	webmasters:68551	1
webmasters:45402	webmasters:1574	1
webmasters:45402	webmasters:56544	1
webmasters:45402	webmasters:47312	1
webmasters:45402	webmasters:14254	1
webmasters:45402	webmasters:56066	1
webmasters:45402	webmasters:45239	1
webmasters:45402	webmasters:22336	1
webmasters:45402	webmasters:56613	1
webmasters:45402	webmasters:47824	1
webmasters:45402	webmasters:45545	1
webmasters:45402	webmasters:50957	1
webmasters:45402	webmasters:38773	1
webmasters:45402	webmasters:63019	1
webmasters:45402	webmasters:17266	1
webmasters:26060	webmasters:9972	1
webmasters:47270	webmasters:54041	1
webmasters:47270	webmasters:62897	1
webmasters:47270	webmasters:47969	1
webmasters:47270	webmasters:68633	1
webmasters:47270	webmasters:61598	1
webmasters:47270	webmasters:53872	1
webmasters:47270	webmasters:48298	1
webmasters:47270	webmasters:54012	1
webmasters:47270	webmasters:5349	1
webmasters:47270	webmasters:53877	1
webmasters:47270	webmasters:45517	1
webmasters:34871	webmasters:13485	1
webmasters:34871	webmasters:15838	1
webmasters:34871	webmasters:25853	1
webmasters:64944	webmasters:67538	1
webmasters:17162	webmasters:13902	1
webmasters:17162	webmasters:48405	1
webmasters:50974	webmasters:31796	1
webmasters:14669	webmasters:14520	1
webmasters:5385	webmasters:51406	1
webmasters:48692	webmasters:22285	1
webmasters:48692	webmasters:49895	1
webmasters:48699	webmasters:4495	1
webmasters:48699	webmasters:67508	1
webmasters:48699	webmasters:45568	1
webmasters:23954	webmasters:24038	1
webmasters:59029	webmasters:26073	1
webmasters:59029	webmasters:28041	1
webmasters:59568	webmasters:34418	1
webmasters:15137	webmasters:34031	1
webmasters:24298	webmasters:15688	1
webmasters:24298	webmasters:63311	1
webmasters:24298	webmasters:57059	1
webmasters:28094	webmasters:12747	1
webmasters:24749	webmasters:67659	1
webmasters:19406	webmasters:6	1
webmasters:19406	webmasters:7296	1
webmasters:19406	webmasters:14223	1
webmasters:19406	webmasters:29899	1
webmasters:19406	webmasters:65519	1
webmasters:19406	webmasters:29263	1
webmasters:34375	webmasters:14553	1
webmasters:67085	webmasters:22966	1
webmasters:32347	webmasters:58246	1
webmasters:16186	webmasters:21078	1
webmasters:42190	webmasters:56993	1
webmasters:17080	webmasters:16946	1
webmasters:63508	webmasters:60387	1
webmasters:18978	webmasters:19651	1
webmasters:18978	webmasters:48159	1
webmasters:12911	webmasters:53148	1
webmasters:15834	webmasters:33013	1
webmasters:53438	webmasters:53014	1
webmasters:49736	webmasters:50287	1
webmasters:58576	webmasters:139	1
webmasters:38014	webmasters:35563	1
webmasters:30379	webmasters:443	1
webmasters:30379	webmasters:33091	1
webmasters:30379	webmasters:52121	1
webmasters:5653	webmasters:42400	1
webmasters:5653	webmasters:38423	1
webmasters:5653	webmasters:57980	1
webmasters:5653	webmasters:29229	1
webmasters:5653	webmasters:58495	1
webmasters:35073	webmasters:22080	1
webmasters:35073	webmasters:31974	1
webmasters:56418	webmasters:53703	1
webmasters:56418	webmasters:62942	1
webmasters:216	webmasters:47411	1
webmasters:16769	webmasters:14256	1
webmasters:55501	webmasters:34304	1
webmasters:55501	webmasters:64706	1
webmasters:64967	webmasters:67251	1
webmasters:26080	webmasters:11584	1
webmasters:48716	webmasters:28935	1
webmasters:60423	webmasters:51798	1
webmasters:9543	webmasters:6078	1
webmasters:9540	webmasters:19203	1
webmasters:9540	webmasters:57249	1
webmasters:33561	webmasters:23825	1
webmasters:1115	webmasters:68387	1
webmasters:1449	webmasters:48941	1
webmasters:22618	webmasters:53804	1
webmasters:14174	webmasters:11700	1
webmasters:14174	webmasters:61148	1
webmasters:56655	webmasters:56070	1
webmasters:59891	webmasters:3728	1
webmasters:59891	webmasters:49571	1
webmasters:59891	webmasters:29826	1
webmasters:59891	webmasters:58166	1
webmasters:59891	webmasters:28300	1
webmasters:59891	webmasters:27585	1
webmasters:59891	webmasters:57133	1
webmasters:59891	webmasters:28332	1
webmasters:59891	webmasters:31788	1
webmasters:59891	webmasters:57420	1
webmasters:59891	webmasters:56652	1
webmasters:59891	webmasters:54578	1
webmasters:59891	webmasters:27287	1
webmasters:59891	webmasters:12493	1
webmasters:4780	webmasters:14912	1
webmasters:51304	webmasters:53953	1
webmasters:11262	webmasters:385	1
webmasters:11262	webmasters:9373	1
webmasters:19742	webmasters:19772	1
webmasters:16067	webmasters:18557	1
webmasters:28266	webmasters:6073	1
webmasters:28266	webmasters:58733	1
webmasters:28266	webmasters:48266	1
webmasters:28266	webmasters:65754	1
webmasters:28266	webmasters:67990	1
webmasters:28266	webmasters:38713	1
webmasters:28266	webmasters:31954	1
webmasters:28266	webmasters:58878	1
webmasters:28266	webmasters:68897	1
webmasters:28266	webmasters:68856	1
webmasters:28266	webmasters:33832	1
webmasters:28266	webmasters:63417	1
webmasters:28266	webmasters:53701	1
webmasters:28266	webmasters:64765	1
webmasters:14543	webmasters:21987	1
webmasters:14546	webmasters:45366	1
webmasters:14546	webmasters:26148	1
webmasters:17314	webmasters:2631	1
webmasters:52307	webmasters:54361	1
webmasters:20827	webmasters:9861	1
webmasters:9739	webmasters:16641	1
webmasters:32459	webmasters:7338	1
webmasters:54261	webmasters:1734	1
webmasters:54261	webmasters:48848	1
webmasters:24888	webmasters:15	1
webmasters:47040	webmasters:24070	1
webmasters:34492	webmasters:2330	1
webmasters:34492	webmasters:21812	1
webmasters:34492	webmasters:7535	1
webmasters:34492	webmasters:25873	1
webmasters:34492	webmasters:34735	1
webmasters:34492	webmasters:29725	1
webmasters:34492	webmasters:53050	1
webmasters:34492	webmasters:34636	1
webmasters:34492	webmasters:34763	1
webmasters:30938	webmasters:35772	1
webmasters:17914	webmasters:57072	1
webmasters:15362	webmasters:13995	1
webmasters:15361	webmasters:4025	1
webmasters:3932	webmasters:31048	1
webmasters:25752	webmasters:54145	1
webmasters:11457	webmasters:8966	1
webmasters:17124	webmasters:8129	1
webmasters:17124	webmasters:8304	1
webmasters:17124	webmasters:17589	1
webmasters:971	webmasters:1055	1
webmasters:27860	webmasters:56390	1
webmasters:10473	webmasters:37541	1
webmasters:31724	webmasters:18965	1
webmasters:13920	webmasters:54986	1
webmasters:310	webmasters:29568	1
webmasters:56600	webmasters:52656	1
webmasters:56600	webmasters:59922	1
webmasters:7299	webmasters:8111	1
webmasters:7299	webmasters:8786	1
webmasters:7299	webmasters:59181	1
webmasters:7299	webmasters:18017	1
webmasters:7299	webmasters:53128	1
webmasters:15871	webmasters:14010	1
webmasters:16420	webmasters:16419	1
webmasters:59898	webmasters:50245	1
webmasters:4596	webmasters:49478	1
webmasters:4596	webmasters:50629	1
webmasters:13170	webmasters:53288	1
webmasters:26240	webmasters:37628	1
webmasters:3952	webmasters:63055	1
webmasters:3952	webmasters:64836	1
webmasters:8354	webmasters:28330	1
webmasters:39092	webmasters:39144	1
webmasters:57768	webmasters:7574	1
webmasters:49618	webmasters:21	1
webmasters:49618	webmasters:12393	1
webmasters:55898	webmasters:55379	1
webmasters:67512	webmasters:13914	1
webmasters:67512	webmasters:15059	1
webmasters:67512	webmasters:19373	1
webmasters:56018	webmasters:3148	1
webmasters:53714	webmasters:53323	1
webmasters:68349	webmasters:39917	1
webmasters:20143	webmasters:15927	1
webmasters:10104	webmasters:17115	1
webmasters:10104	webmasters:20752	1
webmasters:21768	webmasters:30139	1
webmasters:63152	webmasters:60509	1
webmasters:30213	webmasters:2267	1
webmasters:30213	webmasters:58360	1
webmasters:30213	webmasters:56957	1
webmasters:30213	webmasters:60340	1
webmasters:30213	webmasters:33515	1
webmasters:30213	webmasters:13640	1
webmasters:30213	webmasters:12384	1
webmasters:30213	webmasters:65474	1
webmasters:30213	webmasters:53538	1
webmasters:30213	webmasters:59389	1
webmasters:30213	webmasters:60331	1
webmasters:30214	webmasters:63	1
webmasters:30214	webmasters:27754	1
webmasters:593	webmasters:36223	1
webmasters:2822	webmasters:67779	1
webmasters:2823	webmasters:25765	1
webmasters:14473	webmasters:30099	1
webmasters:14473	webmasters:31874	1
webmasters:14473	webmasters:30083	1
webmasters:14473	webmasters:29775	1
webmasters:335	webmasters:30459	1
webmasters:22301	webmasters:22413	1
webmasters:12759	webmasters:54713	1
webmasters:9118	webmasters:9085	1
webmasters:57028	webmasters:55958	1
webmasters:16999	webmasters:16995	1
webmasters:50475	webmasters:51287	1
webmasters:33415	webmasters:67163	1
webmasters:21377	webmasters:20446	1
webmasters:21377	webmasters:39509	1
webmasters:21377	webmasters:23917	1
webmasters:66976	webmasters:55635	1
webmasters:34525	webmasters:11772	1
webmasters:53076	webmasters:11657	1
webmasters:60617	webmasters:44815	1
webmasters:20424	webmasters:31666	1
webmasters:34903	webmasters:35042	1
webmasters:30685	webmasters:28606	1
webmasters:19906	webmasters:51383	1
webmasters:24427	webmasters:1431	1
webmasters:24427	webmasters:36328	1
webmasters:50664	webmasters:19590	1
webmasters:11413	webmasters:11426	1
webmasters:16299	webmasters:22296	1
webmasters:4473	webmasters:67004	1
webmasters:50234	webmasters:16090	1
webmasters:20161	webmasters:15662	1
webmasters:20161	webmasters:44477	1
webmasters:41035	webmasters:9915	1
webmasters:67720	webmasters:67420	1
webmasters:44440	webmasters:57731	1
webmasters:47342	webmasters:67592	1
webmasters:47342	webmasters:61053	1
webmasters:6556	webmasters:25490	1
webmasters:51652	webmasters:51657	1
webmasters:56853	webmasters:18967	1
webmasters:38139	webmasters:43437	1
webmasters:49751	webmasters:49726	1
webmasters:18607	webmasters:4179	1
webmasters:18607	webmasters:22993	1
webmasters:18607	webmasters:11625	1
webmasters:18607	webmasters:27918	1
webmasters:44070	webmasters:5214	1
webmasters:44071	webmasters:38917	1
webmasters:56160	webmasters:59536	1
webmasters:8206	webmasters:17532	1
webmasters:58535	webmasters:20504	1
webmasters:12974	webmasters:12706	1
webmasters:51011	webmasters:50754	1
webmasters:47577	webmasters:65590	1
webmasters:61375	webmasters:61241	1
webmasters:28205	webmasters:23169	1
webmasters:28205	webmasters:33780	1
webmasters:28205	webmasters:44136	1
webmasters:28205	webmasters:24327	1
webmasters:28205	webmasters:50687	1
webmasters:11383	webmasters:13649	1
webmasters:68094	webmasters:47636	1
webmasters:68094	webmasters:67866	1
webmasters:68094	webmasters:67212	1
webmasters:68094	webmasters:53977	1
webmasters:2448	webmasters:54538	1
webmasters:7864	webmasters:43786	1
webmasters:65804	webmasters:54499	1
webmasters:65804	webmasters:57309	1
webmasters:65804	webmasters:27623	1
webmasters:48366	webmasters:59396	1
webmasters:58185	webmasters:20211	1
webmasters:58185	webmasters:34771	1
webmasters:48094	webmasters:63388	1
webmasters:54378	webmasters:65156	1
webmasters:54378	webmasters:65398	1
webmasters:47772	webmasters:12966	1
webmasters:47772	webmasters:28402	1
webmasters:4269	webmasters:25534	1
webmasters:47771	webmasters:44171	1
webmasters:19362	webmasters:60046	1
webmasters:21110	webmasters:19531	1
webmasters:2272	webmasters:62938	1
webmasters:55228	webmasters:46666	1
webmasters:17281	webmasters:29286	1
webmasters:56919	webmasters:45258	1
webmasters:10626	webmasters:20839	1
webmasters:10626	webmasters:19897	1
webmasters:68635	webmasters:65011	1
webmasters:67970	webmasters:61824	1
webmasters:67970	webmasters:67903	1
webmasters:67970	webmasters:67867	1
webmasters:27802	webmasters:8005	1
webmasters:27802	webmasters:23814	1
webmasters:19176	webmasters:22143	1
webmasters:47083	webmasters:55183	1
webmasters:53626	webmasters:5392	1
webmasters:53626	webmasters:56913	1
webmasters:53626	webmasters:50294	1
webmasters:53626	webmasters:22627	1
webmasters:56074	webmasters:50542	1
webmasters:9347	webmasters:134	1
webmasters:9347	webmasters:31221	1
webmasters:54970	webmasters:39021	1
webmasters:3320	webmasters:3635	1
webmasters:20078	webmasters:56565	1
webmasters:34882	webmasters:12045	1
webmasters:533	webmasters:24850	1
webmasters:533	webmasters:33607	1
webmasters:41118	webmasters:29227	1
webmasters:6519	webmasters:25279	1
webmasters:6519	webmasters:38592	1
webmasters:6519	webmasters:67782	1
webmasters:51902	webmasters:30855	1
webmasters:43494	webmasters:43387	1
webmasters:43494	webmasters:60860	1
webmasters:10993	webmasters:11004	1
webmasters:63591	webmasters:53472	1
webmasters:38994	webmasters:6391	1
webmasters:18395	webmasters:34587	1
webmasters:30776	webmasters:55697	1
webmasters:24997	webmasters:42500	1
webmasters:12690	webmasters:13242	1
webmasters:10838	webmasters:22339	1
webmasters:3242	webmasters:9183	1
webmasters:3242	webmasters:6855	1
webmasters:18185	webmasters:13237	1
webmasters:64858	webmasters:35755	1
webmasters:27720	webmasters:4384	1
webmasters:34605	webmasters:13809	1
webmasters:29238	webmasters:27286	1
webmasters:4166	webmasters:3726	1
webmasters:26181	webmasters:4926	1
webmasters:19637	webmasters:15035	1
webmasters:3496	webmasters:44624	1
webmasters:3496	webmasters:56113	1
webmasters:3496	webmasters:53920	1
webmasters:3496	webmasters:60088	1
webmasters:3496	webmasters:33217	1
webmasters:3496	webmasters:52567	1
webmasters:3496	webmasters:61461	1
webmasters:11663	webmasters:44762	1
webmasters:32703	webmasters:21508	1
webmasters:20933	webmasters:21098	1
webmasters:45395	webmasters:8857	1
webmasters:32352	webmasters:14415	1
webmasters:32352	webmasters:37759	1
webmasters:32352	webmasters:63423	1
webmasters:37723	webmasters:37702	1
webmasters:37727	webmasters:67861	1
webmasters:19134	webmasters:17040	1
webmasters:11492	webmasters:54016	1
webmasters:42564	webmasters:62875	1
webmasters:53156	webmasters:43211	1
webmasters:57880	webmasters:50666	1
webmasters:57880	webmasters:53392	1
webmasters:51528	webmasters:15607	1
webmasters:68063	webmasters:45076	1
webmasters:68063	webmasters:49646	1
webmasters:53713	webmasters:33346	1
webmasters:30548	webmasters:30508	1
webmasters:59697	webmasters:61125	1
webmasters:59697	webmasters:61133	1
webmasters:49794	webmasters:61023	1
webmasters:49794	webmasters:61060	1
webmasters:1208	webmasters:548	1
webmasters:15578	webmasters:15560	1
webmasters:8273	webmasters:1742	1
webmasters:8273	webmasters:10428	1
webmasters:5550	webmasters:29705	1
webmasters:59293	webmasters:3399	1
webmasters:59293	webmasters:54257	1
webmasters:59293	webmasters:37826	1
webmasters:59293	webmasters:38617	1
webmasters:59293	webmasters:37546	1
webmasters:59293	webmasters:16263	1
webmasters:59293	webmasters:54491	1
webmasters:16170	webmasters:29398	1
webmasters:56754	webmasters:52611	1
webmasters:56765	webmasters:30024	1
webmasters:16799	webmasters:24774	1
webmasters:33178	webmasters:33093	1
webmasters:12333	webmasters:67727	1
webmasters:10242	webmasters:18537	1
webmasters:57582	webmasters:65854	1
webmasters:50224	webmasters:3708	1
webmasters:28825	webmasters:29693	1
webmasters:57933	webmasters:2601	1
webmasters:19517	webmasters:16074	1
webmasters:54138	webmasters:31220	1
webmasters:57102	webmasters:26238	1
webmasters:44629	webmasters:44634	1
webmasters:51099	webmasters:68269	1
webmasters:52624	webmasters:60049	1
webmasters:10012	webmasters:43607	1
webmasters:34986	webmasters:13064	1
webmasters:54834	webmasters:56902	1
webmasters:54834	webmasters:7887	1
webmasters:45147	webmasters:34332	1
webmasters:48136	webmasters:45354	1
webmasters:48136	webmasters:53451	1
webmasters:57894	webmasters:44335	1
webmasters:42860	webmasters:54279	1
webmasters:68455	webmasters:47261	1
webmasters:34510	webmasters:861	1
webmasters:34510	webmasters:38780	1
webmasters:7424	webmasters:8804	1
webmasters:39250	webmasters:54792	1
webmasters:6602	webmasters:10442	1
webmasters:63582	webmasters:63587	1
webmasters:26206	webmasters:20068	1
webmasters:62996	webmasters:55934	1
webmasters:18011	webmasters:68441	1
webmasters:32276	webmasters:22213	1
webmasters:9848	webmasters:56695	1
webmasters:14457	webmasters:25082	1
webmasters:56712	webmasters:6157	1
webmasters:56712	webmasters:21971	1
webmasters:7383	webmasters:26244	1
webmasters:54851	webmasters:39954	1
webmasters:68299	webmasters:22545	1
webmasters:20992	webmasters:18329	1
webmasters:52172	webmasters:23326	1
webmasters:18050	webmasters:48370	1
webmasters:18050	webmasters:19237	1
webmasters:25869	webmasters:10046	1
webmasters:22684	webmasters:32151	1
webmasters:61084	webmasters:7139	1
webmasters:61080	webmasters:13264	1
webmasters:19559	webmasters:48312	1
webmasters:63489	webmasters:26071	1
webmasters:65130	webmasters:26218	1
webmasters:65395	webmasters:23218	1
webmasters:58888	webmasters:44372	1
webmasters:29829	webmasters:31545	1
webmasters:23532	webmasters:1786	1
webmasters:28757	webmasters:28684	1
webmasters:28978	webmasters:17028	1
webmasters:28978	webmasters:17387	1
webmasters:8001	webmasters:28176	1
webmasters:35768	webmasters:3588	1
webmasters:50428	webmasters:15895	1
webmasters:50428	webmasters:47315	1
webmasters:50428	webmasters:60518	1
webmasters:26573	webmasters:209	1
webmasters:5852	webmasters:25080	1
webmasters:3770	webmasters:64802	1
webmasters:52395	webmasters:68335	1
webmasters:7889	webmasters:4524	1
webmasters:19576	webmasters:19626	1
webmasters:47088	webmasters:30806	1
webmasters:8836	webmasters:20584	1
webmasters:32659	webmasters:22395	1
webmasters:28367	webmasters:31131	1
webmasters:8501	webmasters:8811	1
webmasters:47031	webmasters:46631	1
webmasters:33627	webmasters:38229	1
webmasters:22495	webmasters:22470	1
webmasters:26386	webmasters:21499	1
webmasters:44782	webmasters:19822	1
webmasters:29800	webmasters:26467	1
webmasters:47071	webmasters:10018	1
webmasters:8536	webmasters:4502	1
webmasters:8536	webmasters:30040	1
webmasters:22392	webmasters:5943	1
webmasters:38693	webmasters:5043	1
webmasters:20093	webmasters:27714	1
webmasters:20093	webmasters:2498	1
webmasters:7209	webmasters:12807	1
webmasters:803	webmasters:34980	1
webmasters:27520	webmasters:15620	1
webmasters:13850	webmasters:17508	1
webmasters:63070	webmasters:20914	1
webmasters:49088	webmasters:59074	1
webmasters:61798	webmasters:38556	1
webmasters:31089	webmasters:49227	1
webmasters:51152	webmasters:56748	1
webmasters:52683	webmasters:52631	1
webmasters:26849	webmasters:45150	1
webmasters:25189	webmasters:30556	1
webmasters:5662	webmasters:44397	1
webmasters:18	webmasters:15400	1
webmasters:9572	webmasters:9689	1
webmasters:10756	webmasters:9936	1
webmasters:59326	webmasters:467	1
webmasters:67155	webmasters:53595	1
webmasters:47349	webmasters:25140	1
webmasters:7484	webmasters:7396	1
webmasters:7484	webmasters:59456	1
webmasters:28961	webmasters:2043	1
webmasters:28961	webmasters:13107	1
webmasters:11256	webmasters:19090	1
webmasters:26361	webmasters:4221	1
webmasters:21183	webmasters:20309	1
webmasters:848	webmasters:50049	1
webmasters:55220	webmasters:54859	1
webmasters:55225	webmasters:54790	1
webmasters:50839	webmasters:67804	1
webmasters:19275	webmasters:7391	1
webmasters:5007	webmasters:50383	1
webmasters:4424	webmasters:4497	1
webmasters:25434	webmasters:3887	1
webmasters:14818	webmasters:8427	1
webmasters:23546	webmasters:23541	1
webmasters:51198	webmasters:32813	1
webmasters:32360	webmasters:4546	1
webmasters:16437	webmasters:44188	1
webmasters:61272	webmasters:61289	1
webmasters:26132	webmasters:25994	1
webmasters:38155	webmasters:31330	1
webmasters:1318	webmasters:5	1
webmasters:15422	webmasters:7331	1
webmasters:30908	webmasters:31393	1
webmasters:31056	webmasters:25663	1
webmasters:49067	webmasters:25603	1
webmasters:41061	webmasters:26274	1
webmasters:67266	webmasters:67344	1
webmasters:61737	webmasters:51	1
webmasters:55945	webmasters:49862	1
webmasters:28144	webmasters:13764	1
webmasters:38838	webmasters:60621	1
webmasters:38838	webmasters:49191	1
webmasters:44049	webmasters:44875	1
webmasters:29030	webmasters:1005	1
webmasters:29030	webmasters:25978	1
webmasters:25470	webmasters:32304	1
webmasters:36278	webmasters:53025	1
webmasters:7136	webmasters:59168	1
webmasters:25315	webmasters:36001	1
webmasters:9897	webmasters:35189	1
webmasters:16614	webmasters:21084	1
webmasters:2793	webmasters:7607	1
webmasters:12960	webmasters:47857	1
webmasters:1355	webmasters:17680	1
webmasters:61507	webmasters:30266	1
webmasters:61507	webmasters:61188	1
webmasters:51674	webmasters:29879	1
webmasters:51674	webmasters:65795	1
webmasters:51674	webmasters:65453	1
webmasters:13959	webmasters:13957	1
webmasters:45	webmasters:2875	1
webmasters:31354	webmasters:25028	1
webmasters:64708	webmasters:45505	1
webmasters:57073	webmasters:3804	1
webmasters:17724	webmasters:48761	1
webmasters:14390	webmasters:11525	1
webmasters:49400	webmasters:49130	1
webmasters:11637	webmasters:34955	1
webmasters:53405	webmasters:24344	1
webmasters:55000	webmasters:48595	1
webmasters:10177	webmasters:3763	1
webmasters:10177	webmasters:49200	1
webmasters:55279	webmasters:5114	1
webmasters:19168	webmasters:54805	1
webmasters:55265	webmasters:55458	1
webmasters:31629	webmasters:29448	1
webmasters:7377	webmasters:7375	1
webmasters:36434	webmasters:47498	1
webmasters:6890	webmasters:47425	1
webmasters:8798	webmasters:1484	1
webmasters:8798	webmasters:14604	1
webmasters:31203	webmasters:8758	1
webmasters:47970	webmasters:2105	1
webmasters:27087	webmasters:66972	1
webmasters:53486	webmasters:56791	1
webmasters:65733	webmasters:65118	1
wordpress:120122	wordpress:21561	1
wordpress:120122	wordpress:27604	1
wordpress:120122	wordpress:66189	1
wordpress:120122	wordpress:84763	1
wordpress:120126	wordpress:35683	1
wordpress:46136	wordpress:114781	1
wordpress:16709	wordpress:154706	1
wordpress:95799	wordpress:124993	1
wordpress:124354	wordpress:82490	1
wordpress:114225	wordpress:78428	1
wordpress:151384	wordpress:151305	1
wordpress:115278	wordpress:76861	1
wordpress:23263	wordpress:36679	1
wordpress:10706	wordpress:131769	1
wordpress:6774	wordpress:37144	1
wordpress:6774	wordpress:54292	1
wordpress:145811	wordpress:145953	1
wordpress:145811	wordpress:145583	1
wordpress:121540	wordpress:58178	1
wordpress:154271	wordpress:154281	1
wordpress:154271	wordpress:112229	1
wordpress:120772	wordpress:25910	1
wordpress:124358	wordpress:120407	1
wordpress:124358	wordpress:145232	1
wordpress:124358	wordpress:74496	1
wordpress:124358	wordpress:139332	1
wordpress:124358	wordpress:67033	1
wordpress:124358	wordpress:124398	1
wordpress:124358	wordpress:124135	1
wordpress:124358	wordpress:116740	1
wordpress:124358	wordpress:123799	1
wordpress:124358	wordpress:70232	1
wordpress:124358	wordpress:123137	1
wordpress:124358	wordpress:106527	1
wordpress:124358	wordpress:95416	1
wordpress:124358	wordpress:119206	1
wordpress:124358	wordpress:112911	1
wordpress:124358	wordpress:83643	1
wordpress:124358	wordpress:130162	1
wordpress:124358	wordpress:137771	1
wordpress:124358	wordpress:118921	1
wordpress:124358	wordpress:123284	1
wordpress:124358	wordpress:116330	1
wordpress:124358	wordpress:116412	1
wordpress:124358	wordpress:124285	1
wordpress:124358	wordpress:136603	1
wordpress:124358	wordpress:100440	1
wordpress:124358	wordpress:76515	1
wordpress:124358	wordpress:18938	1
wordpress:124358	wordpress:124280	1
wordpress:124358	wordpress:135718	1
wordpress:124358	wordpress:120081	1
wordpress:124358	wordpress:119183	1
wordpress:124358	wordpress:120665	1
wordpress:124358	wordpress:120905	1
wordpress:124358	wordpress:124680	1
wordpress:124358	wordpress:120627	1
wordpress:124358	wordpress:58668	1
wordpress:124358	wordpress:160520	1
wordpress:124358	wordpress:121429	1
wordpress:124358	wordpress:135294	1
wordpress:124358	wordpress:4696	1
wordpress:124358	wordpress:116352	1
wordpress:124358	wordpress:140316	1
wordpress:124358	wordpress:103004	1
wordpress:124358	wordpress:85231	1
wordpress:124358	wordpress:144355	1
wordpress:124358	wordpress:106961	1
wordpress:124358	wordpress:129422	1
wordpress:124358	wordpress:101634	1
wordpress:124358	wordpress:99745	1
wordpress:124358	wordpress:117526	1
wordpress:124358	wordpress:129762	1
wordpress:124358	wordpress:140114	1
wordpress:124358	wordpress:94468	1
wordpress:124358	wordpress:100734	1
wordpress:124358	wordpress:113410	1
wordpress:124358	wordpress:115478	1
wordpress:124358	wordpress:83030	1
wordpress:124358	wordpress:120512	1
wordpress:124358	wordpress:134174	1
wordpress:124358	wordpress:117390	1
wordpress:124358	wordpress:81683	1
wordpress:124358	wordpress:61941	1
wordpress:64808	wordpress:62537	1
wordpress:36174	wordpress:118965	1
wordpress:77661	wordpress:97330	1
wordpress:77661	wordpress:117396	1
wordpress:77661	wordpress:91461	1
wordpress:158284	wordpress:145917	1
wordpress:16004	wordpress:58218	1
wordpress:64001	wordpress:14037	1
wordpress:64001	wordpress:83971	1
wordpress:49154	wordpress:116581	1
wordpress:12201	wordpress:1516	1
wordpress:12201	wordpress:24653	1
wordpress:12201	wordpress:127166	1
wordpress:160041	wordpress:155206	1
wordpress:120193	wordpress:120260	1
wordpress:144627	wordpress:137688	1
wordpress:23710	wordpress:23701	1
wordpress:32584	wordpress:63613	1
wordpress:56476	wordpress:41820	1
wordpress:56781	wordpress:48491	1
wordpress:56781	wordpress:60529	1
wordpress:56781	wordpress:141291	1
wordpress:56781	wordpress:53983	1
wordpress:56781	wordpress:54220	1
wordpress:56781	wordpress:49489	1
wordpress:36772	wordpress:14305	1
wordpress:83435	wordpress:2895	1
wordpress:83435	wordpress:128758	1
wordpress:83435	wordpress:157001	1
wordpress:83435	wordpress:134432	1
wordpress:83435	wordpress:130907	1
wordpress:83435	wordpress:125518	1
wordpress:83435	wordpress:95689	1
wordpress:83435	wordpress:125020	1
wordpress:83435	wordpress:109155	1
wordpress:125050	wordpress:48992	1
wordpress:138329	wordpress:21446	1
wordpress:14306	wordpress:110660	1
wordpress:14306	wordpress:74722	1
wordpress:99282	wordpress:72247	1
wordpress:99282	wordpress:97898	1
wordpress:125937	wordpress:72084	1
wordpress:21367	wordpress:63979	1
wordpress:78357	wordpress:78296	1
wordpress:199	wordpress:71148	1
wordpress:194	wordpress:82308	1
wordpress:33913	wordpress:34251	1
wordpress:154454	wordpress:74934	1
wordpress:47049	wordpress:97742	1
wordpress:47049	wordpress:47863	1
wordpress:87478	wordpress:141407	1
wordpress:31512	wordpress:97506	1
wordpress:89886	wordpress:147614	1
wordpress:71922	wordpress:71303	1
wordpress:91166	wordpress:141053	1
wordpress:3041	wordpress:84932	1
wordpress:3041	wordpress:49619	1
wordpress:106559	wordpress:52783	1
wordpress:24443	wordpress:156242	1
wordpress:131399	wordpress:135459	1
wordpress:22134	wordpress:155163	1
wordpress:147194	wordpress:99248	1
wordpress:149013	wordpress:155709	1
wordpress:98226	wordpress:66498	1
wordpress:74160	wordpress:44393	1
wordpress:74160	wordpress:54450	1
wordpress:120710	wordpress:101595	1
wordpress:42891	wordpress:75322	1
wordpress:42891	wordpress:123370	1
wordpress:42893	wordpress:69768	1
wordpress:42893	wordpress:83737	1
wordpress:103227	wordpress:108081	1
wordpress:114271	wordpress:114001	1
wordpress:21152	wordpress:57885	1
wordpress:92103	wordpress:117545	1
wordpress:136322	wordpress:136506	1
wordpress:106371	wordpress:56909	1
wordpress:99042	wordpress:116665	1
wordpress:142221	wordpress:5308	1
wordpress:142221	wordpress:131123	1
wordpress:142221	wordpress:120936	1
wordpress:142221	wordpress:57475	1
wordpress:142221	wordpress:100540	1
wordpress:112088	wordpress:141924	1
wordpress:71381	wordpress:39827	1
wordpress:42586	wordpress:145	1
wordpress:121143	wordpress:2802	1
wordpress:126266	wordpress:42456	1
wordpress:61749	wordpress:131662	1
wordpress:61749	wordpress:30615	1
wordpress:61749	wordpress:30502	1
wordpress:60831	wordpress:65120	1
wordpress:60831	wordpress:65925	1
wordpress:120216	wordpress:26254	1
wordpress:103181	wordpress:142083	1
wordpress:100547	wordpress:76802	1
wordpress:84254	wordpress:100521	1
wordpress:65446	wordpress:51776	1
wordpress:65446	wordpress:106639	1
wordpress:65446	wordpress:141681	1
wordpress:65446	wordpress:70548	1
wordpress:65446	wordpress:145167	1
wordpress:27941	wordpress:97525	1
wordpress:27941	wordpress:133711	1
wordpress:27941	wordpress:126640	1
wordpress:27941	wordpress:96634	1
wordpress:27941	wordpress:134600	1
wordpress:27941	wordpress:117629	1
wordpress:100833	wordpress:100839	1
wordpress:32297	wordpress:48126	1
wordpress:147385	wordpress:29436	1
wordpress:113196	wordpress:46581	1
wordpress:4984	wordpress:84439	1
wordpress:4984	wordpress:134269	1
wordpress:135083	wordpress:85657	1
wordpress:135083	wordpress:132343	1
wordpress:134062	wordpress:8400	1
wordpress:134069	wordpress:111557	1
wordpress:134069	wordpress:115102	1
wordpress:134069	wordpress:141877	1
wordpress:51005	wordpress:70858	1
wordpress:56256	wordpress:56238	1
wordpress:117385	wordpress:119845	1
wordpress:105772	wordpress:116845	1
wordpress:63424	wordpress:63675	1
wordpress:106451	wordpress:121560	1
wordpress:106451	wordpress:129120	1
wordpress:31143	wordpress:53524	1
wordpress:61455	wordpress:61378	1
wordpress:24652	wordpress:24679	1
wordpress:24650	wordpress:24639	1
wordpress:134661	wordpress:93891	1
wordpress:71304	wordpress:138471	1
wordpress:81591	wordpress:42669	1
wordpress:5748	wordpress:113879	1
wordpress:152334	wordpress:152217	1
wordpress:62573	wordpress:108707	1
wordpress:94705	wordpress:116726	1
wordpress:104307	wordpress:102094	1
wordpress:24924	wordpress:25066	1
wordpress:30139	wordpress:58523	1
wordpress:78630	wordpress:78496	1
wordpress:4336	wordpress:31437	1
wordpress:41207	wordpress:108168	1
wordpress:140966	wordpress:37893	1
wordpress:123237	wordpress:104487	1
wordpress:116514	wordpress:34291	1
wordpress:119899	wordpress:69436	1
wordpress:119899	wordpress:70913	1
wordpress:119899	wordpress:72150	1
wordpress:9202	wordpress:157503	1
wordpress:131767	wordpress:101238	1
wordpress:20194	wordpress:324	1
wordpress:20196	wordpress:6292	1
wordpress:62054	wordpress:136457	1
wordpress:82051	wordpress:55365	1
wordpress:126186	wordpress:105451	1
wordpress:26595	wordpress:44430	1
wordpress:75565	wordpress:116911	1
wordpress:75565	wordpress:72160	1
wordpress:79903	wordpress:76378	1
wordpress:105641	wordpress:78666	1
wordpress:137409	wordpress:64615	1
wordpress:137409	wordpress:102625	1
wordpress:137409	wordpress:77041	1
wordpress:133985	wordpress:134021	1
wordpress:131589	wordpress:133647	1
wordpress:131589	wordpress:131546	1
wordpress:116288	wordpress:140781	1
wordpress:130675	wordpress:95902	1
wordpress:141132	wordpress:141133	1
wordpress:5331	wordpress:5521	1
wordpress:36149	wordpress:152400	1
wordpress:29822	wordpress:26741	1
wordpress:124300	wordpress:124304	1
wordpress:124300	wordpress:124319	1
wordpress:140141	wordpress:31647	1
wordpress:64050	wordpress:64077	1
wordpress:42120	wordpress:49932	1
wordpress:115021	wordpress:115013	1
wordpress:115020	wordpress:29918	1
wordpress:115020	wordpress:130919	1
wordpress:50092	wordpress:18122	1
wordpress:66180	wordpress:8357	1
wordpress:160568	wordpress:160696	1
wordpress:73385	wordpress:13278	1
wordpress:32004	wordpress:31994	1
wordpress:32004	wordpress:117276	1
wordpress:104722	wordpress:98644	1
wordpress:109985	wordpress:45901	1
wordpress:109985	wordpress:102378	1
wordpress:109985	wordpress:159732	1
wordpress:109985	wordpress:130346	1
wordpress:154470	wordpress:152666	1
wordpress:159089	wordpress:103723	1
wordpress:4751	wordpress:2770	1
wordpress:125066	wordpress:83993	1
wordpress:88062	wordpress:77504	1
wordpress:88062	wordpress:116393	1
wordpress:49339	wordpress:120425	1
wordpress:49339	wordpress:78836	1
wordpress:124573	wordpress:107062	1
wordpress:67790	wordpress:69271	1
wordpress:56652	wordpress:31027	1
wordpress:45437	wordpress:128812	1
wordpress:138977	wordpress:90188	1
wordpress:118742	wordpress:39700	1
wordpress:118742	wordpress:115239	1
wordpress:16414	wordpress:104129	1
wordpress:93830	wordpress:135212	1
wordpress:133665	wordpress:108642	1
wordpress:39665	wordpress:39670	1
wordpress:46398	wordpress:54736	1
wordpress:46398	wordpress:42013	1
wordpress:158469	wordpress:22093	1
wordpress:158469	wordpress:158270	1
wordpress:112773	wordpress:96681	1
wordpress:160595	wordpress:160649	1
wordpress:113901	wordpress:10839	1
wordpress:76072	wordpress:125885	1
wordpress:76072	wordpress:76294	1
wordpress:76072	wordpress:147266	1
wordpress:71000	wordpress:63833	1
wordpress:71000	wordpress:123789	1
wordpress:71005	wordpress:26557	1
wordpress:71005	wordpress:24426	1
wordpress:71005	wordpress:87938	1
wordpress:71005	wordpress:22085	1
wordpress:71005	wordpress:67885	1
wordpress:133545	wordpress:30491	1
wordpress:60383	wordpress:60371	1
wordpress:133674	wordpress:133683	1
wordpress:78325	wordpress:45996	1
wordpress:129512	wordpress:124789	1
wordpress:70519	wordpress:70620	1
wordpress:121406	wordpress:124735	1
wordpress:40994	wordpress:40926	1
wordpress:21341	wordpress:50761	1
wordpress:5422	wordpress:119	1
wordpress:5422	wordpress:116212	1
wordpress:5422	wordpress:34143	1
wordpress:5422	wordpress:965	1
wordpress:127277	wordpress:108143	1
wordpress:69772	wordpress:141950	1
wordpress:69772	wordpress:116604	1
wordpress:52489	wordpress:125208	1
wordpress:52489	wordpress:59391	1
wordpress:48145	wordpress:2040	1
wordpress:124420	wordpress:57166	1
wordpress:124420	wordpress:19649	1
wordpress:36493	wordpress:90727	1
wordpress:67480	wordpress:69541	1
wordpress:40173	wordpress:41738	1
wordpress:87746	wordpress:1753	1
wordpress:87746	wordpress:143415	1
wordpress:19607	wordpress:1059	1
wordpress:100726	wordpress:103345	1
wordpress:46469	wordpress:130167	1
wordpress:1395	wordpress:30630	1
wordpress:116917	wordpress:20602	1
wordpress:56206	wordpress:56207	1
wordpress:117353	wordpress:29867	1
wordpress:117353	wordpress:125847	1
wordpress:63418	wordpress:4028	1
wordpress:63418	wordpress:62998	1
wordpress:94615	wordpress:65041	1
wordpress:115676	wordpress:3578	1
wordpress:132260	wordpress:131967	1
wordpress:50044	wordpress:46108	1
wordpress:94682	wordpress:94644	1
wordpress:134839	wordpress:134871	1
wordpress:70979	wordpress:70879	1
wordpress:123182	wordpress:31154	1
wordpress:120377	wordpress:52144	1
wordpress:121132	wordpress:52419	1
wordpress:143727	wordpress:81577	1
wordpress:50530	wordpress:51550	1
wordpress:20923	wordpress:16535	1
wordpress:20923	wordpress:39377	1
wordpress:20923	wordpress:125548	1
wordpress:113631	wordpress:106173	1
wordpress:76334	wordpress:76341	1
wordpress:127653	wordpress:67618	1
wordpress:52400	wordpress:134615	1
wordpress:9231	wordpress:159119	1
wordpress:9231	wordpress:137917	1
wordpress:9231	wordpress:147709	1
wordpress:80266	wordpress:81953	1
wordpress:21952	wordpress:22028	1
wordpress:3725	wordpress:23002	1
wordpress:3727	wordpress:39770	1
wordpress:2100	wordpress:144776	1
wordpress:126871	wordpress:76359	1
wordpress:126871	wordpress:103810	1
wordpress:15764	wordpress:88350	1
wordpress:133953	wordpress:77224	1
wordpress:83650	wordpress:126047	1
wordpress:147867	wordpress:12089	1
wordpress:158194	wordpress:98965	1
wordpress:43643	wordpress:16046	1
wordpress:58391	wordpress:116322	1
wordpress:58391	wordpress:135376	1
wordpress:114909	wordpress:116655	1
wordpress:143303	wordpress:158251	1
wordpress:143301	wordpress:63356	1
wordpress:1507	wordpress:159260	1
wordpress:1507	wordpress:160911	1
wordpress:140139	wordpress:55740	1
wordpress:141149	wordpress:145838	1
wordpress:69388	wordpress:120602	1
wordpress:69386	wordpress:47062	1
wordpress:69386	wordpress:83448	1
wordpress:69386	wordpress:89692	1
wordpress:69386	wordpress:90654	1
wordpress:69386	wordpress:45378	1
wordpress:69386	wordpress:75554	1
wordpress:120247	wordpress:48406	1
wordpress:120247	wordpress:119166	1
wordpress:97895	wordpress:97875	1
wordpress:119271	wordpress:88167	1
wordpress:2680	wordpress:42412	1
wordpress:2680	wordpress:96918	1
wordpress:116260	wordpress:64285	1
wordpress:116260	wordpress:139755	1
wordpress:145692	wordpress:145556	1
wordpress:175	wordpress:74030	1
wordpress:137986	wordpress:138664	1
wordpress:38361	wordpress:98820	1
wordpress:90241	wordpress:130662	1
wordpress:16727	wordpress:16788	1
wordpress:63041	wordpress:3200	1
wordpress:21634	wordpress:25105	1
wordpress:50478	wordpress:45529	1
wordpress:50478	wordpress:50381	1
wordpress:50478	wordpress:49040	1
wordpress:25385	wordpress:8998	1
wordpress:100230	wordpress:100942	1
wordpress:36118	wordpress:76815	1
wordpress:8050	wordpress:1121	1
wordpress:158113	wordpress:158013	1
wordpress:19031	wordpress:19019	1
wordpress:11798	wordpress:40742	1
wordpress:152253	wordpress:145215	1
wordpress:58481	wordpress:22992	1
wordpress:117546	wordpress:107843	1
wordpress:58903	wordpress:15546	1
wordpress:58903	wordpress:26402	1
wordpress:27840	wordpress:62768	1
wordpress:4789	wordpress:159239	1
wordpress:859	wordpress:56644	1
wordpress:5220	wordpress:64148	1
wordpress:17947	wordpress:135101	1
wordpress:129620	wordpress:112184	1
wordpress:123135	wordpress:73082	1
wordpress:74853	wordpress:62539	1
wordpress:92551	wordpress:60245	1
wordpress:73782	wordpress:73132	1
wordpress:73782	wordpress:64907	1
wordpress:113235	wordpress:89028	1
wordpress:14169	wordpress:64660	1
wordpress:15699	wordpress:65	1
wordpress:19446	wordpress:13942	1
wordpress:124555	wordpress:160537	1
wordpress:125200	wordpress:144147	1
wordpress:114350	wordpress:100023	1
wordpress:114350	wordpress:132248	1
wordpress:114350	wordpress:152663	1
wordpress:96563	wordpress:97200	1
wordpress:76216	wordpress:45	1
wordpress:17715	wordpress:10036	1
wordpress:67065	wordpress:139841	1
wordpress:147797	wordpress:126287	1
wordpress:458	wordpress:15	1
wordpress:35416	wordpress:36600	1
wordpress:25461	wordpress:136597	1
wordpress:47346	wordpress:47093	1
wordpress:158432	wordpress:96587	1
wordpress:41934	wordpress:77248	1
wordpress:113211	wordpress:113175	1
wordpress:66606	wordpress:63643	1
wordpress:114673	wordpress:155315	1
wordpress:60132	wordpress:17117	1
wordpress:52002	wordpress:56488	1
wordpress:25118	wordpress:25188	1
wordpress:98913	wordpress:125302	1
wordpress:4259	wordpress:101678	1
wordpress:128979	wordpress:100813	1
wordpress:77597	wordpress:119227	1
wordpress:116953	wordpress:113808	1
wordpress:75665	wordpress:127957	1
wordpress:33198	wordpress:33362	1
wordpress:33193	wordpress:40586	1
wordpress:36017	wordpress:120388	1
wordpress:154579	wordpress:154595	1
wordpress:35139	wordpress:37918	1
wordpress:35139	wordpress:99572	1
wordpress:114734	wordpress:120787	1
wordpress:25099	wordpress:43892	1
wordpress:139850	wordpress:59762	1
wordpress:139850	wordpress:106248	1
wordpress:101619	wordpress:100484	1
wordpress:124626	wordpress:112706	1
wordpress:141017	wordpress:141029	1
wordpress:44110	wordpress:44123	1
wordpress:70203	wordpress:69416	1
wordpress:41634	wordpress:41712	1
wordpress:119560	wordpress:23850	1
wordpress:43004	wordpress:42985	1
wordpress:43004	wordpress:30944	1
wordpress:99386	wordpress:15244	1
wordpress:131758	wordpress:65546	1
wordpress:152453	wordpress:78547	1
wordpress:39446	wordpress:65989	1
wordpress:159238	wordpress:55585	1
wordpress:159238	wordpress:117631	1
wordpress:11822	wordpress:142740	1
wordpress:139638	wordpress:145307	1
wordpress:126942	wordpress:127195	1
wordpress:12531	wordpress:152996	1
wordpress:12531	wordpress:39905	1
wordpress:124848	wordpress:74924	1
wordpress:98995	wordpress:135263	1
wordpress:68040	wordpress:37772	1
wordpress:136756	wordpress:147910	1
wordpress:78792	wordpress:149011	1
wordpress:111254	wordpress:6424	1
wordpress:111254	wordpress:157892	1
wordpress:73367	wordpress:75204	1
wordpress:56779	wordpress:57927	1
wordpress:56775	wordpress:56917	1
wordpress:132179	wordpress:102873	1
wordpress:132179	wordpress:116484	1
wordpress:132179	wordpress:116473	1
wordpress:69460	wordpress:61775	1
wordpress:23089	wordpress:122786	1
wordpress:87514	wordpress:94347	1
wordpress:85416	wordpress:94008	1
wordpress:83102	wordpress:104009	1
wordpress:124344	wordpress:109637	1
wordpress:124341	wordpress:124335	1
wordpress:110768	wordpress:77337	1
wordpress:110768	wordpress:53511	1
wordpress:110768	wordpress:102002	1
wordpress:110768	wordpress:126338	1
wordpress:110768	wordpress:124755	1
wordpress:141117	wordpress:140430	1
wordpress:141110	wordpress:21693	1
wordpress:130926	wordpress:81590	1
wordpress:129425	wordpress:129414	1
wordpress:129425	wordpress:129448	1
wordpress:154873	wordpress:66660	1
wordpress:63917	wordpress:134994	1
wordpress:145589	wordpress:145415	1
wordpress:138076	wordpress:10309	1
wordpress:138076	wordpress:137623	1
wordpress:14677	wordpress:57506	1
wordpress:27832	wordpress:62546	1
wordpress:27832	wordpress:66795	1
wordpress:131405	wordpress:131385	1
wordpress:77012	wordpress:123255	1
wordpress:134128	wordpress:64549	1
wordpress:134128	wordpress:124612	1
wordpress:6247	wordpress:57134	1
wordpress:66944	wordpress:64170	1
wordpress:66943	wordpress:44845	1
wordpress:66943	wordpress:66742	1
wordpress:66943	wordpress:135881	1
wordpress:66943	wordpress:78877	1
wordpress:66943	wordpress:113884	1
wordpress:66943	wordpress:60037	1
wordpress:66943	wordpress:126236	1
wordpress:110766	wordpress:13353	1
wordpress:98899	wordpress:98197	1
wordpress:80454	wordpress:81695	1
wordpress:87779	wordpress:42311	1
wordpress:139269	wordpress:154912	1
wordpress:149850	wordpress:150114	1
wordpress:15376	wordpress:105700	1
wordpress:88093	wordpress:116873	1
wordpress:59753	wordpress:152020	1
wordpress:121464	wordpress:13236	1
wordpress:12889	wordpress:6542	1
wordpress:56343	wordpress:119734	1
wordpress:56966	wordpress:115953	1
wordpress:129497	wordpress:129634	1
wordpress:55550	wordpress:104801	1
wordpress:77424	wordpress:77390	1
wordpress:87264	wordpress:138285	1
wordpress:42882	wordpress:58092	1
wordpress:52330	wordpress:52350	1
wordpress:121058	wordpress:83	1
wordpress:10582	wordpress:104143	1
wordpress:90199	wordpress:128219	1
wordpress:44516	wordpress:43198	1
wordpress:3396	wordpress:63437	1
wordpress:132282	wordpress:96324	1
wordpress:132282	wordpress:128241	1
wordpress:142792	wordpress:83797	1
wordpress:76943	wordpress:77562	1
wordpress:96762	wordpress:128911	1
wordpress:121219	wordpress:3326	1
wordpress:138627	wordpress:95758	1
wordpress:96361	wordpress:103232	1
wordpress:119988	wordpress:109986	1
wordpress:49020	wordpress:84041	1
wordpress:125980	wordpress:50219	1
wordpress:59590	wordpress:59599	1
wordpress:130519	wordpress:116851	1
wordpress:29338	wordpress:67328	1
wordpress:51281	wordpress:32380	1
wordpress:63840	wordpress:63640	1
wordpress:78062	wordpress:76512	1
wordpress:78062	wordpress:76714	1
wordpress:156820	wordpress:157315	1
wordpress:127252	wordpress:137974	1
wordpress:116609	wordpress:120497	1
wordpress:53403	wordpress:16731	1
wordpress:143540	wordpress:70214	1
wordpress:128768	wordpress:126253	1
wordpress:128768	wordpress:134817	1
wordpress:110349	wordpress:110981	1
wordpress:63098	wordpress:101734	1
wordpress:40805	wordpress:139823	1
wordpress:104373	wordpress:61667	1
wordpress:79894	wordpress:19500	1
wordpress:2623	wordpress:22621	1
wordpress:99138	wordpress:99884	1
wordpress:134249	wordpress:134213	1
wordpress:99338	wordpress:76267	1
wordpress:53486	wordpress:101325	1
wordpress:79914	wordpress:144792	1
wordpress:116880	wordpress:97427	1
wordpress:76125	wordpress:98640	1
wordpress:76125	wordpress:98685	1
wordpress:115783	wordpress:37202	1
wordpress:125356	wordpress:147591	1
wordpress:13636	wordpress:13173	1
wordpress:72116	wordpress:94975	1
wordpress:125634	wordpress:125605	1
wordpress:112043	wordpress:104532	1
wordpress:12360	wordpress:7134	1
wordpress:149263	wordpress:140495	1
wordpress:112685	wordpress:56271	1
wordpress:67780	wordpress:56380	1
wordpress:100939	wordpress:125959	1
wordpress:101042	wordpress:101263	1
wordpress:137307	wordpress:137357	1
wordpress:222	wordpress:12228	1
wordpress:150122	wordpress:141125	1
wordpress:150122	wordpress:155356	1
wordpress:26110	wordpress:34852	1
wordpress:63292	wordpress:7130	1
wordpress:157779	wordpress:157778	1
wordpress:157779	wordpress:157774	1
wordpress:157779	wordpress:157667	1
wordpress:84986	wordpress:556	1
wordpress:84986	wordpress:62094	1
wordpress:74517	wordpress:14834	1
wordpress:10310	wordpress:53503	1
wordpress:62820	wordpress:62678	1
wordpress:59891	wordpress:59793	1
wordpress:57944	wordpress:48	1
wordpress:77227	wordpress:116622	1
wordpress:78881	wordpress:94167	1
wordpress:109333	wordpress:23021	1
wordpress:127487	wordpress:73719	1
wordpress:158089	wordpress:97056	1
wordpress:102451	wordpress:115665	1
wordpress:102451	wordpress:160570	1
wordpress:157865	wordpress:7557	1
wordpress:107249	wordpress:78426	1
wordpress:477	wordpress:119324	1
wordpress:101834	wordpress:81939	1
wordpress:33072	wordpress:125304	1
wordpress:55227	wordpress:58731	1
wordpress:96945	wordpress:96961	1
wordpress:131958	wordpress:130774	1
wordpress:117349	wordpress:56	1
wordpress:98939	wordpress:98937	1
wordpress:109646	wordpress:14410	1
wordpress:6163	wordpress:60049	1
wordpress:4514	wordpress:7308	1
wordpress:147885	wordpress:62810	1
wordpress:82718	wordpress:129002	1
wordpress:5742	wordpress:17510	1
wordpress:128969	wordpress:53216	1
wordpress:6645	wordpress:73685	1
wordpress:140444	wordpress:7620	1
wordpress:158874	wordpress:75079	1
wordpress:53866	wordpress:114886	1
wordpress:121686	wordpress:1862	1
wordpress:134026	wordpress:129730	1
wordpress:84314	wordpress:54583	1
wordpress:84314	wordpress:124006	1
wordpress:84314	wordpress:62600	1
wordpress:89409	wordpress:5777	1
wordpress:11722	wordpress:50007	1
wordpress:114914	wordpress:115896	1
wordpress:128535	wordpress:50034	1
wordpress:57446	wordpress:57493	1
wordpress:15251	wordpress:24041	1
wordpress:75723	wordpress:115060	1
wordpress:104061	wordpress:104072	1
wordpress:106	wordpress:43560	1
wordpress:106	wordpress:147866	1
wordpress:73031	wordpress:133438	1
wordpress:24173	wordpress:107992	1
wordpress:13	wordpress:59739	1
wordpress:112010	wordpress:69848	1
wordpress:43657	wordpress:134273	1
wordpress:46547	wordpress:55069	1
wordpress:78368	wordpress:78494	1
wordpress:131190	wordpress:80256	1
wordpress:129865	wordpress:53344	1
wordpress:129865	wordpress:93912	1
wordpress:22943	wordpress:51529	1
wordpress:76720	wordpress:77550	1
wordpress:135581	wordpress:51965	1
wordpress:118731	wordpress:126093	1
wordpress:51444	wordpress:39938	1
wordpress:105940	wordpress:130013	1
wordpress:11920	wordpress:87243	1
wordpress:55522	wordpress:156939	1
wordpress:120339	wordpress:145892	1
wordpress:130158	wordpress:108891	1
wordpress:37828	wordpress:95610	1
wordpress:64389	wordpress:18665	1
wordpress:50649	wordpress:125177	1
wordpress:109793	wordpress:134894	1
wordpress:63277	wordpress:113974	1
wordpress:88549	wordpress:88572	1
wordpress:31531	wordpress:62174	1
wordpress:59767	wordpress:104995	1
wordpress:25344	wordpress:16292	1
wordpress:82343	wordpress:120056	1
wordpress:78544	wordpress:19838	1
wordpress:78544	wordpress:78278	1
wordpress:3068	wordpress:26864	1
wordpress:14773	wordpress:22744	1
wordpress:138051	wordpress:54327	1
wordpress:114581	wordpress:90835	1
wordpress:6106	wordpress:6104	1
wordpress:9308	wordpress:132330	1
wordpress:21742	wordpress:133966	1
wordpress:57512	wordpress:121422	1
wordpress:135315	wordpress:41537	1
wordpress:96199	wordpress:20779	1
wordpress:50033	wordpress:50701	1
wordpress:37256	wordpress:109138	1
wordpress:128323	wordpress:31207	1
wordpress:62036	wordpress:62030	1
wordpress:4307	wordpress:7359	1
wordpress:11085	wordpress:154697	1
wordpress:120675	wordpress:120299	1
wordpress:15840	wordpress:16947	1
wordpress:131890	wordpress:67527	1
wordpress:40353	wordpress:19831	1
wordpress:62999	wordpress:156013	1
wordpress:95576	wordpress:115726	1
wordpress:90939	wordpress:105803	1
